Workbook
Name S_AK: Sheet2!$A$2:$A$31
Name S_AL: Sheet2!$A$32:$A$98
Name S_AR: Sheet2!$A$99:$A$173
Name S_AZ: Sheet2!$A$174:$A$188
Name S_CA: Sheet2!$A$189:$A$246
Name S_CO: Sheet2!$A$247:$A$310
Name S_CT: Sheet2!$A$311:$A$319
Name S_DC: Sheet2!$A$320:$A$320
Name S_DE: Sheet2!$A$321:$A$323
Name S_FL: Sheet2!$A$324:$A$390
Name S_GA: Sheet2!$A$391:$A$549
Name S_HI: Sheet2!$A$550:$A$554
Name S_IA: Sheet2!$A$555:$A$653
Name S_ID: Sheet2!$A$654:$A$697
Name S_IL: Sheet2!$A$698:$A$799
Name S_IN: Sheet2!$A$800:$A$891
Name S_KS: Sheet2!$A$892:$A$996
Name S_KY: Sheet2!$A$997:$A$1116
Name S_LA: Sheet2!$A$1117:$A$1180
Name S_MA: Sheet2!$A$1181:$A$1194
Name S_MD: Sheet2!$A$1195:$A$1218
Name S_ME: Sheet2!$A$1219:$A$1234
Name S_MI: Sheet2!$A$1235:$A$1317
Name S_MN: Sheet2!$A$1318:$A$1404
Name S_MO: Sheet2!$A$1405:$A$1519
Name S_MS: Sheet2!$A$1520:$A$1601
Name S_MT: Sheet2!$A$1602:$A$1657
Name S_NC: Sheet2!$A$1658:$A$1757
Name S_ND: Sheet2!$A$1758:$A$1810
Name S_NE: Sheet2!$A$1811:$A$1903
Name S_NH: Sheet2!$A$1904:$A$1913
Name S_NJ: Sheet2!$A$1914:$A$1934
Name S_NM: Sheet2!$A$1935:$A$1967
Name S_NV: Sheet2!$A$1968:$A$1984
Name S_NY: Sheet2!$A$1985:$A$2046
Name S_OH: Sheet2!$A$2047:$A$2134
Name S_OK: Sheet2!$A$2135:$A$2211
Name S_OR: Sheet2!$A$2212:$A$2247
Name S_PA: Sheet2!$A$2248:$A$2314
Name S_RI: Sheet2!$A$2315:$A$2319
Name S_SC: Sheet2!$A$2320:$A$2365
Name S_SD: Sheet2!$A$2366:$A$2431
Name S_TN: Sheet2!$A$2432:$A$2526
Name S_TX: Sheet2!$A$2527:$A$2780
Name S_UT: Sheet2!$A$2781:$A$2809
Name S_VA: Sheet2!$A$2810:$A$2942
Name S_VT: Sheet2!$A$2943:$A$2956
Name S_WA: Sheet2!$A$2957:$A$2995
Name S_WI: Sheet2!$A$2996:$A$3067
Name S_WV: Sheet2!$A$3068:$A$3122
Name S_WY: Sheet2!$A$3123:$A$3145

Sheet Member Report
A1: First Name | B1: Last Name | C1: State | D1: Contact Member # | E1: Email | F1: Contact Membership Type | G1: Gen 1: Birth Date | H1: City, County, State | I1: State | J1: County | K1: Coordinates | L1: State | M1: County | N1: Coordinates | O1: Coordinate | P1: Race | Q1: Ethnicity | R1: Military Service | S1: Branch | T1: War | U1: Gen 1: Death Date | V1: City, County, State | W1: State | X1: County | Y1: Coordinates | Z1: State | AB1: Coordinates | AD1: Coordinate | AE1: Documentation | AF1: Gen 1: Marriage Date | AG1: City, County, State | AH1: State | AI1: County | AJ1: Coordinates | AK1: Coordinate | AL1: Gen 1: Spouse First Name | AM1: Gen 1: Spouse Surname/Maiden Name | AN1: Spouse Gen 1: Birth Date | AO1: City, County, State | AP1: State | AQ1: County | AR1: Coordinates | AS1: Race | AT1: Ethnicity | AU1: Coordinate | AV1: Spouse Gen 1: Death Date | AW1: City, County, State | AX1: State | AY1: County | AZ1: Coordinates | BA1: Coordinate | BB1: Race | BC1: Ethnicity | BD1: Gen 2: Father's: First Name | BE1: Gen 2: Father's Surname | BF1: Gen 2: Father's Birth Date | BG1: City, County, State | BH1: State | BI1: County | BJ1: Coordinates | BK1: Coordinate | BL1: Race | BM1: Ethnicity | BO1: Military Service | BP1: Branch | BQ1: War | BR1: Gen 2: Father's Death Date | BS1: City, County, State | BT1: State | BU1: County | BV1: Coordinates | BW1: Coordinate | BX1: Gen 2: Father, Mother's Marriage Date | BY1: City, County, State | BZ1: State | CA1: County | CB1: Coordinates | CC1: Coordinate | CD1: Gen 2: Mother's First Name | CE1: Gen 2: Mother's Surname/Maiden Name | CF1: Gen 2: Mother's Birth Date | CG1: City, County, State | CH1: State | CI1: County | CJ1: Coordinates | CK1: Coordinate | CL1: Gen 2: Mother's Death Date | CM1: City, County, State | CN1: State | CO1: County | CP1: Coordinates | CQ1: Coordinate | CR1: Race | CS1: Documentation | CT1: Gen 3 Father: First Name | CU1: Gen 3: Father Surname | CV1: Gen 3: Father's Birth Date | CW1: City, County, State | CX1: State | CY1: County | CZ1: Coordinates | DA1: Coordinate | DB1: Race | DC1: Ethnicity | DD1: Military Service | DE1: Branch | DF1: War | DG1: Gen 3: Father's Death Date | DH1: City, County, State | DI1: State | DJ1: County | DK1: Coordinates | DL1: Coordinate | DM1: Gen 3: Father, Mother's Marriage Date | DN1: City, County, State | DO1: State | DP1: County | DQ1: Coordinates | DR1: Coordinate | DS1: Race | DT1: Ethnicity | DU1: Military Service | DV1: Branch | DW1: War | DX1: Gen 3: Mother's First Name | DY1: Gen 3: Mother's Surname/Maiden Name | DZ1: Alias Name | EA1: Gen 3: Mother's Birth Date | EB1: City, County, State | EC1: State | ED1: County | EE1: Coordinates | EF1: Gen 3: Mother's Death Date | EG1: City, County, State | EH1: State | EI1: County | EJ1: Coordinates | EK1: Coordinate | EL1: Race | EM1: Ethnicity | EN1: Documentation | EO1: Gen 4 Father: First Name | EP1: Gen 4: Father Surname | EQ1: Gen 4: Father's Birth Date | ER1: City, County, State | ES1: State | ET1: County | EU1: Coordinates | EV1: Coordinate | EW1: Race | EX1: Ethnicity | EY1: Military Service | EZ1: Branch | FA1: War | FB1: Gen 4: Father's Death Date | FC1: City, County, State | FD1: State | FE1: County | FF1: Coordinates | FG1: Coordinate | FH1: Gen 4: Father, Mother's Marriage Date | FI1: City, County, State | FJ1: State | FK1: County | FL1: Coordinates | FM1: Coordinate | FN1: Gen 4: Mother's First Name | FO1: Gen 4: Mother's Surname/Maiden Name | FP1: Gen 4: Mother's Birth Date | FQ1: City, County, State | FR1: State | FS1: County | FT1: Coordinates | FU1: Coordinate | FV1: Gen 4: Mother's Death Date | FW1: City, County, State | FX1: State | FY1: County | FZ1: Coordinates | GA1: Coordinate | GB1: Race | GC1: Ethnicity | GD1: Documentation | GE1: Gen 5 Father: First Name | GF1: Gen 5: Father Surname | GG1: Gen 5: Father's Birth Date | GH1: City, County, State | GI1: State | GJ1: County | GK1: Coordinates | GL1: Coordinate | GM1: Race | GN1: Ethnicity | GO1: Military Service | GP1: Branch | GQ1: War | GR1: Gen 5: Father's Death Date | GS1: City, County, State | GT1: State | GU1: County | GV1: Coordinates | GW1: Coordinate | GX1: Gen 5: Father, Mother's Marriage Date | GY1: City, County, State | GZ1: State | HA1: County | HB1: Coordinates | HC1: Coordinate | HD1: Gen 5: Mother's First Name | HE1: Gen 5: Mother's Surname/Maiden Name | HF1: Alias Name | HG1: Gen 5: Mother's Birth Date | HH1: City, County, State | HI1: State | HJ1: County | HK1: Coordinates | HL1: Coordinate | HM1: Gen 5: Mother's Death Date | HN1: City, County, State | HO1: State | HP1: County | HQ1: Coordinates | HR1: Coordinate | HS1: Race | HT1: Ethnicity | HU1: Documentation | HV1: Gen 6 Father: First Name | HW1: Gen 6: Father Surname | HX1: Alias Name | HY1: Gen 6: Father's Birth Date | HZ1: City, County, State | IA1: State | IB1: County | IC1: Coordinates | ID1: Coordinate | IE1: Race | IF1: Ethnicity | IG1: Gen 6: Father's Death Date | IH1: City, County, State | II1: State | IJ1: County | IK1: Coordinates | IL1: Coordinate | IM1: Gen 6: Father, Mother's Marriage Date | IN1: City, County, State | IO1: State | IP1: County | IQ1: Coordinates | IR1: Coordinate | IS1: Gen 6: Mother's First Name | IT1: Gen 6: Mother's Surname/Maiden Name | IU1: Alias Name | IV1: Gen 6: Mother's Birth Date | IW1: City, County, State | IX1: State | IY1: County | IZ1: Coordinates | JA1: Coordinate | JB1: Gen 6: Mother's Death Date | JC1: City, County, State | JD1: State | JE1: County | JF1: Coordinates | JG1: Coordinate | JH1: Race | JI1: Ethnicty | JJ1: Documentation | JK1: Gen 7 Father: First Name | JL1: Gen 7: Father Surname | JM1: Alias Name | JN1: Gen 7: Father's Birth Date | JO1: City, County, State | JP1: State | JQ1: County | JR1: Coordinates | JS1: Coordinate | JT1: Race | JU1: Ethnicity | JV1: Gen 7: Father's Death Date | JW1: City, County, State | JX1: State | JY1: County | JZ1: Coordinates | KA1: Coordinate | KB1: Race | KC1: Ethnicity | KD1: Gen 7: Father, Mother's Marriage Date | KE1: City, County, State | KF1: State | KG1: County | KH1: Coordinates | KI1: Coordinate | KJ1: Gen 7: Mother's First Name | KK1: Gen 7: Mother's Surname/Maiden Name | KL1: Alias Name | KM1: Gen 7: Mother's Birth Date | KN1: City, County, State | KO1: State | KP1: County | KQ1: Coordinates | KR1: Coordinate | KS1: Gen 7: Mother's Death Date | KT1: City, County, State | KU1: State | KV1: County | KW1: Coordinates | KX1: Coordinate | KY1: Documentation | KZ1: Gen 8 Father: First Name | LA1: Gen 8: Father Surname | LB1: Alias Name | LC1: Gen 8: Father's Birth Date | LD1: City, County, State | LE1: State | LF1: County | LG1: Coordinates | LH1: Coordinate | LI1: Race | LJ1: Ethnicity | LK1: Military Service | LL1: Branch | LM1: War | LN1: Gen 8: Father's Death Date | LO1: City, County, State | LP1: State | LQ1: County | LR1: Coordinates | LS1: Coordinate | LT1: Gen 8: Father, Mother's Marriage Date | LU1: City, County, State | LV1: State | LW1: County | LX1: Coordinates | LY1: Coordinate | LZ1: Gen 8: Mother's First Name | MA1: Gen 8: Mother's Surname/Maiden Name | MB1: Alias Name | MC1: Gen 8: Mother's Birth Date | MD1: City, County, State | ME1: State | MF1: County | MG1: Coordinates | MH1: Coordinate | MI1: Gen 8: Mother's Death Date | MJ1: City, County, State | MK1: State | ML1: County | MM1: Coordinates | MN1: Coordinate | MO1: Documentation | MP1: Gen 9 Father: First Name | MQ1: Gen 9: Father Surname | MR1: Alias Name | MS1: Gen 9: Father's Birth Date | MT1: City, County, State | MU1: State | MV1: County | MW1: Coordinates | MX1: Coordinate | MY1: Race | MZ1: Ethnicity | NA1: Military Service | NB1: Branch | NC1: War | ND1: Gen 9: Father's Death Date | NE1: City, County, State | NF1: State | NG1: County | NH1: Coordinates | NI1: Coordinate | NJ1: Gen 9: Father, Mother's Marriage Date | NK1: City, County, State | NL1: State | NM1: County | NN1: Coordinates | NO1: Coordinate | NP1: Gen 9: Mother's First Name | NQ1: Gen 9: Mother's Surname/Maiden Name | NR1: Alias Name | NS1: Gen 9: Mother's Birth Date | NT1: City, County, State | NU1: State | NV1: County | NW1: Coordinates | NX1: Coordinate | NY1: Gen 9: Mother's Death Date | NZ1: City, County, State | OA1: State | OB1: County | OC1: Coordinates | OD1: Coordinate | OE1: Documentation | OF1: Gen 10 Father: First Name | OG1: Gen 10: Father Surname | OH1: Alias Name | OI1: Gen 10: Father's Birth Date | OJ1: City, County, State | OK1: State | OL1: County | OM1: Coordinates | ON1: Coordinate | OO1: Race | OP1: Ethnicity | OQ1: Military Service | OR1: Branch | OS1: War | OT1: Gen 10: Father's Death Date | OU1: City, County, State | OV1: State | OW1: County | OX1: Coordinates | OY1: Coordinate | OZ1: Gen 10: Father, Mother's Marriage Date | PA1: City, County, State | PB1: State | PC1: County | PD1: Coordinates | PE1: Coordinate | PF1: Gen 10: Mother's First Name | PG1: Gen 10: Mother's Surname/Maiden Name | PH1: Alias Name | PI1: Gen 10: Mother's Birth Date | PJ1: City, County, State | PK1: State | PL1: County | PM1: Coordinates | PN1: Coordinate | PO1: Gen 10: Mother's Death Date | PP1: City, County, State | PQ1: State | PR1: County | PS1: Coordinates | PT1: Coordinate | PU1: Documentation
A2: Ric | B2: Murphy | C2: VA | D2: 100001 | E2: ricmurphy1@aol.com | F2: Founding Member | G2: 22479 | H2: Boston, Suffolk, MA | K2: =IFERROR(VLOOKUP(I2&"-"&J2, Sheet2!$E:$F, 2, FALSE), "") | L2: AR | M2: Norfolk | N2: =IFERROR(VLOOKUP(L2&"-"&M2, Sheet2!$E:$F, 2, FALSE), "") | O2: 42_21_37_N_71_3_28_W | P2: Black | Q2: Afrrican American | R2: No | T2: - | Y2: =IFERROR(VLOOKUP(W2&"-"&X2, Sheet2!$E:$F, 2, FALSE), "") | Z2: MA | AA2: Norfolk | AB2: =IFERROR(VLOOKUP(Z2&"-"&X2, Sheet2!$E:$F, 2, FALSE), "") | AJ2: =IFERROR(VLOOKUP(AH2&"-"&AI2, Sheet2!$E:$F, 2, FALSE), "") | AR2: =IFERROR(VLOOKUP(AP2&"-"&AQ2, Sheet2!$E:$F, 2, FALSE), "") | AZ2: =IFERROR(VLOOKUP(AX2&"-"&AY2, Sheet2!$E:$F, 2, FALSE), "") | BB2: Record Copy NSSAR #165111, Add ACN 51405 and Record Copy NSDAR # 672791, Add. Vol. 1043 | BC2: Robert | BD2: Murphy | BE2: 9951 | BF2: Boston, Suffolk, MA | BG2: 42_21_37_N_71_3_28_W | BJ2: =IFERROR(VLOOKUP(BH2&"-"&BI2, Sheet2!$E:$F, 2, FALSE), "") | BN2: No | BP2: - | BQ2: 3, 3, 1966 | BR2: Milton, Norfolk, MA | BS2: 42°15′00″N 71°04′00″W | BV2: =IFERROR(VLOOKUP(BT2&"-"&BU2, Sheet2!$E:$F, 2, FALSE), "") | BW2: 18635 | BX2: Brockton, Plymouth, MA | BY2: 42°05′00″N 71°01′08″W | CB2: =IFERROR(VLOOKUP(BZ2&"-"&CA2, Sheet2!$E:$F, 2, FALSE), "") | CC2: Joan | CD2: Cornwall | CE2: 3, 3, 1929 | CF2: Brockton, Plymouth, MA | CG2: 42°05′00″N 71°01′08″W | CJ2: =IFERROR(VLOOKUP(CH2&"-"&CI2, Sheet2!$E:$F, 2, FALSE), "") | CP2: =IFERROR(VLOOKUP(CN2&"-"&CO2, Sheet2!$E:$F, 2, FALSE), "") | CR2: Record Copy NSSAR #165111, Add ACN 51405 and Record Copy NSDAR # 672791, Add. Vol. 1043 | CS2: Harold | CT2: Cornwall | CU2: 1, 1, 1901 | CV2: Brockton, Plymouth, MA | CZ2: =IFERROR(VLOOKUP(CX2&"-"&CY2, Sheet2!$E:$F, 2, FALSE), "") | DC2: No | DE2: - | DF2: 11, 8, 1991 | DG2: Brockton, Plymouth, MA | DH2: 42°05′00″N 71°01′08″W | DK2: =IFERROR(VLOOKUP(DI2&"-"&DJ2, Sheet2!$E:$F, 2, FALSE), "") | DL2: 7, 11, 1924 | DM2: Brockton, Plymouth, MA | DN2: 42°05′00″N 71°01′08″W | DQ2: =IFERROR(VLOOKUP(DO2&"-"&DP2, Sheet2!$E:$F, 2, FALSE), "") | DT2: No | DV2: - | DW2: Marie | DX2: Howell | DZ2: 2577 | EA2: Brockton, Plymouth, MA | EB2: 3, 1, 2022 | EE2: =IFERROR(VLOOKUP(EC2&"-"&ED2, Sheet2!$E:$F, 2, FALSE), "") | EF2: Brockton, Plymouth, MA | EG2: 42°05′00″N 71°01′08″W | EJ2: =IFERROR(VLOOKUP(EH2&"-"&EI2, Sheet2!$E:$F, 2, FALSE), "") | EM2: Record Copy NSSAR #165111, Add ACN 51405 and Record Copy NSDAR # 672791, Add. Vol. 1043 | EN2: Benjamin | EO2: CORNWALL | EP2: 06 Oct 1869 | EQ2: Boston, Suffolk, MA | ER2: 42_21_37_N_71_3_28_W | EU2: =IFERROR(VLOOKUP(ES2&"-"&ET2, Sheet2!$E:$F, 2, FALSE), "") | EX2: No | EZ2: - | FA2: 6680 | FB2: Brockton, Plymouth, MA | FC2: 42°05′00″N 71°01′08″W | FF2: =IFERROR(VLOOKUP(FD2&"-"&FE2, Sheet2!$E:$F, 2, FALSE), "") | FG2: 2, 18, 1901 | FH2: Brockton, Plymouth, MA | FI2: 42°05′00″N 71°01′08″W | FL2: =IFERROR(VLOOKUP(FJ2&"-"&FK2, Sheet2!$E:$F, 2, FALSE), "") | FM2: Grace | FN2: Jackson | FO2: 25 Mar 1877 | FP2: Huntington, Suffolk, NY | FQ2: 40°51′36″N 73°21′8″W | FT2: =IFERROR(VLOOKUP(FR2&"-"&FS2, Sheet2!$E:$F, 2, FALSE), "") | FU2: 2, 24, 1946 | FV2: Brockton, Plymouth, MA | FW2: 42°05′00″N 71°01′08″W | FZ2: =IFERROR(VLOOKUP(FX2&"-"&FY2, Sheet2!$E:$F, 2, FALSE), "") | GC2: Record Copy NSSAR #165111, Add ACN 51405 and Record Copy NSDAR # 672791, Add. Vol. 1043 | GD2: William | GE2: Cornwall | GF2: 12 Nov 1844 | GG2: Brockton, Plymouth, MA | GH2: 42°05′00″N 71°01′08″W | GK2: =IFERROR(VLOOKUP(GI2&"-"&GJ2, Sheet2!$E:$F, 2, FALSE), "") | GN2: No | GP2: - | GQ2: 8, 21, 1926 | GR2: Bridgewater, Plymouth, MA | GS2: 41_59_25_N_70_58_32_W | GV2: =IFERROR(VLOOKUP(GT2&"-"&GU2, Sheet2!$E:$F, 2, FALSE), "") | GW2: 22 Nov 1866 | GX2: Taunton, Bristol, MA | HB2: =IFERROR(VLOOKUP(GZ2&"-"&HA2, Sheet2!$E:$F, 2, FALSE), "") | HC2: Martha | HD2: Hill | HF2: ---- 1842 | HG2: Cambridge, Middlesex, MA | HK2: =IFERROR(VLOOKUP(HI2&"-"&HJ2, Sheet2!$E:$F, 2, FALSE), "") | HL2: 2823 | HM2: Bridgewater, Plymouth, MA | HN2: 41_59_25_N_70_58_32_W | HQ2: =IFERROR(VLOOKUP(HO2&"-"&HP2, Sheet2!$E:$F, 2, FALSE), "") | HT2: Record Copy NSSAR #165111, Add ACN 51405 and Record Copy NSDAR # 672791, Add. Vol. 1043 | HU2: Flushing | HV2: Cornwall | HX2: 25 Dec 1801 | HY2: St. Johns Parish, News Bruniswick, Canada | IC2: =IFERROR(VLOOKUP(IA2&"-"&IB2, Sheet2!$E:$F, 2, FALSE), "") | IF2: 19 Aug 1888 | IG2: Bridgewater, Plymouth, MA | IH2: 41_59_25_N_70_58_32_W | IK2: =IFERROR(VLOOKUP(II2&"-"&IJ2, Sheet2!$E:$F, 2, FALSE), "") | IL2: 10 May 1817 | IM2: Bridgewater, Plymouth, MA | IN2: 41_59_25_N_70_58_32_W | IQ2: =IFERROR(VLOOKUP(IO2&"-"&IP2, Sheet2!$E:$F, 2, FALSE), "") | IR2: Harriet | IS2: BROOKER | IU2: 586 | IV2: Bridgewater, Plymouth, MA | IW2: 41_59_25_N_70_58_32_W | IZ2: =IFERROR(VLOOKUP(IX2&"-"&IY2, Sheet2!$E:$F, 2, FALSE), "") | JA2: 19 Apr 1840 | JB2: Brockton, Plymouth, MA | JF2: =IFERROR(VLOOKUP(JD2&"-"&JE2, Sheet2!$E:$F, 2, FALSE), "") | JI2: Record Copy NSSAR #165111, Add ACN 51405 and Record Copy NSDAR # 672791, Add. Vol. 1043 | JJ2: Samuel Stanley | JK2: Brooker | JL2: Bruker | JM2: 12 May 1795 | JN2: Bridgewater, Plymouth, MA | JR2: =IFERROR(VLOOKUP(JP2&"-"&JQ2, Sheet2!$E:$F, 2, FALSE), "") | JU2: 26 Feb 1838 | JV2: Boston, Suffolk, MA | JW2: 42_21_37_N_71_3_28_W | JZ2: =IFERROR(VLOOKUP(JX2&"-"&JY2, Sheet2!$E:$F, 2, FALSE), "") | KA2: Black | KB2: African American | KC2: 18 Oct 1818 | KD2: Boston, Suffolk, MA | KE2: 42_21_37_N_71_3_28_W | KH2: =IFERROR(VLOOKUP(KF2&"-"&KG2, Sheet2!$E:$F, 2, FALSE), "") | KI2: Philinda | KJ2: Russell | KK2: Lender | KL2: 21 Jan 1799 | KM2: Beverly, Essex, MA | KQ2: =IFERROR(VLOOKUP(KO2&"-"&KP2, Sheet2!$E:$F, 2, FALSE), "") | KR2: 23 Apr 1848 | KS2: Tauton, Bristol, MA | KW2: =IFERROR(VLOOKUP(KU2&"-"&KV2, Sheet2!$E:$F, 2, FALSE), "") | KX2: Record Copy NSSAR #165111, Add ACN 51405 and Record Copy NSDAR # 672791, Add. Vol. 1043 | KY2: Caesar | KZ2: Russell | LB2: 1756 | LG2: =IFERROR(VLOOKUP(LE2&"-"&LF2, Sheet2!$E:$F, 2, FALSE), "") | LJ2: No | LL2: - | LM2: 20 Oct 1861 | LN2: Tauton, Bristol, MA | LR2: =IFERROR(VLOOKUP(LP2&"-"&LQ2, Sheet2!$E:$F, 2, FALSE), "") | LX2: =IFERROR(VLOOKUP(LV2&"-"&LW2, Sheet2!$E:$F, 2, FALSE), "") | LY2: Sally | LZ2: Richardson | MG2: =IFERROR(VLOOKUP(ME2&"-"&MF2, Sheet2!$E:$F, 2, FALSE), "") | MM2: =IFERROR(VLOOKUP(MK2&"-"&ML2, Sheet2!$E:$F, 2, FALSE), "") | MN2: Record Copy NSSAR #165111, Add ACN 51405 and Record Copy NSDAR # 672791, Add. Vol. 1043 | MW2: =IFERROR(VLOOKUP(MU2&"-"&MV2, Sheet2!$E:$F, 2, FALSE), "") | MZ2: No | NB2: - | NH2: =IFERROR(VLOOKUP(NF2&"-"&NG2, Sheet2!$E:$F, 2, FALSE), "") | NN2: =IFERROR(VLOOKUP(NL2&"-"&NM2, Sheet2!$E:$F, 2, FALSE), "") | NW2: =IFERROR(VLOOKUP(NU2&"-"&NV2, Sheet2!$E:$F, 2, FALSE), "") | OC2: =IFERROR(VLOOKUP(OA2&"-"&OB2, Sheet2!$E:$F, 2, FALSE), "") | OD2: Record Copy NSSAR #165111, Add ACN 51405 and Record Copy NSDAR # 672791, Add. Vol. 1043 | OM2: =IFERROR(VLOOKUP(OK2&"-"&OL2, Sheet2!$E:$F, 2, FALSE), "") | OP2: No | OR2: - | OX2: =IFERROR(VLOOKUP(OV2&"-"&OW2, Sheet2!$E:$F, 2, FALSE), "") | PD2: =IFERROR(VLOOKUP(PB2&"-"&PC2, Sheet2!$E:$F, 2, FALSE), "") | PM2: =IFERROR(VLOOKUP(PK2&"-"&PL2, Sheet2!$E:$F, 2, FALSE), "") | PS2: =IFERROR(VLOOKUP(PQ2&"-"&PR2, Sheet2!$E:$F, 2, FALSE), "") | PT2: Record Copy NSSAR #165111, Add ACN 51405 and Record Copy NSDAR # 672791, Add. Vol. 1043
A3: Douglas | B3: Cornwall | C3: CA | D3: 100002 | E3: dcornwall@outlook.com | F3: Founding Member | K3: =IFERROR(VLOOKUP(I3&"-"&J3, Sheet2!$E:$F, 2, FALSE), "") | L3: CA | M3: Norfolk | N3: =IFERROR(VLOOKUP(L3&"-"&M3, Sheet2!$E:$F, 2, FALSE), "") | R3: No | T3: - | Y3: =IFERROR(VLOOKUP(W3&"-"&X3, Sheet2!$E:$F, 2, FALSE), "") | Z3: MA | AA3: Norfolk | AB3: =IFERROR(VLOOKUP(Z3&"-"&X3, Sheet2!$E:$F, 2, FALSE), "") | AC3: Norfolk | AJ3: =IFERROR(VLOOKUP(AH3&"-"&AI3, Sheet2!$E:$F, 2, FALSE), "") | AR3: =IFERROR(VLOOKUP(AP3&"-"&AQ3, Sheet2!$E:$F, 2, FALSE), "") | AZ3: =IFERROR(VLOOKUP(AX3&"-"&AY3, Sheet2!$E:$F, 2, FALSE), "") | BJ3: =IFERROR(VLOOKUP(BH3&"-"&BI3, Sheet2!$E:$F, 2, FALSE), "") | BN3: No | BP3: - | BV3: =IFERROR(VLOOKUP(BT3&"-"&BU3, Sheet2!$E:$F, 2, FALSE), "") | CB3: =IFERROR(VLOOKUP(BZ3&"-"&CA3, Sheet2!$E:$F, 2, FALSE), "") | CJ3: =IFERROR(VLOOKUP(CH3&"-"&CI3, Sheet2!$E:$F, 2, FALSE), "") | CP3: =IFERROR(VLOOKUP(CN3&"-"&CO3, Sheet2!$E:$F, 2, FALSE), "") | CZ3: =IFERROR(VLOOKUP(CX3&"-"&CY3, Sheet2!$E:$F, 2, FALSE), "") | DC3: No | DE3: - | DK3: =IFERROR(VLOOKUP(DI3&"-"&DJ3, Sheet2!$E:$F, 2, FALSE), "") | DQ3: =IFERROR(VLOOKUP(DO3&"-"&DP3, Sheet2!$E:$F, 2, FALSE), "") | DT3: No | DV3: - | EE3: =IFERROR(VLOOKUP(EC3&"-"&ED3, Sheet2!$E:$F, 2, FALSE), "") | EJ3: =IFERROR(VLOOKUP(EH3&"-"&EI3, Sheet2!$E:$F, 2, FALSE), "") | EU3: =IFERROR(VLOOKUP(ES3&"-"&ET3, Sheet2!$E:$F, 2, FALSE), "") | EX3: No | EZ3: - | FF3: =IFERROR(VLOOKUP(FD3&"-"&FE3, Sheet2!$E:$F, 2, FALSE), "") | FL3: =IFERROR(VLOOKUP(FJ3&"-"&FK3, Sheet2!$E:$F, 2, FALSE), "") | FT3: =IFERROR(VLOOKUP(FR3&"-"&FS3, Sheet2!$E:$F, 2, FALSE), "") | FZ3: =IFERROR(VLOOKUP(FX3&"-"&FY3, Sheet2!$E:$F, 2, FALSE), "") | GK3: =IFERROR(VLOOKUP(GI3&"-"&GJ3, Sheet2!$E:$F, 2, FALSE), "") | GN3: No | GP3: - | GV3: =IFERROR(VLOOKUP(GT3&"-"&GU3, Sheet2!$E:$F, 2, FALSE), "") | HB3: =IFERROR(VLOOKUP(GZ3&"-"&HA3, Sheet2!$E:$F, 2, FALSE), "") | HK3: =IFERROR(VLOOKUP(HI3&"-"&HJ3, Sheet2!$E:$F, 2, FALSE), "") | HQ3: =IFERROR(VLOOKUP(HO3&"-"&HP3, Sheet2!$E:$F, 2, FALSE), "") | IC3: =IFERROR(VLOOKUP(IA3&"-"&IB3, Sheet2!$E:$F, 2, FALSE), "") | IK3: =IFERROR(VLOOKUP(II3&"-"&IJ3, Sheet2!$E:$F, 2, FALSE), "") | IQ3: =IFERROR(VLOOKUP(IO3&"-"&IP3, Sheet2!$E:$F, 2, FALSE), "") | IZ3: =IFERROR(VLOOKUP(IX3&"-"&IY3, Sheet2!$E:$F, 2, FALSE), "") | JF3: =IFERROR(VLOOKUP(JD3&"-"&JE3, Sheet2!$E:$F, 2, FALSE), "") | JR3: =IFERROR(VLOOKUP(JP3&"-"&JQ3, Sheet2!$E:$F, 2, FALSE), "") | JZ3: =IFERROR(VLOOKUP(JX3&"-"&JY3, Sheet2!$E:$F, 2, FALSE), "") | KH3: =IFERROR(VLOOKUP(KF3&"-"&KG3, Sheet2!$E:$F, 2, FALSE), "") | KQ3: =IFERROR(VLOOKUP(KO3&"-"&KP3, Sheet2!$E:$F, 2, FALSE), "") | KW3: =IFERROR(VLOOKUP(KU3&"-"&KV3, Sheet2!$E:$F, 2, FALSE), "") | LG3: =IFERROR(VLOOKUP(LE3&"-"&LF3, Sheet2!$E:$F, 2, FALSE), "") | LJ3: No | LL3: - | LR3: =IFERROR(VLOOKUP(LP3&"-"&LQ3, Sheet2!$E:$F, 2, FALSE), "") | LX3: =IFERROR(VLOOKUP(LV3&"-"&LW3, Sheet2!$E:$F, 2, FALSE), "") | MG3: =IFERROR(VLOOKUP(ME3&"-"&MF3, Sheet2!$E:$F, 2, FALSE), "") | MM3: =IFERROR(VLOOKUP(MK3&"-"&ML3, Sheet2!$E:$F, 2, FALSE), "") | MW3: =IFERROR(VLOOKUP(MU3&"-"&MV3, Sheet2!$E:$F, 2, FALSE), "") | MZ3: No | NB3: - | NH3: =IFERROR(VLOOKUP(NF3&"-"&NG3, Sheet2!$E:$F, 2, FALSE), "") | NN3: =IFERROR(VLOOKUP(NL3&"-"&NM3, Sheet2!$E:$F, 2, FALSE), "") | NW3: =IFERROR(VLOOKUP(NU3&"-"&NV3, Sheet2!$E:$F, 2, FALSE), "") | OC3: =IFERROR(VLOOKUP(OA3&"-"&OB3, Sheet2!$E:$F, 2, FALSE), "") | OM3: =IFERROR(VLOOKUP(OK3&"-"&OL3, Sheet2!$E:$F, 2, FALSE), "") | OP3: No | OR3: - | OX3: =IFERROR(VLOOKUP(OV3&"-"&OW3, Sheet2!$E:$F, 2, FALSE), "") | PD3: =IFERROR(VLOOKUP(PB3&"-"&PC3, Sheet2!$E:$F, 2, FALSE), "") | PM3: =IFERROR(VLOOKUP(PK3&"-"&PL3, Sheet2!$E:$F, 2, FALSE), "") | PS3: =IFERROR(VLOOKUP(PQ3&"-"&PR3, Sheet2!$E:$F, 2, FALSE), "")
A4: Shelley | B4: Murphy | C4: VA | D4: 100003 | E4: shelleyviola@gmail.com | F4: Founding Member | K4: =IFERROR(VLOOKUP(I4&"-"&J4, Sheet2!$E:$F, 2, FALSE), "") | L4: AZ | M4: Norfolk | N4: =IFERROR(VLOOKUP(L4&"-"&M4, Sheet2!$E:$F, 2, FALSE), "") | R4: No | T4: - | Y4: =IFERROR(VLOOKUP(W4&"-"&X4, Sheet2!$E:$F, 2, FALSE), "") | Z4: MA | AA4: Suffolk | AB4: =IFERROR(VLOOKUP(Z4&"-"&X4, Sheet2!$E:$F, 2, FALSE), "") | AJ4: =IFERROR(VLOOKUP(AH4&"-"&AI4, Sheet2!$E:$F, 2, FALSE), "") | AR4: =IFERROR(VLOOKUP(AP4&"-"&AQ4, Sheet2!$E:$F, 2, FALSE), "") | AZ4: =IFERROR(VLOOKUP(AX4&"-"&AY4, Sheet2!$E:$F, 2, FALSE), "") | BJ4: =IFERROR(VLOOKUP(BH4&"-"&BI4, Sheet2!$E:$F, 2, FALSE), "") | BN4: No | BP4: - | BV4: =IFERROR(VLOOKUP(BT4&"-"&BU4, Sheet2!$E:$F, 2, FALSE), "") | CB4: =IFERROR(VLOOKUP(BZ4&"-"&CA4, Sheet2!$E:$F, 2, FALSE), "") | CJ4: =IFERROR(VLOOKUP(CH4&"-"&CI4, Sheet2!$E:$F, 2, FALSE), "") | CP4: =IFERROR(VLOOKUP(CN4&"-"&CO4, Sheet2!$E:$F, 2, FALSE), "") | CZ4: =IFERROR(VLOOKUP(CX4&"-"&CY4, Sheet2!$E:$F, 2, FALSE), "") | DC4: No | DE4: - | DK4: =IFERROR(VLOOKUP(DI4&"-"&DJ4, Sheet2!$E:$F, 2, FALSE), "") | DQ4: =IFERROR(VLOOKUP(DO4&"-"&DP4, Sheet2!$E:$F, 2, FALSE), "") | DT4: No | DV4: - | EE4: =IFERROR(VLOOKUP(EC4&"-"&ED4, Sheet2!$E:$F, 2, FALSE), "") | EJ4: =IFERROR(VLOOKUP(EH4&"-"&EI4, Sheet2!$E:$F, 2, FALSE), "") | EU4: =IFERROR(VLOOKUP(ES4&"-"&ET4, Sheet2!$E:$F, 2, FALSE), "") | EX4: No | EZ4: - | FF4: =IFERROR(VLOOKUP(FD4&"-"&FE4, Sheet2!$E:$F, 2, FALSE), "") | FL4: =IFERROR(VLOOKUP(FJ4&"-"&FK4, Sheet2!$E:$F, 2, FALSE), "") | FT4: =IFERROR(VLOOKUP(FR4&"-"&FS4, Sheet2!$E:$F, 2, FALSE), "") | FZ4: =IFERROR(VLOOKUP(FX4&"-"&FY4, Sheet2!$E:$F, 2, FALSE), "") | GK4: =IFERROR(VLOOKUP(GI4&"-"&GJ4, Sheet2!$E:$F, 2, FALSE), "") | GN4: No | GP4: - | GV4: =IFERROR(VLOOKUP(GT4&"-"&GU4, Sheet2!$E:$F, 2, FALSE), "") | HB4: =IFERROR(VLOOKUP(GZ4&"-"&HA4, Sheet2!$E:$F, 2, FALSE), "") | HK4: =IFERROR(VLOOKUP(HI4&"-"&HJ4, Sheet2!$E:$F, 2, FALSE), "") | HQ4: =IFERROR(VLOOKUP(HO4&"-"&HP4, Sheet2!$E:$F, 2, FALSE), "") | IC4: =IFERROR(VLOOKUP(IA4&"-"&IB4, Sheet2!$E:$F, 2, FALSE), "") | IK4: =IFERROR(VLOOKUP(II4&"-"&IJ4, Sheet2!$E:$F, 2, FALSE), "") | IQ4: =IFERROR(VLOOKUP(IO4&"-"&IP4, Sheet2!$E:$F, 2, FALSE), "") | IZ4: =IFERROR(VLOOKUP(IX4&"-"&IY4, Sheet2!$E:$F, 2, FALSE), "") | JF4: =IFERROR(VLOOKUP(JD4&"-"&JE4, Sheet2!$E:$F, 2, FALSE), "") | JR4: =IFERROR(VLOOKUP(JP4&"-"&JQ4, Sheet2!$E:$F, 2, FALSE), "") | JZ4: =IFERROR(VLOOKUP(JX4&"-"&JY4, Sheet2!$E:$F, 2, FALSE), "") | KH4: =IFERROR(VLOOKUP(KF4&"-"&KG4, Sheet2!$E:$F, 2, FALSE), "") | KQ4: =IFERROR(VLOOKUP(KO4&"-"&KP4, Sheet2!$E:$F, 2, FALSE), "") | KW4: =IFERROR(VLOOKUP(KU4&"-"&KV4, Sheet2!$E:$F, 2, FALSE), "") | LG4: =IFERROR(VLOOKUP(LE4&"-"&LF4, Sheet2!$E:$F, 2, FALSE), "") | LJ4: No | LL4: - | LR4: =IFERROR(VLOOKUP(LP4&"-"&LQ4, Sheet2!$E:$F, 2, FALSE), "") | LX4: =IFERROR(VLOOKUP(LV4&"-"&LW4, Sheet2!$E:$F, 2, FALSE), "") | MG4: =IFERROR(VLOOKUP(ME4&"-"&MF4, Sheet2!$E:$F, 2, FALSE), "") | MM4: =IFERROR(VLOOKUP(MK4&"-"&ML4, Sheet2!$E:$F, 2, FALSE), "") | MW4: =IFERROR(VLOOKUP(MU4&"-"&MV4, Sheet2!$E:$F, 2, FALSE), "") | MZ4: No | NB4: - | NH4: =IFERROR(VLOOKUP(NF4&"-"&NG4, Sheet2!$E:$F, 2, FALSE), "") | NN4: =IFERROR(VLOOKUP(NL4&"-"&NM4, Sheet2!$E:$F, 2, FALSE), "") | NW4: =IFERROR(VLOOKUP(NU4&"-"&NV4, Sheet2!$E:$F, 2, FALSE), "") | OC4: =IFERROR(VLOOKUP(OA4&"-"&OB4, Sheet2!$E:$F, 2, FALSE), "") | OM4: =IFERROR(VLOOKUP(OK4&"-"&OL4, Sheet2!$E:$F, 2, FALSE), "") | OP4: No | OR4: - | OX4: =IFERROR(VLOOKUP(OV4&"-"&OW4, Sheet2!$E:$F, 2, FALSE), "") | PD4: =IFERROR(VLOOKUP(PB4&"-"&PC4, Sheet2!$E:$F, 2, FALSE), "") | PM4: =IFERROR(VLOOKUP(PK4&"-"&PL4, Sheet2!$E:$F, 2, FALSE), "") | PS4: =IFERROR(VLOOKUP(PQ4&"-"&PR4, Sheet2!$E:$F, 2, FALSE), "")
A5: Joyce | B5: Mosley | C5: PA | D5: 100005 | E5: joycemos355@gmail.com | F5: Founding Member | K5: =IFERROR(VLOOKUP(I5&"-"&J5, Sheet2!$E:$F, 2, FALSE), "") | L5: IL | M5: Norfolk | N5: =IFERROR(VLOOKUP(L5&"-"&M5, Sheet2!$E:$F, 2, FALSE), "") | R5: No | T5: - | Y5: =IFERROR(VLOOKUP(W5&"-"&X5, Sheet2!$E:$F, 2, FALSE), "") | Z5: MA | AB5: =IFERROR(VLOOKUP(Z5&"-"&X5, Sheet2!$E:$F, 2, FALSE), "") | AJ5: =IFERROR(VLOOKUP(AH5&"-"&AI5, Sheet2!$E:$F, 2, FALSE), "") | AR5: =IFERROR(VLOOKUP(AP5&"-"&AQ5, Sheet2!$E:$F, 2, FALSE), "") | AZ5: =IFERROR(VLOOKUP(AX5&"-"&AY5, Sheet2!$E:$F, 2, FALSE), "") | BJ5: =IFERROR(VLOOKUP(BH5&"-"&BI5, Sheet2!$E:$F, 2, FALSE), "") | BN5: No | BP5: - | BV5: =IFERROR(VLOOKUP(BT5&"-"&BU5, Sheet2!$E:$F, 2, FALSE), "") | CB5: =IFERROR(VLOOKUP(BZ5&"-"&CA5, Sheet2!$E:$F, 2, FALSE), "") | CJ5: =IFERROR(VLOOKUP(CH5&"-"&CI5, Sheet2!$E:$F, 2, FALSE), "") | CP5: =IFERROR(VLOOKUP(CN5&"-"&CO5, Sheet2!$E:$F, 2, FALSE), "") | CZ5: =IFERROR(VLOOKUP(CX5&"-"&CY5, Sheet2!$E:$F, 2, FALSE), "") | DC5: No | DE5: - | DK5: =IFERROR(VLOOKUP(DI5&"-"&DJ5, Sheet2!$E:$F, 2, FALSE), "") | DQ5: =IFERROR(VLOOKUP(DO5&"-"&DP5, Sheet2!$E:$F, 2, FALSE), "") | DT5: No | DV5: - | EE5: =IFERROR(VLOOKUP(EC5&"-"&ED5, Sheet2!$E:$F, 2, FALSE), "") | EJ5: =IFERROR(VLOOKUP(EH5&"-"&EI5, Sheet2!$E:$F, 2, FALSE), "") | EU5: =IFERROR(VLOOKUP(ES5&"-"&ET5, Sheet2!$E:$F, 2, FALSE), "") | EX5: No | EZ5: - | FF5: =IFERROR(VLOOKUP(FD5&"-"&FE5, Sheet2!$E:$F, 2, FALSE), "") | FL5: =IFERROR(VLOOKUP(FJ5&"-"&FK5, Sheet2!$E:$F, 2, FALSE), "") | FT5: =IFERROR(VLOOKUP(FR5&"-"&FS5, Sheet2!$E:$F, 2, FALSE), "") | FZ5: =IFERROR(VLOOKUP(FX5&"-"&FY5, Sheet2!$E:$F, 2, FALSE), "") | GK5: =IFERROR(VLOOKUP(GI5&"-"&GJ5, Sheet2!$E:$F, 2, FALSE), "") | GN5: No | GP5: - | GV5: =IFERROR(VLOOKUP(GT5&"-"&GU5, Sheet2!$E:$F, 2, FALSE), "") | HB5: =IFERROR(VLOOKUP(GZ5&"-"&HA5, Sheet2!$E:$F, 2, FALSE), "") | HK5: =IFERROR(VLOOKUP(HI5&"-"&HJ5, Sheet2!$E:$F, 2, FALSE), "") | HQ5: =IFERROR(VLOOKUP(HO5&"-"&HP5, Sheet2!$E:$F, 2, FALSE), "") | IC5: =IFERROR(VLOOKUP(IA5&"-"&IB5, Sheet2!$E:$F, 2, FALSE), "") | IK5: =IFERROR(VLOOKUP(II5&"-"&IJ5, Sheet2!$E:$F, 2, FALSE), "") | IQ5: =IFERROR(VLOOKUP(IO5&"-"&IP5, Sheet2!$E:$F, 2, FALSE), "") | IZ5: =IFERROR(VLOOKUP(IX5&"-"&IY5, Sheet2!$E:$F, 2, FALSE), "") | JF5: =IFERROR(VLOOKUP(JD5&"-"&JE5, Sheet2!$E:$F, 2, FALSE), "") | JR5: =IFERROR(VLOOKUP(JP5&"-"&JQ5, Sheet2!$E:$F, 2, FALSE), "") | JZ5: =IFERROR(VLOOKUP(JX5&"-"&JY5, Sheet2!$E:$F, 2, FALSE), "") | KH5: =IFERROR(VLOOKUP(KF5&"-"&KG5, Sheet2!$E:$F, 2, FALSE), "") | KQ5: =IFERROR(VLOOKUP(KO5&"-"&KP5, Sheet2!$E:$F, 2, FALSE), "") | KW5: =IFERROR(VLOOKUP(KU5&"-"&KV5, Sheet2!$E:$F, 2, FALSE), "") | LG5: =IFERROR(VLOOKUP(LE5&"-"&LF5, Sheet2!$E:$F, 2, FALSE), "") | LJ5: No | LL5: - | LR5: =IFERROR(VLOOKUP(LP5&"-"&LQ5, Sheet2!$E:$F, 2, FALSE), "") | LX5: =IFERROR(VLOOKUP(LV5&"-"&LW5, Sheet2!$E:$F, 2, FALSE), "") | MG5: =IFERROR(VLOOKUP(ME5&"-"&MF5, Sheet2!$E:$F, 2, FALSE), "") | MM5: =IFERROR(VLOOKUP(MK5&"-"&ML5, Sheet2!$E:$F, 2, FALSE), "") | MW5: =IFERROR(VLOOKUP(MU5&"-"&MV5, Sheet2!$E:$F, 2, FALSE), "") | MZ5: No | NB5: - | NH5: =IFERROR(VLOOKUP(NF5&"-"&NG5, Sheet2!$E:$F, 2, FALSE), "") | NN5: =IFERROR(VLOOKUP(NL5&"-"&NM5, Sheet2!$E:$F, 2, FALSE), "") | NW5: =IFERROR(VLOOKUP(NU5&"-"&NV5, Sheet2!$E:$F, 2, FALSE), "") | OC5: =IFERROR(VLOOKUP(OA5&"-"&OB5, Sheet2!$E:$F, 2, FALSE), "") | OM5: =IFERROR(VLOOKUP(OK5&"-"&OL5, Sheet2!$E:$F, 2, FALSE), "") | OP5: No | OR5: - | OX5: =IFERROR(VLOOKUP(OV5&"-"&OW5, Sheet2!$E:$F, 2, FALSE), "") | PD5: =IFERROR(VLOOKUP(PB5&"-"&PC5, Sheet2!$E:$F, 2, FALSE), "") | PM5: =IFERROR(VLOOKUP(PK5&"-"&PL5, Sheet2!$E:$F, 2, FALSE), "") | PS5: =IFERROR(VLOOKUP(PQ5&"-"&PR5, Sheet2!$E:$F, 2, FALSE), "")
A6: Dean | B6: Henry | C6: PA | D6: 100006 | E6: deanhenry@comcast.net | F6: Founding Member | K6: =IFERROR(VLOOKUP(I6&"-"&J6, Sheet2!$E:$F, 2, FALSE), "") | L6: IL | M6: Norfolk | N6: =IFERROR(VLOOKUP(L6&"-"&M6, Sheet2!$E:$F, 2, FALSE), "") | R6: No | T6: - | Y6: =IFERROR(VLOOKUP(W6&"-"&X6, Sheet2!$E:$F, 2, FALSE), "") | Z6: MA | AB6: =IFERROR(VLOOKUP(Z6&"-"&X6, Sheet2!$E:$F, 2, FALSE), "") | AJ6: =IFERROR(VLOOKUP(AH6&"-"&AI6, Sheet2!$E:$F, 2, FALSE), "") | AR6: =IFERROR(VLOOKUP(AP6&"-"&AQ6, Sheet2!$E:$F, 2, FALSE), "") | AZ6: =IFERROR(VLOOKUP(AX6&"-"&AY6, Sheet2!$E:$F, 2, FALSE), "") | BJ6: =IFERROR(VLOOKUP(BH6&"-"&BI6, Sheet2!$E:$F, 2, FALSE), "") | BN6: No | BP6: - | BV6: =IFERROR(VLOOKUP(BT6&"-"&BU6, Sheet2!$E:$F, 2, FALSE), "") | CB6: =IFERROR(VLOOKUP(BZ6&"-"&CA6, Sheet2!$E:$F, 2, FALSE), "") | CJ6: =IFERROR(VLOOKUP(CH6&"-"&CI6, Sheet2!$E:$F, 2, FALSE), "") | CP6: =IFERROR(VLOOKUP(CN6&"-"&CO6, Sheet2!$E:$F, 2, FALSE), "") | CZ6: =IFERROR(VLOOKUP(CX6&"-"&CY6, Sheet2!$E:$F, 2, FALSE), "") | DC6: No | DE6: - | DK6: =IFERROR(VLOOKUP(DI6&"-"&DJ6, Sheet2!$E:$F, 2, FALSE), "") | DQ6: =IFERROR(VLOOKUP(DO6&"-"&DP6, Sheet2!$E:$F, 2, FALSE), "") | DT6: No | DV6: - | EE6: =IFERROR(VLOOKUP(EC6&"-"&ED6, Sheet2!$E:$F, 2, FALSE), "") | EJ6: =IFERROR(VLOOKUP(EH6&"-"&EI6, Sheet2!$E:$F, 2, FALSE), "") | EU6: =IFERROR(VLOOKUP(ES6&"-"&ET6, Sheet2!$E:$F, 2, FALSE), "") | EX6: No | EZ6: - | FF6: =IFERROR(VLOOKUP(FD6&"-"&FE6, Sheet2!$E:$F, 2, FALSE), "") | FL6: =IFERROR(VLOOKUP(FJ6&"-"&FK6, Sheet2!$E:$F, 2, FALSE), "") | FT6: =IFERROR(VLOOKUP(FR6&"-"&FS6, Sheet2!$E:$F, 2, FALSE), "") | FZ6: =IFERROR(VLOOKUP(FX6&"-"&FY6, Sheet2!$E:$F, 2, FALSE), "") | GK6: =IFERROR(VLOOKUP(GI6&"-"&GJ6, Sheet2!$E:$F, 2, FALSE), "") | GN6: No | GP6: - | GV6: =IFERROR(VLOOKUP(GT6&"-"&GU6, Sheet2!$E:$F, 2, FALSE), "") | HB6: =IFERROR(VLOOKUP(GZ6&"-"&HA6, Sheet2!$E:$F, 2, FALSE), "") | HK6: =IFERROR(VLOOKUP(HI6&"-"&HJ6, Sheet2!$E:$F, 2, FALSE), "") | HQ6: =IFERROR(VLOOKUP(HO6&"-"&HP6, Sheet2!$E:$F, 2, FALSE), "") | IC6: =IFERROR(VLOOKUP(IA6&"-"&IB6, Sheet2!$E:$F, 2, FALSE), "") | IK6: =IFERROR(VLOOKUP(II6&"-"&IJ6, Sheet2!$E:$F, 2, FALSE), "") | IQ6: =IFERROR(VLOOKUP(IO6&"-"&IP6, Sheet2!$E:$F, 2, FALSE), "") | IZ6: =IFERROR(VLOOKUP(IX6&"-"&IY6, Sheet2!$E:$F, 2, FALSE), "") | JF6: =IFERROR(VLOOKUP(JD6&"-"&JE6, Sheet2!$E:$F, 2, FALSE), "") | JR6: =IFERROR(VLOOKUP(JP6&"-"&JQ6, Sheet2!$E:$F, 2, FALSE), "") | JZ6: =IFERROR(VLOOKUP(JX6&"-"&JY6, Sheet2!$E:$F, 2, FALSE), "") | KH6: =IFERROR(VLOOKUP(KF6&"-"&KG6, Sheet2!$E:$F, 2, FALSE), "") | KQ6: =IFERROR(VLOOKUP(KO6&"-"&KP6, Sheet2!$E:$F, 2, FALSE), "") | KW6: =IFERROR(VLOOKUP(KU6&"-"&KV6, Sheet2!$E:$F, 2, FALSE), "") | LG6: =IFERROR(VLOOKUP(LE6&"-"&LF6, Sheet2!$E:$F, 2, FALSE), "") | LJ6: No | LL6: - | LR6: =IFERROR(VLOOKUP(LP6&"-"&LQ6, Sheet2!$E:$F, 2, FALSE), "") | LX6: =IFERROR(VLOOKUP(LV6&"-"&LW6, Sheet2!$E:$F, 2, FALSE), "") | MG6: =IFERROR(VLOOKUP(ME6&"-"&MF6, Sheet2!$E:$F, 2, FALSE), "") | MM6: =IFERROR(VLOOKUP(MK6&"-"&ML6, Sheet2!$E:$F, 2, FALSE), "") | MW6: =IFERROR(VLOOKUP(MU6&"-"&MV6, Sheet2!$E:$F, 2, FALSE), "") | MZ6: No | NB6: - | NH6: =IFERROR(VLOOKUP(NF6&"-"&NG6, Sheet2!$E:$F, 2, FALSE), "") | NN6: =IFERROR(VLOOKUP(NL6&"-"&NM6, Sheet2!$E:$F, 2, FALSE), "") | NW6: =IFERROR(VLOOKUP(NU6&"-"&NV6, Sheet2!$E:$F, 2, FALSE), "") | OC6: =IFERROR(VLOOKUP(OA6&"-"&OB6, Sheet2!$E:$F, 2, FALSE), "") | OM6: =IFERROR(VLOOKUP(OK6&"-"&OL6, Sheet2!$E:$F, 2, FALSE), "") | OP6: No | OR6: - | OX6: =IFERROR(VLOOKUP(OV6&"-"&OW6, Sheet2!$E:$F, 2, FALSE), "") | PD6: =IFERROR(VLOOKUP(PB6&"-"&PC6, Sheet2!$E:$F, 2, FALSE), "") | PM6: =IFERROR(VLOOKUP(PK6&"-"&PL6, Sheet2!$E:$F, 2, FALSE), "") | PS6: =IFERROR(VLOOKUP(PQ6&"-"&PR6, Sheet2!$E:$F, 2, FALSE), "")
A7: Cynthia | B7: Goins-Hoelscher | C7: TX | D7: 100007 | E7: Cynditha@hotmail.com | F7: Founding Member | K7: =IFERROR(VLOOKUP(I7&"-"&J7, Sheet2!$E:$F, 2, FALSE), "") | L7: IL | M7: Norfolk | N7: =IFERROR(VLOOKUP(L7&"-"&M7, Sheet2!$E:$F, 2, FALSE), "") | R7: No | Y7: =IFERROR(VLOOKUP(W7&"-"&X7, Sheet2!$E:$F, 2, FALSE), "") | Z7: MA | AB7: =IFERROR(VLOOKUP(Z7&"-"&X7, Sheet2!$E:$F, 2, FALSE), "") | AJ7: =IFERROR(VLOOKUP(AH7&"-"&AI7, Sheet2!$E:$F, 2, FALSE), "") | AR7: =IFERROR(VLOOKUP(AP7&"-"&AQ7, Sheet2!$E:$F, 2, FALSE), "") | AZ7: =IFERROR(VLOOKUP(AX7&"-"&AY7, Sheet2!$E:$F, 2, FALSE), "") | BJ7: =IFERROR(VLOOKUP(BH7&"-"&BI7, Sheet2!$E:$F, 2, FALSE), "") | BN7: No | BV7: =IFERROR(VLOOKUP(BT7&"-"&BU7, Sheet2!$E:$F, 2, FALSE), "") | CB7: =IFERROR(VLOOKUP(BZ7&"-"&CA7, Sheet2!$E:$F, 2, FALSE), "") | CJ7: =IFERROR(VLOOKUP(CH7&"-"&CI7, Sheet2!$E:$F, 2, FALSE), "") | CP7: =IFERROR(VLOOKUP(CN7&"-"&CO7, Sheet2!$E:$F, 2, FALSE), "") | CZ7: =IFERROR(VLOOKUP(CX7&"-"&CY7, Sheet2!$E:$F, 2, FALSE), "") | DC7: No | DK7: =IFERROR(VLOOKUP(DI7&"-"&DJ7, Sheet2!$E:$F, 2, FALSE), "") | DQ7: =IFERROR(VLOOKUP(DO7&"-"&DP7, Sheet2!$E:$F, 2, FALSE), "") | DT7: No | EE7: =IFERROR(VLOOKUP(EC7&"-"&ED7, Sheet2!$E:$F, 2, FALSE), "") | EJ7: =IFERROR(VLOOKUP(EH7&"-"&EI7, Sheet2!$E:$F, 2, FALSE), "") | EU7: =IFERROR(VLOOKUP(ES7&"-"&ET7, Sheet2!$E:$F, 2, FALSE), "") | EX7: No | FF7: =IFERROR(VLOOKUP(FD7&"-"&FE7, Sheet2!$E:$F, 2, FALSE), "") | FL7: =IFERROR(VLOOKUP(FJ7&"-"&FK7, Sheet2!$E:$F, 2, FALSE), "") | FT7: =IFERROR(VLOOKUP(FR7&"-"&FS7, Sheet2!$E:$F, 2, FALSE), "") | FZ7: =IFERROR(VLOOKUP(FX7&"-"&FY7, Sheet2!$E:$F, 2, FALSE), "") | GK7: =IFERROR(VLOOKUP(GI7&"-"&GJ7, Sheet2!$E:$F, 2, FALSE), "") | GN7: No | GV7: =IFERROR(VLOOKUP(GT7&"-"&GU7, Sheet2!$E:$F, 2, FALSE), "") | HB7: =IFERROR(VLOOKUP(GZ7&"-"&HA7, Sheet2!$E:$F, 2, FALSE), "") | HK7: =IFERROR(VLOOKUP(HI7&"-"&HJ7, Sheet2!$E:$F, 2, FALSE), "") | HQ7: =IFERROR(VLOOKUP(HO7&"-"&HP7, Sheet2!$E:$F, 2, FALSE), "") | IC7: =IFERROR(VLOOKUP(IA7&"-"&IB7, Sheet2!$E:$F, 2, FALSE), "") | IK7: =IFERROR(VLOOKUP(II7&"-"&IJ7, Sheet2!$E:$F, 2, FALSE), "") | IQ7: =IFERROR(VLOOKUP(IO7&"-"&IP7, Sheet2!$E:$F, 2, FALSE), "") | IZ7: =IFERROR(VLOOKUP(IX7&"-"&IY7, Sheet2!$E:$F, 2, FALSE), "") | JF7: =IFERROR(VLOOKUP(JD7&"-"&JE7, Sheet2!$E:$F, 2, FALSE), "") | JR7: =IFERROR(VLOOKUP(JP7&"-"&JQ7, Sheet2!$E:$F, 2, FALSE), "") | JZ7: =IFERROR(VLOOKUP(JX7&"-"&JY7, Sheet2!$E:$F, 2, FALSE), "") | KH7: =IFERROR(VLOOKUP(KF7&"-"&KG7, Sheet2!$E:$F, 2, FALSE), "") | KQ7: =IFERROR(VLOOKUP(KO7&"-"&KP7, Sheet2!$E:$F, 2, FALSE), "") | KW7: =IFERROR(VLOOKUP(KU7&"-"&KV7, Sheet2!$E:$F, 2, FALSE), "") | LG7: =IFERROR(VLOOKUP(LE7&"-"&LF7, Sheet2!$E:$F, 2, FALSE), "") | LJ7: No | LR7: =IFERROR(VLOOKUP(LP7&"-"&LQ7, Sheet2!$E:$F, 2, FALSE), "") | LX7: =IFERROR(VLOOKUP(LV7&"-"&LW7, Sheet2!$E:$F, 2, FALSE), "") | MG7: =IFERROR(VLOOKUP(ME7&"-"&MF7, Sheet2!$E:$F, 2, FALSE), "") | MM7: =IFERROR(VLOOKUP(MK7&"-"&ML7, Sheet2!$E:$F, 2, FALSE), "") | MW7: =IFERROR(VLOOKUP(MU7&"-"&MV7, Sheet2!$E:$F, 2, FALSE), "") | MZ7: No | NH7: =IFERROR(VLOOKUP(NF7&"-"&NG7, Sheet2!$E:$F, 2, FALSE), "") | NN7: =IFERROR(VLOOKUP(NL7&"-"&NM7, Sheet2!$E:$F, 2, FALSE), "") | NW7: =IFERROR(VLOOKUP(NU7&"-"&NV7, Sheet2!$E:$F, 2, FALSE), "") | OC7: =IFERROR(VLOOKUP(OA7&"-"&OB7, Sheet2!$E:$F, 2, FALSE), "") | OM7: =IFERROR(VLOOKUP(OK7&"-"&OL7, Sheet2!$E:$F, 2, FALSE), "") | OP7: No | OX7: =IFERROR(VLOOKUP(OV7&"-"&OW7, Sheet2!$E:$F, 2, FALSE), "") | PD7: =IFERROR(VLOOKUP(PB7&"-"&PC7, Sheet2!$E:$F, 2, FALSE), "") | PM7: =IFERROR(VLOOKUP(PK7&"-"&PL7, Sheet2!$E:$F, 2, FALSE), "") | PS7: =IFERROR(VLOOKUP(PQ7&"-"&PR7, Sheet2!$E:$F, 2, FALSE), "")
A8: Andre | B8: Kearns | C8: DC | D8: 100008 | E8: andrekearnsdc@gmail.com | F8: Founding Member | K8: =IFERROR(VLOOKUP(I8&"-"&J8, Sheet2!$E:$F, 2, FALSE), "") | L8: IL | M8: Norfolk | N8: =IFERROR(VLOOKUP(L8&"-"&M8, Sheet2!$E:$F, 2, FALSE), "") | R8: No | Y8: =IFERROR(VLOOKUP(W8&"-"&X8, Sheet2!$E:$F, 2, FALSE), "") | Z8: MA | AB8: =IFERROR(VLOOKUP(Z8&"-"&X8, Sheet2!$E:$F, 2, FALSE), "") | AJ8: =IFERROR(VLOOKUP(AH8&"-"&AI8, Sheet2!$E:$F, 2, FALSE), "") | AR8: =IFERROR(VLOOKUP(AP8&"-"&AQ8, Sheet2!$E:$F, 2, FALSE), "") | AZ8: =IFERROR(VLOOKUP(AX8&"-"&AY8, Sheet2!$E:$F, 2, FALSE), "") | BJ8: =IFERROR(VLOOKUP(BH8&"-"&BI8, Sheet2!$E:$F, 2, FALSE), "") | BN8: No | BV8: =IFERROR(VLOOKUP(BT8&"-"&BU8, Sheet2!$E:$F, 2, FALSE), "") | CB8: =IFERROR(VLOOKUP(BZ8&"-"&CA8, Sheet2!$E:$F, 2, FALSE), "") | CJ8: =IFERROR(VLOOKUP(CH8&"-"&CI8, Sheet2!$E:$F, 2, FALSE), "") | CP8: =IFERROR(VLOOKUP(CN8&"-"&CO8, Sheet2!$E:$F, 2, FALSE), "") | CZ8: =IFERROR(VLOOKUP(CX8&"-"&CY8, Sheet2!$E:$F, 2, FALSE), "") | DC8: No | DK8: =IFERROR(VLOOKUP(DI8&"-"&DJ8, Sheet2!$E:$F, 2, FALSE), "") | DQ8: =IFERROR(VLOOKUP(DO8&"-"&DP8, Sheet2!$E:$F, 2, FALSE), "") | DT8: No | EE8: =IFERROR(VLOOKUP(EC8&"-"&ED8, Sheet2!$E:$F, 2, FALSE), "") | EJ8: =IFERROR(VLOOKUP(EH8&"-"&EI8, Sheet2!$E:$F, 2, FALSE), "") | EU8: =IFERROR(VLOOKUP(ES8&"-"&ET8, Sheet2!$E:$F, 2, FALSE), "") | EX8: No | FF8: =IFERROR(VLOOKUP(FD8&"-"&FE8, Sheet2!$E:$F, 2, FALSE), "") | FL8: =IFERROR(VLOOKUP(FJ8&"-"&FK8, Sheet2!$E:$F, 2, FALSE), "") | FT8: =IFERROR(VLOOKUP(FR8&"-"&FS8, Sheet2!$E:$F, 2, FALSE), "") | FZ8: =IFERROR(VLOOKUP(FX8&"-"&FY8, Sheet2!$E:$F, 2, FALSE), "") | GK8: =IFERROR(VLOOKUP(GI8&"-"&GJ8, Sheet2!$E:$F, 2, FALSE), "") | GN8: No | GV8: =IFERROR(VLOOKUP(GT8&"-"&GU8, Sheet2!$E:$F, 2, FALSE), "") | HB8: =IFERROR(VLOOKUP(GZ8&"-"&HA8, Sheet2!$E:$F, 2, FALSE), "") | HK8: =IFERROR(VLOOKUP(HI8&"-"&HJ8, Sheet2!$E:$F, 2, FALSE), "") | HQ8: =IFERROR(VLOOKUP(HO8&"-"&HP8, Sheet2!$E:$F, 2, FALSE), "") | IC8: =IFERROR(VLOOKUP(IA8&"-"&IB8, Sheet2!$E:$F, 2, FALSE), "") | IK8: =IFERROR(VLOOKUP(II8&"-"&IJ8, Sheet2!$E:$F, 2, FALSE), "") | IQ8: =IFERROR(VLOOKUP(IO8&"-"&IP8, Sheet2!$E:$F, 2, FALSE), "") | IZ8: =IFERROR(VLOOKUP(IX8&"-"&IY8, Sheet2!$E:$F, 2, FALSE), "") | JF8: =IFERROR(VLOOKUP(JD8&"-"&JE8, Sheet2!$E:$F, 2, FALSE), "") | JR8: =IFERROR(VLOOKUP(JP8&"-"&JQ8, Sheet2!$E:$F, 2, FALSE), "") | JZ8: =IFERROR(VLOOKUP(JX8&"-"&JY8, Sheet2!$E:$F, 2, FALSE), "") | KH8: =IFERROR(VLOOKUP(KF8&"-"&KG8, Sheet2!$E:$F, 2, FALSE), "") | KQ8: =IFERROR(VLOOKUP(KO8&"-"&KP8, Sheet2!$E:$F, 2, FALSE), "") | KW8: =IFERROR(VLOOKUP(KU8&"-"&KV8, Sheet2!$E:$F, 2, FALSE), "") | LG8: =IFERROR(VLOOKUP(LE8&"-"&LF8, Sheet2!$E:$F, 2, FALSE), "") | LJ8: No | LR8: =IFERROR(VLOOKUP(LP8&"-"&LQ8, Sheet2!$E:$F, 2, FALSE), "") | LX8: =IFERROR(VLOOKUP(LV8&"-"&LW8, Sheet2!$E:$F, 2, FALSE), "") | MG8: =IFERROR(VLOOKUP(ME8&"-"&MF8, Sheet2!$E:$F, 2, FALSE), "") | MM8: =IFERROR(VLOOKUP(MK8&"-"&ML8, Sheet2!$E:$F, 2, FALSE), "") | MW8: =IFERROR(VLOOKUP(MU8&"-"&MV8, Sheet2!$E:$F, 2, FALSE), "") | MZ8: No | NH8: =IFERROR(VLOOKUP(NF8&"-"&NG8, Sheet2!$E:$F, 2, FALSE), "") | NN8: =IFERROR(VLOOKUP(NL8&"-"&NM8, Sheet2!$E:$F, 2, FALSE), "") | NW8: =IFERROR(VLOOKUP(NU8&"-"&NV8, Sheet2!$E:$F, 2, FALSE), "") | OC8: =IFERROR(VLOOKUP(OA8&"-"&OB8, Sheet2!$E:$F, 2, FALSE), "") | OM8: =IFERROR(VLOOKUP(OK8&"-"&OL8, Sheet2!$E:$F, 2, FALSE), "") | OP8: No | OX8: =IFERROR(VLOOKUP(OV8&"-"&OW8, Sheet2!$E:$F, 2, FALSE), "") | PD8: =IFERROR(VLOOKUP(PB8&"-"&PC8, Sheet2!$E:$F, 2, FALSE), "") | PM8: =IFERROR(VLOOKUP(PK8&"-"&PL8, Sheet2!$E:$F, 2, FALSE), "") | PS8: =IFERROR(VLOOKUP(PQ8&"-"&PR8, Sheet2!$E:$F, 2, FALSE), "")
A9: Stephani | B9: Miller | C9: FL | D9: 100009 | E9: dsmillertime84@aol.com | F9: Founding Member | K9: =IFERROR(VLOOKUP(I9&"-"&J9, Sheet2!$E:$F, 2, FALSE), "") | L9: IL | M9: Norfolk | N9: =IFERROR(VLOOKUP(L9&"-"&M9, Sheet2!$E:$F, 2, FALSE), "") | R9: No | Y9: =IFERROR(VLOOKUP(W9&"-"&X9, Sheet2!$E:$F, 2, FALSE), "") | Z9: MA | AB9: =IFERROR(VLOOKUP(Z9&"-"&X9, Sheet2!$E:$F, 2, FALSE), "") | AJ9: =IFERROR(VLOOKUP(AH9&"-"&AI9, Sheet2!$E:$F, 2, FALSE), "") | AR9: =IFERROR(VLOOKUP(AP9&"-"&AQ9, Sheet2!$E:$F, 2, FALSE), "") | AZ9: =IFERROR(VLOOKUP(AX9&"-"&AY9, Sheet2!$E:$F, 2, FALSE), "") | BJ9: =IFERROR(VLOOKUP(BH9&"-"&BI9, Sheet2!$E:$F, 2, FALSE), "") | BN9: No | BV9: =IFERROR(VLOOKUP(BT9&"-"&BU9, Sheet2!$E:$F, 2, FALSE), "") | CB9: =IFERROR(VLOOKUP(BZ9&"-"&CA9, Sheet2!$E:$F, 2, FALSE), "") | CJ9: =IFERROR(VLOOKUP(CH9&"-"&CI9, Sheet2!$E:$F, 2, FALSE), "") | CP9: =IFERROR(VLOOKUP(CN9&"-"&CO9, Sheet2!$E:$F, 2, FALSE), "") | CZ9: =IFERROR(VLOOKUP(CX9&"-"&CY9, Sheet2!$E:$F, 2, FALSE), "") | DC9: No | DK9: =IFERROR(VLOOKUP(DI9&"-"&DJ9, Sheet2!$E:$F, 2, FALSE), "") | DQ9: =IFERROR(VLOOKUP(DO9&"-"&DP9, Sheet2!$E:$F, 2, FALSE), "") | DT9: No | EE9: =IFERROR(VLOOKUP(EC9&"-"&ED9, Sheet2!$E:$F, 2, FALSE), "") | EJ9: =IFERROR(VLOOKUP(EH9&"-"&EI9, Sheet2!$E:$F, 2, FALSE), "") | EU9: =IFERROR(VLOOKUP(ES9&"-"&ET9, Sheet2!$E:$F, 2, FALSE), "") | EX9: No | FF9: =IFERROR(VLOOKUP(FD9&"-"&FE9, Sheet2!$E:$F, 2, FALSE), "") | FL9: =IFERROR(VLOOKUP(FJ9&"-"&FK9, Sheet2!$E:$F, 2, FALSE), "") | FT9: =IFERROR(VLOOKUP(FR9&"-"&FS9, Sheet2!$E:$F, 2, FALSE), "") | FZ9: =IFERROR(VLOOKUP(FX9&"-"&FY9, Sheet2!$E:$F, 2, FALSE), "") | GK9: =IFERROR(VLOOKUP(GI9&"-"&GJ9, Sheet2!$E:$F, 2, FALSE), "") | GN9: No | GV9: =IFERROR(VLOOKUP(GT9&"-"&GU9, Sheet2!$E:$F, 2, FALSE), "") | HB9: =IFERROR(VLOOKUP(GZ9&"-"&HA9, Sheet2!$E:$F, 2, FALSE), "") | HK9: =IFERROR(VLOOKUP(HI9&"-"&HJ9, Sheet2!$E:$F, 2, FALSE), "") | HQ9: =IFERROR(VLOOKUP(HO9&"-"&HP9, Sheet2!$E:$F, 2, FALSE), "") | IC9: =IFERROR(VLOOKUP(IA9&"-"&IB9, Sheet2!$E:$F, 2, FALSE), "") | IK9: =IFERROR(VLOOKUP(II9&"-"&IJ9, Sheet2!$E:$F, 2, FALSE), "") | IQ9: =IFERROR(VLOOKUP(IO9&"-"&IP9, Sheet2!$E:$F, 2, FALSE), "") | IZ9: =IFERROR(VLOOKUP(IX9&"-"&IY9, Sheet2!$E:$F, 2, FALSE), "") | JF9: =IFERROR(VLOOKUP(JD9&"-"&JE9, Sheet2!$E:$F, 2, FALSE), "") | JR9: =IFERROR(VLOOKUP(JP9&"-"&JQ9, Sheet2!$E:$F, 2, FALSE), "") | JZ9: =IFERROR(VLOOKUP(JX9&"-"&JY9, Sheet2!$E:$F, 2, FALSE), "") | KH9: =IFERROR(VLOOKUP(KF9&"-"&KG9, Sheet2!$E:$F, 2, FALSE), "") | KQ9: =IFERROR(VLOOKUP(KO9&"-"&KP9, Sheet2!$E:$F, 2, FALSE), "") | KW9: =IFERROR(VLOOKUP(KU9&"-"&KV9, Sheet2!$E:$F, 2, FALSE), "") | LG9: =IFERROR(VLOOKUP(LE9&"-"&LF9, Sheet2!$E:$F, 2, FALSE), "") | LJ9: No | LR9: =IFERROR(VLOOKUP(LP9&"-"&LQ9, Sheet2!$E:$F, 2, FALSE), "") | LX9: =IFERROR(VLOOKUP(LV9&"-"&LW9, Sheet2!$E:$F, 2, FALSE), "") | MG9: =IFERROR(VLOOKUP(ME9&"-"&MF9, Sheet2!$E:$F, 2, FALSE), "") | MM9: =IFERROR(VLOOKUP(MK9&"-"&ML9, Sheet2!$E:$F, 2, FALSE), "") | MW9: =IFERROR(VLOOKUP(MU9&"-"&MV9, Sheet2!$E:$F, 2, FALSE), "") | MZ9: No | NH9: =IFERROR(VLOOKUP(NF9&"-"&NG9, Sheet2!$E:$F, 2, FALSE), "") | NN9: =IFERROR(VLOOKUP(NL9&"-"&NM9, Sheet2!$E:$F, 2, FALSE), "") | NW9: =IFERROR(VLOOKUP(NU9&"-"&NV9, Sheet2!$E:$F, 2, FALSE), "") | OC9: =IFERROR(VLOOKUP(OA9&"-"&OB9, Sheet2!$E:$F, 2, FALSE), "") | OM9: =IFERROR(VLOOKUP(OK9&"-"&OL9, Sheet2!$E:$F, 2, FALSE), "") | OP9: No | OX9: =IFERROR(VLOOKUP(OV9&"-"&OW9, Sheet2!$E:$F, 2, FALSE), "") | PD9: =IFERROR(VLOOKUP(PB9&"-"&PC9, Sheet2!$E:$F, 2, FALSE), "") | PM9: =IFERROR(VLOOKUP(PK9&"-"&PL9, Sheet2!$E:$F, 2, FALSE), "") | PS9: =IFERROR(VLOOKUP(PQ9&"-"&PR9, Sheet2!$E:$F, 2, FALSE), "")
A10: Laurie | B10: Constantino | C10: WA | D10: 100010 | E10: lhconstantino@gmail.com | F10: Founding Member | K10: =IFERROR(VLOOKUP(I10&"-"&J10, Sheet2!$E:$F, 2, FALSE), "") | L10: IL | M10: Norfolk | N10: =IFERROR(VLOOKUP(L10&"-"&M10, Sheet2!$E:$F, 2, FALSE), "") | R10: No | Y10: =IFERROR(VLOOKUP(W10&"-"&X10, Sheet2!$E:$F, 2, FALSE), "") | Z10: MA | AB10: =IFERROR(VLOOKUP(Z10&"-"&X10, Sheet2!$E:$F, 2, FALSE), "") | AJ10: =IFERROR(VLOOKUP(AH10&"-"&AI10, Sheet2!$E:$F, 2, FALSE), "") | AR10: =IFERROR(VLOOKUP(AP10&"-"&AQ10, Sheet2!$E:$F, 2, FALSE), "") | AZ10: =IFERROR(VLOOKUP(AX10&"-"&AY10, Sheet2!$E:$F, 2, FALSE), "") | BJ10: =IFERROR(VLOOKUP(BH10&"-"&BI10, Sheet2!$E:$F, 2, FALSE), "") | BN10: No | BV10: =IFERROR(VLOOKUP(BT10&"-"&BU10, Sheet2!$E:$F, 2, FALSE), "") | CB10: =IFERROR(VLOOKUP(BZ10&"-"&CA10, Sheet2!$E:$F, 2, FALSE), "") | CJ10: =IFERROR(VLOOKUP(CH10&"-"&CI10, Sheet2!$E:$F, 2, FALSE), "") | CP10: =IFERROR(VLOOKUP(CN10&"-"&CO10, Sheet2!$E:$F, 2, FALSE), "") | CZ10: =IFERROR(VLOOKUP(CX10&"-"&CY10, Sheet2!$E:$F, 2, FALSE), "") | DC10: No | DK10: =IFERROR(VLOOKUP(DI10&"-"&DJ10, Sheet2!$E:$F, 2, FALSE), "") | DQ10: =IFERROR(VLOOKUP(DO10&"-"&DP10, Sheet2!$E:$F, 2, FALSE), "") | DT10: No | EE10: =IFERROR(VLOOKUP(EC10&"-"&ED10, Sheet2!$E:$F, 2, FALSE), "") | EJ10: =IFERROR(VLOOKUP(EH10&"-"&EI10, Sheet2!$E:$F, 2, FALSE), "") | EU10: =IFERROR(VLOOKUP(ES10&"-"&ET10, Sheet2!$E:$F, 2, FALSE), "") | EX10: No | FF10: =IFERROR(VLOOKUP(FD10&"-"&FE10, Sheet2!$E:$F, 2, FALSE), "") | FL10: =IFERROR(VLOOKUP(FJ10&"-"&FK10, Sheet2!$E:$F, 2, FALSE), "") | FT10: =IFERROR(VLOOKUP(FR10&"-"&FS10, Sheet2!$E:$F, 2, FALSE), "") | FZ10: =IFERROR(VLOOKUP(FX10&"-"&FY10, Sheet2!$E:$F, 2, FALSE), "") | GK10: =IFERROR(VLOOKUP(GI10&"-"&GJ10, Sheet2!$E:$F, 2, FALSE), "") | GN10: No | GV10: =IFERROR(VLOOKUP(GT10&"-"&GU10, Sheet2!$E:$F, 2, FALSE), "") | HB10: =IFERROR(VLOOKUP(GZ10&"-"&HA10, Sheet2!$E:$F, 2, FALSE), "") | HK10: =IFERROR(VLOOKUP(HI10&"-"&HJ10, Sheet2!$E:$F, 2, FALSE), "") | HQ10: =IFERROR(VLOOKUP(HO10&"-"&HP10, Sheet2!$E:$F, 2, FALSE), "") | IC10: =IFERROR(VLOOKUP(IA10&"-"&IB10, Sheet2!$E:$F, 2, FALSE), "") | IK10: =IFERROR(VLOOKUP(II10&"-"&IJ10, Sheet2!$E:$F, 2, FALSE), "") | IQ10: =IFERROR(VLOOKUP(IO10&"-"&IP10, Sheet2!$E:$F, 2, FALSE), "") | IZ10: =IFERROR(VLOOKUP(IX10&"-"&IY10, Sheet2!$E:$F, 2, FALSE), "") | JF10: =IFERROR(VLOOKUP(JD10&"-"&JE10, Sheet2!$E:$F, 2, FALSE), "") | JR10: =IFERROR(VLOOKUP(JP10&"-"&JQ10, Sheet2!$E:$F, 2, FALSE), "") | JZ10: =IFERROR(VLOOKUP(JX10&"-"&JY10, Sheet2!$E:$F, 2, FALSE), "") | KH10: =IFERROR(VLOOKUP(KF10&"-"&KG10, Sheet2!$E:$F, 2, FALSE), "") | KQ10: =IFERROR(VLOOKUP(KO10&"-"&KP10, Sheet2!$E:$F, 2, FALSE), "") | KW10: =IFERROR(VLOOKUP(KU10&"-"&KV10, Sheet2!$E:$F, 2, FALSE), "") | LG10: =IFERROR(VLOOKUP(LE10&"-"&LF10, Sheet2!$E:$F, 2, FALSE), "") | LJ10: No | LR10: =IFERROR(VLOOKUP(LP10&"-"&LQ10, Sheet2!$E:$F, 2, FALSE), "") | LX10: =IFERROR(VLOOKUP(LV10&"-"&LW10, Sheet2!$E:$F, 2, FALSE), "") | MG10: =IFERROR(VLOOKUP(ME10&"-"&MF10, Sheet2!$E:$F, 2, FALSE), "") | MM10: =IFERROR(VLOOKUP(MK10&"-"&ML10, Sheet2!$E:$F, 2, FALSE), "") | MW10: =IFERROR(VLOOKUP(MU10&"-"&MV10, Sheet2!$E:$F, 2, FALSE), "") | MZ10: No | NH10: =IFERROR(VLOOKUP(NF10&"-"&NG10, Sheet2!$E:$F, 2, FALSE), "") | NN10: =IFERROR(VLOOKUP(NL10&"-"&NM10, Sheet2!$E:$F, 2, FALSE), "") | NW10: =IFERROR(VLOOKUP(NU10&"-"&NV10, Sheet2!$E:$F, 2, FALSE), "") | OC10: =IFERROR(VLOOKUP(OA10&"-"&OB10, Sheet2!$E:$F, 2, FALSE), "") | OM10: =IFERROR(VLOOKUP(OK10&"-"&OL10, Sheet2!$E:$F, 2, FALSE), "") | OP10: No | OX10: =IFERROR(VLOOKUP(OV10&"-"&OW10, Sheet2!$E:$F, 2, FALSE), "") | PD10: =IFERROR(VLOOKUP(PB10&"-"&PC10, Sheet2!$E:$F, 2, FALSE), "") | PM10: =IFERROR(VLOOKUP(PK10&"-"&PL10, Sheet2!$E:$F, 2, FALSE), "") | PS10: =IFERROR(VLOOKUP(PQ10&"-"&PR10, Sheet2!$E:$F, 2, FALSE), "")
A11: Gigi | B11: Best-Richardson | C11: FL | D11: 100011 | E11: bradlcmuseum@gmail.com | F11: Founding Member | K11: =IFERROR(VLOOKUP(I11&"-"&J11, Sheet2!$E:$F, 2, FALSE), "") | L11: IL | M11: Norfolk | N11: =IFERROR(VLOOKUP(L11&"-"&M11, Sheet2!$E:$F, 2, FALSE), "") | R11: No | Y11: =IFERROR(VLOOKUP(W11&"-"&X11, Sheet2!$E:$F, 2, FALSE), "") | Z11: MA | AB11: =IFERROR(VLOOKUP(Z11&"-"&X11, Sheet2!$E:$F, 2, FALSE), "") | AJ11: =IFERROR(VLOOKUP(AH11&"-"&AI11, Sheet2!$E:$F, 2, FALSE), "") | AR11: =IFERROR(VLOOKUP(AP11&"-"&AQ11, Sheet2!$E:$F, 2, FALSE), "") | AZ11: =IFERROR(VLOOKUP(AX11&"-"&AY11, Sheet2!$E:$F, 2, FALSE), "") | BJ11: =IFERROR(VLOOKUP(BH11&"-"&BI11, Sheet2!$E:$F, 2, FALSE), "") | BN11: No | BV11: =IFERROR(VLOOKUP(BT11&"-"&BU11, Sheet2!$E:$F, 2, FALSE), "") | CB11: =IFERROR(VLOOKUP(BZ11&"-"&CA11, Sheet2!$E:$F, 2, FALSE), "") | CJ11: =IFERROR(VLOOKUP(CH11&"-"&CI11, Sheet2!$E:$F, 2, FALSE), "") | CP11: =IFERROR(VLOOKUP(CN11&"-"&CO11, Sheet2!$E:$F, 2, FALSE), "") | CZ11: =IFERROR(VLOOKUP(CX11&"-"&CY11, Sheet2!$E:$F, 2, FALSE), "") | DC11: No | DK11: =IFERROR(VLOOKUP(DI11&"-"&DJ11, Sheet2!$E:$F, 2, FALSE), "") | DQ11: =IFERROR(VLOOKUP(DO11&"-"&DP11, Sheet2!$E:$F, 2, FALSE), "") | DT11: No | EE11: =IFERROR(VLOOKUP(EC11&"-"&ED11, Sheet2!$E:$F, 2, FALSE), "") | EJ11: =IFERROR(VLOOKUP(EH11&"-"&EI11, Sheet2!$E:$F, 2, FALSE), "") | EU11: =IFERROR(VLOOKUP(ES11&"-"&ET11, Sheet2!$E:$F, 2, FALSE), "") | EX11: No | FF11: =IFERROR(VLOOKUP(FD11&"-"&FE11, Sheet2!$E:$F, 2, FALSE), "") | FL11: =IFERROR(VLOOKUP(FJ11&"-"&FK11, Sheet2!$E:$F, 2, FALSE), "") | FT11: =IFERROR(VLOOKUP(FR11&"-"&FS11, Sheet2!$E:$F, 2, FALSE), "") | FZ11: =IFERROR(VLOOKUP(FX11&"-"&FY11, Sheet2!$E:$F, 2, FALSE), "") | GK11: =IFERROR(VLOOKUP(GI11&"-"&GJ11, Sheet2!$E:$F, 2, FALSE), "") | GN11: No | GV11: =IFERROR(VLOOKUP(GT11&"-"&GU11, Sheet2!$E:$F, 2, FALSE), "") | HB11: =IFERROR(VLOOKUP(GZ11&"-"&HA11, Sheet2!$E:$F, 2, FALSE), "") | HK11: =IFERROR(VLOOKUP(HI11&"-"&HJ11, Sheet2!$E:$F, 2, FALSE), "") | HQ11: =IFERROR(VLOOKUP(HO11&"-"&HP11, Sheet2!$E:$F, 2, FALSE), "") | IC11: =IFERROR(VLOOKUP(IA11&"-"&IB11, Sheet2!$E:$F, 2, FALSE), "") | IK11: =IFERROR(VLOOKUP(II11&"-"&IJ11, Sheet2!$E:$F, 2, FALSE), "") | IQ11: =IFERROR(VLOOKUP(IO11&"-"&IP11, Sheet2!$E:$F, 2, FALSE), "") | IZ11: =IFERROR(VLOOKUP(IX11&"-"&IY11, Sheet2!$E:$F, 2, FALSE), "") | JF11: =IFERROR(VLOOKUP(JD11&"-"&JE11, Sheet2!$E:$F, 2, FALSE), "") | JR11: =IFERROR(VLOOKUP(JP11&"-"&JQ11, Sheet2!$E:$F, 2, FALSE), "") | JZ11: =IFERROR(VLOOKUP(JX11&"-"&JY11, Sheet2!$E:$F, 2, FALSE), "") | KH11: =IFERROR(VLOOKUP(KF11&"-"&KG11, Sheet2!$E:$F, 2, FALSE), "") | KQ11: =IFERROR(VLOOKUP(KO11&"-"&KP11, Sheet2!$E:$F, 2, FALSE), "") | KW11: =IFERROR(VLOOKUP(KU11&"-"&KV11, Sheet2!$E:$F, 2, FALSE), "") | LG11: =IFERROR(VLOOKUP(LE11&"-"&LF11, Sheet2!$E:$F, 2, FALSE), "") | LJ11: No | LR11: =IFERROR(VLOOKUP(LP11&"-"&LQ11, Sheet2!$E:$F, 2, FALSE), "") | LX11: =IFERROR(VLOOKUP(LV11&"-"&LW11, Sheet2!$E:$F, 2, FALSE), "") | MG11: =IFERROR(VLOOKUP(ME11&"-"&MF11, Sheet2!$E:$F, 2, FALSE), "") | MM11: =IFERROR(VLOOKUP(MK11&"-"&ML11, Sheet2!$E:$F, 2, FALSE), "") | MW11: =IFERROR(VLOOKUP(MU11&"-"&MV11, Sheet2!$E:$F, 2, FALSE), "") | MZ11: No | NH11: =IFERROR(VLOOKUP(NF11&"-"&NG11, Sheet2!$E:$F, 2, FALSE), "") | NN11: =IFERROR(VLOOKUP(NL11&"-"&NM11, Sheet2!$E:$F, 2, FALSE), "") | NW11: =IFERROR(VLOOKUP(NU11&"-"&NV11, Sheet2!$E:$F, 2, FALSE), "") | OC11: =IFERROR(VLOOKUP(OA11&"-"&OB11, Sheet2!$E:$F, 2, FALSE), "") | OM11: =IFERROR(VLOOKUP(OK11&"-"&OL11, Sheet2!$E:$F, 2, FALSE), "") | OP11: No | OX11: =IFERROR(VLOOKUP(OV11&"-"&OW11, Sheet2!$E:$F, 2, FALSE), "") | PD11: =IFERROR(VLOOKUP(PB11&"-"&PC11, Sheet2!$E:$F, 2, FALSE), "") | PM11: =IFERROR(VLOOKUP(PK11&"-"&PL11, Sheet2!$E:$F, 2, FALSE), "") | PS11: =IFERROR(VLOOKUP(PQ11&"-"&PR11, Sheet2!$E:$F, 2, FALSE), "")
A12: John | B12: Carter | C12: FL | D12: 100012 | E12: spacemanspiff@tampabay.rr.com | F12: Founding Member | G12: 21485 | H12: Dover, Kent, DE | K12: =IFERROR(VLOOKUP(I12&"-"&J12, Sheet2!$E:$F, 2, FALSE), "") | L12: IL | M12: Norfolk | N12: =IFERROR(VLOOKUP(L12&"-"&M12, Sheet2!$E:$F, 2, FALSE), "") | R12: Yes | Y12: =IFERROR(VLOOKUP(W12&"-"&X12, Sheet2!$E:$F, 2, FALSE), "") | Z12: MA | AB12: =IFERROR(VLOOKUP(Z12&"-"&X12, Sheet2!$E:$F, 2, FALSE), "") | AJ12: =IFERROR(VLOOKUP(AH12&"-"&AI12, Sheet2!$E:$F, 2, FALSE), "") | AR12: =IFERROR(VLOOKUP(AP12&"-"&AQ12, Sheet2!$E:$F, 2, FALSE), "") | AZ12: =IFERROR(VLOOKUP(AX12&"-"&AY12, Sheet2!$E:$F, 2, FALSE), "") | BB12: Record copy, National Society Sons of the America Revolution application of John Cyrus Carter (National member #132102), showing descent from John Durham, Sr (SAR Patriot #P-151685; DAR Patriot #208659). | BC12: John Clayton | BD12: Carter | BE12: 11999 | BF12: Greenwich, Cumberland, NJ | BJ12: =IFERROR(VLOOKUP(BH12&"-"&BI12, Sheet2!$E:$F, 2, FALSE), "") | BN12: Yes | BQ12: 36601 | BR12: Colorado Springs, El Paso, CO | BV12: =IFERROR(VLOOKUP(BT12&"-"&BU12, Sheet2!$E:$F, 2, FALSE), "") | BW12: 21196 | BX12: Bridgeton, Cumberland, NJ | CB12: =IFERROR(VLOOKUP(BZ12&"-"&CA12, Sheet2!$E:$F, 2, FALSE), "") | CC12: Christine | CD12: Harris | CE12: 11172 | CF12: Coxton, Harlan Ce, KY | CJ12: =IFERROR(VLOOKUP(CH12&"-"&CI12, Sheet2!$E:$F, 2, FALSE), "") | CK12: 35402 | CL12: Madison, Boone Co, WV | CP12: =IFERROR(VLOOKUP(CN12&"-"&CO12, Sheet2!$E:$F, 2, FALSE), "") | CR12: Record copy, National Society Sons of the America Revolution application of John Cyrus Carter (National member #132102), showing descent from John Durham, Sr (SAR Patriot #P-151685; DAR Patriot #208659). | CS12: Hopewell | CT12: Carter | CU12: 3031 | CV12: Cheswold, Kent, DE | CZ12: =IFERROR(VLOOKUP(CX12&"-"&CY12, Sheet2!$E:$F, 2, FALSE), "") | DC12: Yes | DF12: 24775 | DG12: Winslow, Camden Co, NJ | DK12: =IFERROR(VLOOKUP(DI12&"-"&DJ12, Sheet2!$E:$F, 2, FALSE), "") | DL12: 10740 | DM12: Bridgeton, Cumberland Co, NJ | DQ12: =IFERROR(VLOOKUP(DO12&"-"&DP12, Sheet2!$E:$F, 2, FALSE), "") | DT12: Yes | DW12: Lethia Harriett | DX12: Coker | DZ12: 4597 | EA12: Dover, Kent Ca, DE | EB12: 31721 | EE12: =IFERROR(VLOOKUP(EC12&"-"&ED12, Sheet2!$E:$F, 2, FALSE), "") | EF12: Bridgeton,C umberlandC o,N | EJ12: =IFERROR(VLOOKUP(EH12&"-"&EI12, Sheet2!$E:$F, 2, FALSE), "") | EM12: Record copy, National Society Sons of the America Revolution application of John Cyrus Carter (National member #132102), showing descent from John Durham, Sr (SAR Patriot #P-151685; DAR Patriot #208659). | EN12: John Clayton | EO12: Carter | EP12: 23 Apr 1884 | EQ12: DE | EU12: =IFERROR(VLOOKUP(ES12&"-"&ET12, Sheet2!$E:$F, 2, FALSE), "") | EX12: Yes | FA12: 5522 | FB12: Cheswotd, Kent Ce, DE | FF12: =IFERROR(VLOOKUP(FD12&"-"&FE12, Sheet2!$E:$F, 2, FALSE), "") | FG12: 2965 | FH12: Kent Ce, DE | FL12: =IFERROR(VLOOKUP(FJ12&"-"&FK12, Sheet2!$E:$F, 2, FALSE), "") | FM12: Phebe | FN12: Carney | FO12: 14 Den 1889 | FP12: Cheswdd, Kent Ce, DE | FT12: =IFERROR(VLOOKUP(FR12&"-"&FS12, Sheet2!$E:$F, 2, FALSE), "") | FU12: 24241 | FV12: FairfietdTownship, Cumberland Co, NJ | FZ12: =IFERROR(VLOOKUP(FX12&"-"&FY12, Sheet2!$E:$F, 2, FALSE), "") | GC12: Record copy, National Society Sons of the America Revolution application of John Cyrus Carter (National member #132102), showing descent from John Durham, Sr (SAR Patriot #P-151685; DAR Patriot #208659). | GD12: James Perry | GE12: Carter | GF12: 21 Jul 1847 | GG12: Kent County, DE | GK12: =IFERROR(VLOOKUP(GI12&"-"&GJ12, Sheet2!$E:$F, 2, FALSE), "") | GN12: Yes | GQ12: 12654 | GR12: Kent County, DE | GV12: =IFERROR(VLOOKUP(GT12&"-"&GU12, Sheet2!$E:$F, 2, FALSE), "") | HB12: =IFERROR(VLOOKUP(GZ12&"-"&HA12, Sheet2!$E:$F, 2, FALSE), "") | HC12: Harriet | HD12: Durham | HF12: 20 May 1851 | HG12: Kent County, DE | HK12: =IFERROR(VLOOKUP(HI12&"-"&HJ12, Sheet2!$E:$F, 2, FALSE), "") | HL12: 7662 | HM12: Kent County, DE | HQ12: =IFERROR(VLOOKUP(HO12&"-"&HP12, Sheet2!$E:$F, 2, FALSE), "") | HT12: Record copy, National Society Sons of the America Revolution application of John Cyrus Carter (National member #132102), showing descent from John Durham, Sr (SAR Patriot #P-151685; DAR Patriot #208659). | HU12: Joel | HV12: Durham | HX12: Jul 1819 | HY12: Dover, Kent Co, De | IC12: =IFERROR(VLOOKUP(IA12&"-"&IB12, Sheet2!$E:$F, 2, FALSE), "") | IF12: 2970 | IG12: Dover, Kent Co, DE | IK12: =IFERROR(VLOOKUP(II12&"-"&IJ12, Sheet2!$E:$F, 2, FALSE), "") | IL12: 1838 | IQ12: =IFERROR(VLOOKUP(IO12&"-"&IP12, Sheet2!$E:$F, 2, FALSE), "") | IR12: Margaret | IS12: Munce | IT12: Muntz | IU12: 1817 | IV12: DE | IZ12: =IFERROR(VLOOKUP(IX12&"-"&IY12, Sheet2!$E:$F, 2, FALSE), "") | JA12: 14 Apr 1895 | JB12: Dover, Kent Co, DE | JF12: =IFERROR(VLOOKUP(JD12&"-"&JE12, Sheet2!$E:$F, 2, FALSE), "") | JJ12: Elisha | JK12: Durham Sr. | JL12: Elijah | JM12: Feb 1794 | JN12: Dover, Kent Co, DE | JR12: =IFERROR(VLOOKUP(JP12&"-"&JQ12, Sheet2!$E:$F, 2, FALSE), "") | JU12: 15 May 1864 | JV12: Dover, Kent Co, DE | JZ12: =IFERROR(VLOOKUP(JX12&"-"&JY12, Sheet2!$E:$F, 2, FALSE), "") | KC12: 1819 | KD12: Kent Co, DE | KH12: =IFERROR(VLOOKUP(KF12&"-"&KG12, Sheet2!$E:$F, 2, FALSE), "") | KI12: Hester | KJ12: Conselor | KK12: Concealler | KL12: 1787 | KM12: Kent Co, DE | KQ12: =IFERROR(VLOOKUP(KO12&"-"&KP12, Sheet2!$E:$F, 2, FALSE), "") | KR12: 1845 | KS12: Kent Co, DE | KW12: =IFERROR(VLOOKUP(KU12&"-"&KV12, Sheet2!$E:$F, 2, FALSE), "") | KX12: Record copy, National Society Sons of the America Revolution application of John Cyrus Carter (National member #132102), showing descent from John Durham, Sr (SAR Patriot #P-151685; DAR Patriot #208659). | KY12: Jeremiah | KZ12: Conselor | LA12: Concealler | LB12: 1779 | LG12: =IFERROR(VLOOKUP(LE12&"-"&LF12, Sheet2!$E:$F, 2, FALSE), "") | LJ12: Yes | LN12: Kent Co, DE | LR12: =IFERROR(VLOOKUP(LP12&"-"&LQ12, Sheet2!$E:$F, 2, FALSE), "") | LX12: =IFERROR(VLOOKUP(LV12&"-"&LW12, Sheet2!$E:$F, 2, FALSE), "") | LY12: Elizabeth | MG12: =IFERROR(VLOOKUP(ME12&"-"&MF12, Sheet2!$E:$F, 2, FALSE), "") | MM12: =IFERROR(VLOOKUP(MK12&"-"&ML12, Sheet2!$E:$F, 2, FALSE), "") | MN12: Record copy, National Society Sons of the America Revolution application of John Cyrus Carter (National member #132102), showing descent from John Durham, Sr (SAR Patriot #P-151685; DAR Patriot #208659). | MO12: Elijah | MP12: Conselor | MQ12: Concealler | MR12: 1762 | MW12: =IFERROR(VLOOKUP(MU12&"-"&MV12, Sheet2!$E:$F, 2, FALSE), "") | MZ12: Yes | NC12: 29 Dec 1801 | ND12: Kent Co, DE | NH12: =IFERROR(VLOOKUP(NF12&"-"&NG12, Sheet2!$E:$F, 2, FALSE), "") | NJ12: Kent Co, DE | NN12: =IFERROR(VLOOKUP(NL12&"-"&NM12, Sheet2!$E:$F, 2, FALSE), "") | NO12: Hannah | NP12: Durham | NS12: Kent Co, DE | NW12: =IFERROR(VLOOKUP(NU12&"-"&NV12, Sheet2!$E:$F, 2, FALSE), "") | NX12: 29 Jun 1841 | NY12: Kent Co, DE | OC12: =IFERROR(VLOOKUP(OA12&"-"&OB12, Sheet2!$E:$F, 2, FALSE), "") | OD12: Record copy, National Society Sons of the America Revolution application of John Cyrus Carter (National member #132102), showing descent from John Durham, Sr (SAR Patriot #P-151685; DAR Patriot #208659). | OE12: John | OF12: Durham Sr. | OH12: 1720 | OM12: =IFERROR(VLOOKUP(OK12&"-"&OL12, Sheet2!$E:$F, 2, FALSE), "") | OP12: Yes | OS12: 13 May 1788 | OT12: Little Creek Hundred, Kent Co, DE | OX12: =IFERROR(VLOOKUP(OV12&"-"&OW12, Sheet2!$E:$F, 2, FALSE), "") | PD12: =IFERROR(VLOOKUP(PB12&"-"&PC12, Sheet2!$E:$F, 2, FALSE), "") | PM12: =IFERROR(VLOOKUP(PK12&"-"&PL12, Sheet2!$E:$F, 2, FALSE), "") | PS12: =IFERROR(VLOOKUP(PQ12&"-"&PR12, Sheet2!$E:$F, 2, FALSE), "") | PT12: Record copy, National Society Sons of the America Revolution application of John Cyrus Carter (National member #132102), showing descent from John Durham, Sr (SAR Patriot #P-151685; DAR Patriot #208659).
A13: Quincy | B13: Cornwall | C13: NY | D13: 100013 | E13: qjcornwall@yahoo.com | F13: Founding Member | K13: =IFERROR(VLOOKUP(I13&"-"&J13, Sheet2!$E:$F, 2, FALSE), "") | L13: IL | M13: Norfolk | N13: =IFERROR(VLOOKUP(L13&"-"&M13, Sheet2!$E:$F, 2, FALSE), "") | R13: No | Y13: =IFERROR(VLOOKUP(W13&"-"&X13, Sheet2!$E:$F, 2, FALSE), "") | Z13: MA | AB13: =IFERROR(VLOOKUP(Z13&"-"&X13, Sheet2!$E:$F, 2, FALSE), "") | AJ13: =IFERROR(VLOOKUP(AH13&"-"&AI13, Sheet2!$E:$F, 2, FALSE), "") | AR13: =IFERROR(VLOOKUP(AP13&"-"&AQ13, Sheet2!$E:$F, 2, FALSE), "") | AZ13: =IFERROR(VLOOKUP(AX13&"-"&AY13, Sheet2!$E:$F, 2, FALSE), "") | BJ13: =IFERROR(VLOOKUP(BH13&"-"&BI13, Sheet2!$E:$F, 2, FALSE), "") | BN13: No | BV13: =IFERROR(VLOOKUP(BT13&"-"&BU13, Sheet2!$E:$F, 2, FALSE), "") | CB13: =IFERROR(VLOOKUP(BZ13&"-"&CA13, Sheet2!$E:$F, 2, FALSE), "") | CJ13: =IFERROR(VLOOKUP(CH13&"-"&CI13, Sheet2!$E:$F, 2, FALSE), "") | CP13: =IFERROR(VLOOKUP(CN13&"-"&CO13, Sheet2!$E:$F, 2, FALSE), "") | CZ13: =IFERROR(VLOOKUP(CX13&"-"&CY13, Sheet2!$E:$F, 2, FALSE), "") | DC13: No | DK13: =IFERROR(VLOOKUP(DI13&"-"&DJ13, Sheet2!$E:$F, 2, FALSE), "") | DQ13: =IFERROR(VLOOKUP(DO13&"-"&DP13, Sheet2!$E:$F, 2, FALSE), "") | DT13: No | EE13: =IFERROR(VLOOKUP(EC13&"-"&ED13, Sheet2!$E:$F, 2, FALSE), "") | EJ13: =IFERROR(VLOOKUP(EH13&"-"&EI13, Sheet2!$E:$F, 2, FALSE), "") | EU13: =IFERROR(VLOOKUP(ES13&"-"&ET13, Sheet2!$E:$F, 2, FALSE), "") | EX13: No | FF13: =IFERROR(VLOOKUP(FD13&"-"&FE13, Sheet2!$E:$F, 2, FALSE), "") | FL13: =IFERROR(VLOOKUP(FJ13&"-"&FK13, Sheet2!$E:$F, 2, FALSE), "") | FT13: =IFERROR(VLOOKUP(FR13&"-"&FS13, Sheet2!$E:$F, 2, FALSE), "") | FZ13: =IFERROR(VLOOKUP(FX13&"-"&FY13, Sheet2!$E:$F, 2, FALSE), "") | GK13: =IFERROR(VLOOKUP(GI13&"-"&GJ13, Sheet2!$E:$F, 2, FALSE), "") | GN13: No | GV13: =IFERROR(VLOOKUP(GT13&"-"&GU13, Sheet2!$E:$F, 2, FALSE), "") | HB13: =IFERROR(VLOOKUP(GZ13&"-"&HA13, Sheet2!$E:$F, 2, FALSE), "") | HK13: =IFERROR(VLOOKUP(HI13&"-"&HJ13, Sheet2!$E:$F, 2, FALSE), "") | HQ13: =IFERROR(VLOOKUP(HO13&"-"&HP13, Sheet2!$E:$F, 2, FALSE), "") | IC13: =IFERROR(VLOOKUP(IA13&"-"&IB13, Sheet2!$E:$F, 2, FALSE), "") | IK13: =IFERROR(VLOOKUP(II13&"-"&IJ13, Sheet2!$E:$F, 2, FALSE), "") | IQ13: =IFERROR(VLOOKUP(IO13&"-"&IP13, Sheet2!$E:$F, 2, FALSE), "") | IZ13: =IFERROR(VLOOKUP(IX13&"-"&IY13, Sheet2!$E:$F, 2, FALSE), "") | JF13: =IFERROR(VLOOKUP(JD13&"-"&JE13, Sheet2!$E:$F, 2, FALSE), "") | JR13: =IFERROR(VLOOKUP(JP13&"-"&JQ13, Sheet2!$E:$F, 2, FALSE), "") | JZ13: =IFERROR(VLOOKUP(JX13&"-"&JY13, Sheet2!$E:$F, 2, FALSE), "") | KH13: =IFERROR(VLOOKUP(KF13&"-"&KG13, Sheet2!$E:$F, 2, FALSE), "") | KQ13: =IFERROR(VLOOKUP(KO13&"-"&KP13, Sheet2!$E:$F, 2, FALSE), "") | KW13: =IFERROR(VLOOKUP(KU13&"-"&KV13, Sheet2!$E:$F, 2, FALSE), "") | LG13: =IFERROR(VLOOKUP(LE13&"-"&LF13, Sheet2!$E:$F, 2, FALSE), "") | LJ13: No | LR13: =IFERROR(VLOOKUP(LP13&"-"&LQ13, Sheet2!$E:$F, 2, FALSE), "") | LX13: =IFERROR(VLOOKUP(LV13&"-"&LW13, Sheet2!$E:$F, 2, FALSE), "") | MG13: =IFERROR(VLOOKUP(ME13&"-"&MF13, Sheet2!$E:$F, 2, FALSE), "") | MM13: =IFERROR(VLOOKUP(MK13&"-"&ML13, Sheet2!$E:$F, 2, FALSE), "") | MW13: =IFERROR(VLOOKUP(MU13&"-"&MV13, Sheet2!$E:$F, 2, FALSE), "") | MZ13: No | NH13: =IFERROR(VLOOKUP(NF13&"-"&NG13, Sheet2!$E:$F, 2, FALSE), "") | NN13: =IFERROR(VLOOKUP(NL13&"-"&NM13, Sheet2!$E:$F, 2, FALSE), "") | NW13: =IFERROR(VLOOKUP(NU13&"-"&NV13, Sheet2!$E:$F, 2, FALSE), "") | OC13: =IFERROR(VLOOKUP(OA13&"-"&OB13, Sheet2!$E:$F, 2, FALSE), "") | OM13: =IFERROR(VLOOKUP(OK13&"-"&OL13, Sheet2!$E:$F, 2, FALSE), "") | OP13: No | OX13: =IFERROR(VLOOKUP(OV13&"-"&OW13, Sheet2!$E:$F, 2, FALSE), "") | PD13: =IFERROR(VLOOKUP(PB13&"-"&PC13, Sheet2!$E:$F, 2, FALSE), "") | PM13: =IFERROR(VLOOKUP(PK13&"-"&PL13, Sheet2!$E:$F, 2, FALSE), "") | PS13: =IFERROR(VLOOKUP(PQ13&"-"&PR13, Sheet2!$E:$F, 2, FALSE), "")
A14: Jackie | B14: Long | C14: NY | D14: 100014 | E14: jaclong11@gmail.com | F14: Founding Member | K14: =IFERROR(VLOOKUP(I14&"-"&J14, Sheet2!$E:$F, 2, FALSE), "") | L14: IL | M14: Norfolk | N14: =IFERROR(VLOOKUP(L14&"-"&M14, Sheet2!$E:$F, 2, FALSE), "") | R14: No | Y14: =IFERROR(VLOOKUP(W14&"-"&X14, Sheet2!$E:$F, 2, FALSE), "") | Z14: MA | AB14: =IFERROR(VLOOKUP(Z14&"-"&X14, Sheet2!$E:$F, 2, FALSE), "") | AJ14: =IFERROR(VLOOKUP(AH14&"-"&AI14, Sheet2!$E:$F, 2, FALSE), "") | AR14: =IFERROR(VLOOKUP(AP14&"-"&AQ14, Sheet2!$E:$F, 2, FALSE), "") | AZ14: =IFERROR(VLOOKUP(AX14&"-"&AY14, Sheet2!$E:$F, 2, FALSE), "") | BJ14: =IFERROR(VLOOKUP(BH14&"-"&BI14, Sheet2!$E:$F, 2, FALSE), "") | BN14: No | BV14: =IFERROR(VLOOKUP(BT14&"-"&BU14, Sheet2!$E:$F, 2, FALSE), "") | CB14: =IFERROR(VLOOKUP(BZ14&"-"&CA14, Sheet2!$E:$F, 2, FALSE), "") | CJ14: =IFERROR(VLOOKUP(CH14&"-"&CI14, Sheet2!$E:$F, 2, FALSE), "") | CP14: =IFERROR(VLOOKUP(CN14&"-"&CO14, Sheet2!$E:$F, 2, FALSE), "") | CZ14: =IFERROR(VLOOKUP(CX14&"-"&CY14, Sheet2!$E:$F, 2, FALSE), "") | DC14: No | DK14: =IFERROR(VLOOKUP(DI14&"-"&DJ14, Sheet2!$E:$F, 2, FALSE), "") | DQ14: =IFERROR(VLOOKUP(DO14&"-"&DP14, Sheet2!$E:$F, 2, FALSE), "") | DT14: No | EE14: =IFERROR(VLOOKUP(EC14&"-"&ED14, Sheet2!$E:$F, 2, FALSE), "") | EJ14: =IFERROR(VLOOKUP(EH14&"-"&EI14, Sheet2!$E:$F, 2, FALSE), "") | EU14: =IFERROR(VLOOKUP(ES14&"-"&ET14, Sheet2!$E:$F, 2, FALSE), "") | EX14: No | FF14: =IFERROR(VLOOKUP(FD14&"-"&FE14, Sheet2!$E:$F, 2, FALSE), "") | FL14: =IFERROR(VLOOKUP(FJ14&"-"&FK14, Sheet2!$E:$F, 2, FALSE), "") | FT14: =IFERROR(VLOOKUP(FR14&"-"&FS14, Sheet2!$E:$F, 2, FALSE), "") | FZ14: =IFERROR(VLOOKUP(FX14&"-"&FY14, Sheet2!$E:$F, 2, FALSE), "") | GK14: =IFERROR(VLOOKUP(GI14&"-"&GJ14, Sheet2!$E:$F, 2, FALSE), "") | GN14: No | GV14: =IFERROR(VLOOKUP(GT14&"-"&GU14, Sheet2!$E:$F, 2, FALSE), "") | HB14: =IFERROR(VLOOKUP(GZ14&"-"&HA14, Sheet2!$E:$F, 2, FALSE), "") | HK14: =IFERROR(VLOOKUP(HI14&"-"&HJ14, Sheet2!$E:$F, 2, FALSE), "") | HQ14: =IFERROR(VLOOKUP(HO14&"-"&HP14, Sheet2!$E:$F, 2, FALSE), "") | IC14: =IFERROR(VLOOKUP(IA14&"-"&IB14, Sheet2!$E:$F, 2, FALSE), "") | IK14: =IFERROR(VLOOKUP(II14&"-"&IJ14, Sheet2!$E:$F, 2, FALSE), "") | IQ14: =IFERROR(VLOOKUP(IO14&"-"&IP14, Sheet2!$E:$F, 2, FALSE), "") | IZ14: =IFERROR(VLOOKUP(IX14&"-"&IY14, Sheet2!$E:$F, 2, FALSE), "") | JF14: =IFERROR(VLOOKUP(JD14&"-"&JE14, Sheet2!$E:$F, 2, FALSE), "") | JR14: =IFERROR(VLOOKUP(JP14&"-"&JQ14, Sheet2!$E:$F, 2, FALSE), "") | JZ14: =IFERROR(VLOOKUP(JX14&"-"&JY14, Sheet2!$E:$F, 2, FALSE), "") | KH14: =IFERROR(VLOOKUP(KF14&"-"&KG14, Sheet2!$E:$F, 2, FALSE), "") | KQ14: =IFERROR(VLOOKUP(KO14&"-"&KP14, Sheet2!$E:$F, 2, FALSE), "") | KW14: =IFERROR(VLOOKUP(KU14&"-"&KV14, Sheet2!$E:$F, 2, FALSE), "") | LG14: =IFERROR(VLOOKUP(LE14&"-"&LF14, Sheet2!$E:$F, 2, FALSE), "") | LJ14: No | LR14: =IFERROR(VLOOKUP(LP14&"-"&LQ14, Sheet2!$E:$F, 2, FALSE), "") | LX14: =IFERROR(VLOOKUP(LV14&"-"&LW14, Sheet2!$E:$F, 2, FALSE), "") | MG14: =IFERROR(VLOOKUP(ME14&"-"&MF14, Sheet2!$E:$F, 2, FALSE), "") | MM14: =IFERROR(VLOOKUP(MK14&"-"&ML14, Sheet2!$E:$F, 2, FALSE), "") | MW14: =IFERROR(VLOOKUP(MU14&"-"&MV14, Sheet2!$E:$F, 2, FALSE), "") | MZ14: No | NH14: =IFERROR(VLOOKUP(NF14&"-"&NG14, Sheet2!$E:$F, 2, FALSE), "") | NN14: =IFERROR(VLOOKUP(NL14&"-"&NM14, Sheet2!$E:$F, 2, FALSE), "") | NW14: =IFERROR(VLOOKUP(NU14&"-"&NV14, Sheet2!$E:$F, 2, FALSE), "") | OC14: =IFERROR(VLOOKUP(OA14&"-"&OB14, Sheet2!$E:$F, 2, FALSE), "") | OM14: =IFERROR(VLOOKUP(OK14&"-"&OL14, Sheet2!$E:$F, 2, FALSE), "") | OP14: No | OX14: =IFERROR(VLOOKUP(OV14&"-"&OW14, Sheet2!$E:$F, 2, FALSE), "") | PD14: =IFERROR(VLOOKUP(PB14&"-"&PC14, Sheet2!$E:$F, 2, FALSE), "") | PM14: =IFERROR(VLOOKUP(PK14&"-"&PL14, Sheet2!$E:$F, 2, FALSE), "") | PS14: =IFERROR(VLOOKUP(PQ14&"-"&PR14, Sheet2!$E:$F, 2, FALSE), "")
A15: CONSTANCE ELAINE | B15: Curts | C15: MO | D15: 100015 | E15: curts-lawrence@hotmail.com | F15: Founding Member | G15: 21162 | H15: Islip Suffolk New York | K15: =IFERROR(VLOOKUP(I15&"-"&J15, Sheet2!$E:$F, 2, FALSE), "") | L15: IL | M15: Norfolk | N15: =IFERROR(VLOOKUP(L15&"-"&M15, Sheet2!$E:$F, 2, FALSE), "") | P15: White | Q15: European American | R15: No | Y15: =IFERROR(VLOOKUP(W15&"-"&X15, Sheet2!$E:$F, 2, FALSE), "") | Z15: MA | AB15: =IFERROR(VLOOKUP(Z15&"-"&X15, Sheet2!$E:$F, 2, FALSE), "") | AE15: 36805 | AF15: Olathe, Johnson County, Kansas | AJ15: =IFERROR(VLOOKUP(AH15&"-"&AI15, Sheet2!$E:$F, 2, FALSE), "") | AK15: Brian F. | AL15: Lawrence | AO15: White | AR15: =IFERROR(VLOOKUP(AP15&"-"&AQ15, Sheet2!$E:$F, 2, FALSE), "") | AS15: European American | AZ15: =IFERROR(VLOOKUP(AX15&"-"&AY15, Sheet2!$E:$F, 2, FALSE), "") | BC15: Calvin Aldrish | BD15: Smith | BE15: 12850 | BF15: New York | BJ15: =IFERROR(VLOOKUP(BH15&"-"&BI15, Sheet2!$E:$F, 2, FALSE), "") | BN15: No | BQ15: 39392 | BR15: Roseville, PlacerCounty, California | BV15: =IFERROR(VLOOKUP(BT15&"-"&BU15, Sheet2!$E:$F, 2, FALSE), "") | BW15: 19911 | BX15: Chesterfield, Chesterfield County, South Carolina | CB15: =IFERROR(VLOOKUP(BZ15&"-"&CA15, Sheet2!$E:$F, 2, FALSE), "") | CC15: JUNE lONE | CD15: CORNWELL | CE15: 13079 | CF15: Springfield, Hampden County, Massachusetts | CJ15: =IFERROR(VLOOKUP(CH15&"-"&CI15, Sheet2!$E:$F, 2, FALSE), "") | CK15: 28408 | CL15: St. Charles, St.Charles County, Missouri | CP15: =IFERROR(VLOOKUP(CN15&"-"&CO15, Sheet2!$E:$F, 2, FALSE), "") | CS15: ROBERT Flushing | CT15: Cornwell | CU15: 1614 | CV15: Brockton, Plymouth County, Massachusetts | CZ15: =IFERROR(VLOOKUP(CX15&"-"&CY15, Sheet2!$E:$F, 2, FALSE), "") | DC15: No | DF15: 36241 | DG15: Troy, LincolnCounty, Missouri | DK15: =IFERROR(VLOOKUP(DI15&"-"&DJ15, Sheet2!$E:$F, 2, FALSE), "") | DL15: 12464 | DM15: NewYorkCity, Bronx, NewYork | DQ15: =IFERROR(VLOOKUP(DO15&"-"&DP15, Sheet2!$E:$F, 2, FALSE), "") | DR15: White | DS15: European American | DT15: No | DW15: Despena | DX15: Parakeva | DZ15: 14 Feb 191 1 | EA15: Springfield, Hampden County, Massachusetts | EB15: 34582 | EE15: =IFERROR(VLOOKUP(EC15&"-"&ED15, Sheet2!$E:$F, 2, FALSE), "") | EF15: Wentille, St. Charles Coun, Massachusetts | EJ15: =IFERROR(VLOOKUP(EH15&"-"&EI15, Sheet2!$E:$F, 2, FALSE), "") | EK15: White | EL15: Greece | EN15: SAMUEL BENJAMIN | EO15: Cornwell | EP15: 24 Feb 1859 | EQ15: Bridgewater, Plymouth County, Massachusetts | EU15: =IFERROR(VLOOKUP(ES15&"-"&ET15, Sheet2!$E:$F, 2, FALSE), "") | EV15: Black | EW15: African American | EX15: No | FA15: 19565 | FB15: Brockton, Plymouth County, Massachusetts | FF15: =IFERROR(VLOOKUP(FD15&"-"&FE15, Sheet2!$E:$F, 2, FALSE), "") | FG15: 208 | FH15: Bridgewater, Plymouth, MA | FL15: =IFERROR(VLOOKUP(FJ15&"-"&FK15, Sheet2!$E:$F, 2, FALSE), "") | FM15: Ione Isabel | FN15: Auten | FO15: 16 Mar 1869 | FP15: Manchester twp, Passaic, New Jersey | FT15: =IFERROR(VLOOKUP(FR15&"-"&FS15, Sheet2!$E:$F, 2, FALSE), "") | FU15: 2837 | FV15: Brockton, Plymouth County, Massachusetts | FZ15: =IFERROR(VLOOKUP(FX15&"-"&FY15, Sheet2!$E:$F, 2, FALSE), "") | GA15: White | GB15: European American | GD15: Flushing | GE15: Cornwell | GF15: 25 Dec 1801 | GG15: St. Johns Parish, News Bruniswick, Canada | GK15: =IFERROR(VLOOKUP(GI15&"-"&GJ15, Sheet2!$E:$F, 2, FALSE), "") | GN15: No | GQ15: 19 Aug 1888 | GR15: Bridgewater, Plymouth, MA | GS15: 41_59_25_N_70_58_32_W | GV15: =IFERROR(VLOOKUP(GT15&"-"&GU15, Sheet2!$E:$F, 2, FALSE), "") | GW15: 10 May 1817 | GX15: Bridgewater, Plymouth, MA | GY15: 41_59_25_N_70_58_32_W | HB15: =IFERROR(VLOOKUP(GZ15&"-"&HA15, Sheet2!$E:$F, 2, FALSE), "") | HC15: Harriet | HD15: BROOKER | HF15: 586 | HG15: Bridgewater, Plymouth, MA | HH15: 41_59_25_N_70_58_32_W | HK15: =IFERROR(VLOOKUP(HI15&"-"&HJ15, Sheet2!$E:$F, 2, FALSE), "") | HL15: 19 Apr 1840 | HM15: Brockton, Plymouth, MA | HQ15: =IFERROR(VLOOKUP(HO15&"-"&HP15, Sheet2!$E:$F, 2, FALSE), "") | HR15: Black | HS15: African American | HT15: Record Copy NSSAR #165111, Add ACN 51405 and Record Copy NSDAR # 672791, Add. Vol. 1043 | HU15: Samuel Stanley | HV15: Brooker | HW15: Bruker | HX15: 12 May 1795 | HY15: Bridgewater, Plymouth, MA | IC15: =IFERROR(VLOOKUP(IA15&"-"&IB15, Sheet2!$E:$F, 2, FALSE), "") | ID15: Black | IE15: African American | IF15: 26 Feb 1838 | IG15: Boston, Suffolk, MA | IH15: 42_21_37_N_71_3_28_W | IK15: =IFERROR(VLOOKUP(II15&"-"&IJ15, Sheet2!$E:$F, 2, FALSE), "") | IL15: 18 Oct 1818 | IM15: Boston, Suffolk, MA | IN15: 42_21_37_N_71_3_28_W | IQ15: =IFERROR(VLOOKUP(IO15&"-"&IP15, Sheet2!$E:$F, 2, FALSE), "") | IR15: Philinda | IS15: Russell | IT15: Lender | IU15: 21 Jan 1799 | IV15: Beverly, Essex, MA | IZ15: =IFERROR(VLOOKUP(IX15&"-"&IY15, Sheet2!$E:$F, 2, FALSE), "") | JA15: 23 Apr 1848 | JB15: Tauton, Bristol, MA | JF15: =IFERROR(VLOOKUP(JD15&"-"&JE15, Sheet2!$E:$F, 2, FALSE), "") | JG15: Black | JH15: African American | JI15: Record Copy NSSAR #165111, Add ACN 51405 and Record Copy NSDAR # 672791, Add. Vol. 1043 | JJ15: Samuel Stanley | JK15: Brooker | JL15: Bruker | JM15: 12 May 1795 | JN15: Bridgewater, Plymouth, MA | JR15: =IFERROR(VLOOKUP(JP15&"-"&JQ15, Sheet2!$E:$F, 2, FALSE), "") | JU15: 26 Feb 1838 | JV15: Boston, Suffolk, MA | JW15: 42_21_37_N_71_3_28_W | JZ15: =IFERROR(VLOOKUP(JX15&"-"&JY15, Sheet2!$E:$F, 2, FALSE), "") | KA15: Black | KB15: African American | KC15: 18 Oct 1818 | KD15: Boston, Suffolk, MA | KE15: 42_21_37_N_71_3_28_W | KH15: =IFERROR(VLOOKUP(KF15&"-"&KG15, Sheet2!$E:$F, 2, FALSE), "") | KI15: Philinda | KJ15: Russell | KK15: Lender | KL15: 21 Jan 1799 | KM15: Beverly, Essex, MA | KQ15: =IFERROR(VLOOKUP(KO15&"-"&KP15, Sheet2!$E:$F, 2, FALSE), "") | KR15: 23 Apr 1848 | KS15: Tauton, Bristol, MA | KW15: =IFERROR(VLOOKUP(KU15&"-"&KV15, Sheet2!$E:$F, 2, FALSE), "") | KX15: Record Copy NSSAR #165111, Add ACN 51405 and Record Copy NSDAR # 672791, Add. Vol. 1043 | KY15: Caesar | KZ15: Russell | LB15: 1756 | LG15: =IFERROR(VLOOKUP(LE15&"-"&LF15, Sheet2!$E:$F, 2, FALSE), "") | LJ15: No | LM15: 20 Oct 1861 | LN15: Tauton, Bristol, MA | LR15: =IFERROR(VLOOKUP(LP15&"-"&LQ15, Sheet2!$E:$F, 2, FALSE), "") | LX15: =IFERROR(VLOOKUP(LV15&"-"&LW15, Sheet2!$E:$F, 2, FALSE), "") | LY15: Sally | LZ15: Richardson | MG15: =IFERROR(VLOOKUP(ME15&"-"&MF15, Sheet2!$E:$F, 2, FALSE), "") | MM15: =IFERROR(VLOOKUP(MK15&"-"&ML15, Sheet2!$E:$F, 2, FALSE), "") | MN15: Record Copy NSSAR #165111, Add ACN 51405 and Record Copy NSDAR # 672791, Add. Vol. 1043 | MW15: =IFERROR(VLOOKUP(MU15&"-"&MV15, Sheet2!$E:$F, 2, FALSE), "") | MZ15: No | NH15: =IFERROR(VLOOKUP(NF15&"-"&NG15, Sheet2!$E:$F, 2, FALSE), "") | NN15: =IFERROR(VLOOKUP(NL15&"-"&NM15, Sheet2!$E:$F, 2, FALSE), "") | NW15: =IFERROR(VLOOKUP(NU15&"-"&NV15, Sheet2!$E:$F, 2, FALSE), "") | OC15: =IFERROR(VLOOKUP(OA15&"-"&OB15, Sheet2!$E:$F, 2, FALSE), "") | OD15: Record Copy NSSAR #165111, Add ACN 51405 and Record Copy NSDAR # 672791, Add. Vol. 1043 | OM15: =IFERROR(VLOOKUP(OK15&"-"&OL15, Sheet2!$E:$F, 2, FALSE), "") | OP15: No | OX15: =IFERROR(VLOOKUP(OV15&"-"&OW15, Sheet2!$E:$F, 2, FALSE), "") | PD15: =IFERROR(VLOOKUP(PB15&"-"&PC15, Sheet2!$E:$F, 2, FALSE), "") | PM15: =IFERROR(VLOOKUP(PK15&"-"&PL15, Sheet2!$E:$F, 2, FALSE), "") | PS15: =IFERROR(VLOOKUP(PQ15&"-"&PR15, Sheet2!$E:$F, 2, FALSE), "") | PT15: Record Copy NSSAR #165111, Add ACN 51405 and Record Copy NSDAR # 672791, Add. Vol. 1043
A16: Jay | B16: Carter | D16: 100016 | E16: jaylonac@yahoo.com | F16: Charter Member | G16: 19162 | H16: Grand Rapids, Kent, MI | K16: =IFERROR(VLOOKUP(I16&"-"&J16, Sheet2!$E:$F, 2, FALSE), "") | L16: IL | M16: Norfolk | N16: =IFERROR(VLOOKUP(L16&"-"&M16, Sheet2!$E:$F, 2, FALSE), "") | R16: No | Y16: =IFERROR(VLOOKUP(W16&"-"&X16, Sheet2!$E:$F, 2, FALSE), "") | Z16: MA | AB16: =IFERROR(VLOOKUP(Z16&"-"&X16, Sheet2!$E:$F, 2, FALSE), "") | AJ16: =IFERROR(VLOOKUP(AH16&"-"&AI16, Sheet2!$E:$F, 2, FALSE), "") | AR16: =IFERROR(VLOOKUP(AP16&"-"&AQ16, Sheet2!$E:$F, 2, FALSE), "") | AZ16: =IFERROR(VLOOKUP(AX16&"-"&AY16, Sheet2!$E:$F, 2, FALSE), "") | BC16: Jaycee | BD16: Carter | BE16: 17321 | BJ16: =IFERROR(VLOOKUP(BH16&"-"&BI16, Sheet2!$E:$F, 2, FALSE), "") | BN16: No | BQ16: 34113 | BR16: Ann Arbor | BV16: =IFERROR(VLOOKUP(BT16&"-"&BU16, Sheet2!$E:$F, 2, FALSE), "") | CB16: =IFERROR(VLOOKUP(BZ16&"-"&CA16, Sheet2!$E:$F, 2, FALSE), "") | CC16: Shelley Viola | CD16: Murphy | CE16: 19162 | CF16: Grand Rapid, Kent, MI | CJ16: =IFERROR(VLOOKUP(CH16&"-"&CI16, Sheet2!$E:$F, 2, FALSE), "") | CP16: =IFERROR(VLOOKUP(CN16&"-"&CO16, Sheet2!$E:$F, 2, FALSE), "") | CS16: Calvin | CT16: Murphy | CU16: 9095 | CV16: Ft. Wayne, Allen, IN | CZ16: =IFERROR(VLOOKUP(CX16&"-"&CY16, Sheet2!$E:$F, 2, FALSE), "") | DC16: No | DF16: 35647 | DG16: Tallahassee, Leon, FL, Leon, FL | DK16: =IFERROR(VLOOKUP(DI16&"-"&DJ16, Sheet2!$E:$F, 2, FALSE), "") | DL16: 00 00 1947 | DM16: Grand Rapid, Kent, MI | DQ16: =IFERROR(VLOOKUP(DO16&"-"&DP16, Sheet2!$E:$F, 2, FALSE), "") | DT16: No | DW16: Verna Mai | DX16: Worden | DZ16: 11102 | EA16: Grand Rapid, Kent, MI | EE16: =IFERROR(VLOOKUP(EC16&"-"&ED16, Sheet2!$E:$F, 2, FALSE), "") | EJ16: =IFERROR(VLOOKUP(EH16&"-"&EI16, Sheet2!$E:$F, 2, FALSE), "") | EN16: Arthur | EO16: Worden | EP16: 00 Oct 1904 | EQ16: - , Benzie, MI | EU16: =IFERROR(VLOOKUP(ES16&"-"&ET16, Sheet2!$E:$F, 2, FALSE), "") | EX16: No | FA16: 0 0 1959 | FB16: Grand Rapids, Kent, MI | FF16: =IFERROR(VLOOKUP(FD16&"-"&FE16, Sheet2!$E:$F, 2, FALSE), "") | FG16: 0 0 1927 | FL16: =IFERROR(VLOOKUP(FJ16&"-"&FK16, Sheet2!$E:$F, 2, FALSE), "") | FM16: Irene Arlington | FN16: Davis | FO16: 0 Oct 1904 | FP16: - , Benzie, MI | FT16: =IFERROR(VLOOKUP(FR16&"-"&FS16, Sheet2!$E:$F, 2, FALSE), "") | FU16: 0 0 1990 | FZ16: =IFERROR(VLOOKUP(FX16&"-"&FY16, Sheet2!$E:$F, 2, FALSE), "") | GD16: George | GE16: Marsh | GF16: 1834 | GG16: VA | GK16: =IFERROR(VLOOKUP(GI16&"-"&GJ16, Sheet2!$E:$F, 2, FALSE), "") | GN16: No | GQ16: 0 0 1895 | GR16: Manistee, MI | GV16: =IFERROR(VLOOKUP(GT16&"-"&GU16, Sheet2!$E:$F, 2, FALSE), "") | GW16: 19 Jun 1863 | GX16: Jefferson, VA | HB16: =IFERROR(VLOOKUP(GZ16&"-"&HA16, Sheet2!$E:$F, 2, FALSE), "") | HC16: Mary Catherine | HD16: Goens | HE16: Goins/Goings/Gowen | HF16: 0 0 1840 | HG16: Jefferson, VA | HK16: =IFERROR(VLOOKUP(HI16&"-"&HJ16, Sheet2!$E:$F, 2, FALSE), "") | HL16: 0 0 1905 | HM16: Manistee, MI | HQ16: =IFERROR(VLOOKUP(HO16&"-"&HP16, Sheet2!$E:$F, 2, FALSE), "") | HU16: Lawson | HV16: Goings | HW16: Goins/Goens/Gowen | HX16: 0 0 1807 | HY16: Clarke, VA | IC16: =IFERROR(VLOOKUP(IA16&"-"&IB16, Sheet2!$E:$F, 2, FALSE), "") | IF16: 12 Jul 1874 | IG16: Clarke, VA | IK16: =IFERROR(VLOOKUP(II16&"-"&IJ16, Sheet2!$E:$F, 2, FALSE), "") | IL16: 0 0 1830 | IQ16: =IFERROR(VLOOKUP(IO16&"-"&IP16, Sheet2!$E:$F, 2, FALSE), "") | IR16: Sarah Ann | IS16: Hart | IU16: 0 0 1810 | IV16: VA | IZ16: =IFERROR(VLOOKUP(IX16&"-"&IY16, Sheet2!$E:$F, 2, FALSE), "") | JA16: 0 0 1886 | JB16: Jefferson, WV | JF16: =IFERROR(VLOOKUP(JD16&"-"&JE16, Sheet2!$E:$F, 2, FALSE), "") | JJ16: Joseph | JK16: Goings | JN16: VA | JR16: =IFERROR(VLOOKUP(JP16&"-"&JQ16, Sheet2!$E:$F, 2, FALSE), "") | JZ16: =IFERROR(VLOOKUP(JX16&"-"&JY16, Sheet2!$E:$F, 2, FALSE), "") | KC16: 0 0 1801 | KH16: =IFERROR(VLOOKUP(KF16&"-"&KG16, Sheet2!$E:$F, 2, FALSE), "") | KI16: Nancy | KJ16: Winsor | KQ16: =IFERROR(VLOOKUP(KO16&"-"&KP16, Sheet2!$E:$F, 2, FALSE), "") | KW16: =IFERROR(VLOOKUP(KU16&"-"&KV16, Sheet2!$E:$F, 2, FALSE), "") | KY16: Luke | KZ16: Goings | LG16: =IFERROR(VLOOKUP(LE16&"-"&LF16, Sheet2!$E:$F, 2, FALSE), "") | LJ16: No | LN16: Loudoun, VA | LR16: =IFERROR(VLOOKUP(LP16&"-"&LQ16, Sheet2!$E:$F, 2, FALSE), "") | LX16: =IFERROR(VLOOKUP(LV16&"-"&LW16, Sheet2!$E:$F, 2, FALSE), "") | LY16: Margaret | MG16: =IFERROR(VLOOKUP(ME16&"-"&MF16, Sheet2!$E:$F, 2, FALSE), "") | MM16: =IFERROR(VLOOKUP(MK16&"-"&ML16, Sheet2!$E:$F, 2, FALSE), "") | MW16: =IFERROR(VLOOKUP(MU16&"-"&MV16, Sheet2!$E:$F, 2, FALSE), "") | MZ16: No | NH16: =IFERROR(VLOOKUP(NF16&"-"&NG16, Sheet2!$E:$F, 2, FALSE), "") | NN16: =IFERROR(VLOOKUP(NL16&"-"&NM16, Sheet2!$E:$F, 2, FALSE), "") | NW16: =IFERROR(VLOOKUP(NU16&"-"&NV16, Sheet2!$E:$F, 2, FALSE), "") | OC16: =IFERROR(VLOOKUP(OA16&"-"&OB16, Sheet2!$E:$F, 2, FALSE), "") | OM16: =IFERROR(VLOOKUP(OK16&"-"&OL16, Sheet2!$E:$F, 2, FALSE), "") | OP16: No | OX16: =IFERROR(VLOOKUP(OV16&"-"&OW16, Sheet2!$E:$F, 2, FALSE), "") | PD16: =IFERROR(VLOOKUP(PB16&"-"&PC16, Sheet2!$E:$F, 2, FALSE), "") | PM16: =IFERROR(VLOOKUP(PK16&"-"&PL16, Sheet2!$E:$F, 2, FALSE), "") | PS16: =IFERROR(VLOOKUP(PQ16&"-"&PR16, Sheet2!$E:$F, 2, FALSE), "")
A17: Harold | B17: Cornwall | C17: NY | D17: 100017 | E17: harcol@hotmail.com | F17: Founding Member | K17: =IFERROR(VLOOKUP(I17&"-"&J17, Sheet2!$E:$F, 2, FALSE), "") | L17: IL | M17: Norfolk | N17: =IFERROR(VLOOKUP(L17&"-"&M17, Sheet2!$E:$F, 2, FALSE), "") | R17: No | Y17: =IFERROR(VLOOKUP(W17&"-"&X17, Sheet2!$E:$F, 2, FALSE), "") | Z17: MA | AB17: =IFERROR(VLOOKUP(Z17&"-"&X17, Sheet2!$E:$F, 2, FALSE), "") | AJ17: =IFERROR(VLOOKUP(AH17&"-"&AI17, Sheet2!$E:$F, 2, FALSE), "") | AR17: =IFERROR(VLOOKUP(AP17&"-"&AQ17, Sheet2!$E:$F, 2, FALSE), "") | AZ17: =IFERROR(VLOOKUP(AX17&"-"&AY17, Sheet2!$E:$F, 2, FALSE), "") | BJ17: =IFERROR(VLOOKUP(BH17&"-"&BI17, Sheet2!$E:$F, 2, FALSE), "") | BN17: No | BV17: =IFERROR(VLOOKUP(BT17&"-"&BU17, Sheet2!$E:$F, 2, FALSE), "") | CB17: =IFERROR(VLOOKUP(BZ17&"-"&CA17, Sheet2!$E:$F, 2, FALSE), "") | CJ17: =IFERROR(VLOOKUP(CH17&"-"&CI17, Sheet2!$E:$F, 2, FALSE), "") | CP17: =IFERROR(VLOOKUP(CN17&"-"&CO17, Sheet2!$E:$F, 2, FALSE), "") | CZ17: =IFERROR(VLOOKUP(CX17&"-"&CY17, Sheet2!$E:$F, 2, FALSE), "") | DC17: No | DK17: =IFERROR(VLOOKUP(DI17&"-"&DJ17, Sheet2!$E:$F, 2, FALSE), "") | DQ17: =IFERROR(VLOOKUP(DO17&"-"&DP17, Sheet2!$E:$F, 2, FALSE), "") | DT17: No | EE17: =IFERROR(VLOOKUP(EC17&"-"&ED17, Sheet2!$E:$F, 2, FALSE), "") | EJ17: =IFERROR(VLOOKUP(EH17&"-"&EI17, Sheet2!$E:$F, 2, FALSE), "") | EU17: =IFERROR(VLOOKUP(ES17&"-"&ET17, Sheet2!$E:$F, 2, FALSE), "") | EX17: No | FF17: =IFERROR(VLOOKUP(FD17&"-"&FE17, Sheet2!$E:$F, 2, FALSE), "") | FL17: =IFERROR(VLOOKUP(FJ17&"-"&FK17, Sheet2!$E:$F, 2, FALSE), "") | FT17: =IFERROR(VLOOKUP(FR17&"-"&FS17, Sheet2!$E:$F, 2, FALSE), "") | FZ17: =IFERROR(VLOOKUP(FX17&"-"&FY17, Sheet2!$E:$F, 2, FALSE), "") | GK17: =IFERROR(VLOOKUP(GI17&"-"&GJ17, Sheet2!$E:$F, 2, FALSE), "") | GN17: No | GV17: =IFERROR(VLOOKUP(GT17&"-"&GU17, Sheet2!$E:$F, 2, FALSE), "") | HB17: =IFERROR(VLOOKUP(GZ17&"-"&HA17, Sheet2!$E:$F, 2, FALSE), "") | HK17: =IFERROR(VLOOKUP(HI17&"-"&HJ17, Sheet2!$E:$F, 2, FALSE), "") | HQ17: =IFERROR(VLOOKUP(HO17&"-"&HP17, Sheet2!$E:$F, 2, FALSE), "") | IC17: =IFERROR(VLOOKUP(IA17&"-"&IB17, Sheet2!$E:$F, 2, FALSE), "") | IK17: =IFERROR(VLOOKUP(II17&"-"&IJ17, Sheet2!$E:$F, 2, FALSE), "") | IQ17: =IFERROR(VLOOKUP(IO17&"-"&IP17, Sheet2!$E:$F, 2, FALSE), "") | IZ17: =IFERROR(VLOOKUP(IX17&"-"&IY17, Sheet2!$E:$F, 2, FALSE), "") | JF17: =IFERROR(VLOOKUP(JD17&"-"&JE17, Sheet2!$E:$F, 2, FALSE), "") | JR17: =IFERROR(VLOOKUP(JP17&"-"&JQ17, Sheet2!$E:$F, 2, FALSE), "") | JZ17: =IFERROR(VLOOKUP(JX17&"-"&JY17, Sheet2!$E:$F, 2, FALSE), "") | KH17: =IFERROR(VLOOKUP(KF17&"-"&KG17, Sheet2!$E:$F, 2, FALSE), "") | KQ17: =IFERROR(VLOOKUP(KO17&"-"&KP17, Sheet2!$E:$F, 2, FALSE), "") | KW17: =IFERROR(VLOOKUP(KU17&"-"&KV17, Sheet2!$E:$F, 2, FALSE), "") | LG17: =IFERROR(VLOOKUP(LE17&"-"&LF17, Sheet2!$E:$F, 2, FALSE), "") | LJ17: No | LR17: =IFERROR(VLOOKUP(LP17&"-"&LQ17, Sheet2!$E:$F, 2, FALSE), "") | LX17: =IFERROR(VLOOKUP(LV17&"-"&LW17, Sheet2!$E:$F, 2, FALSE), "") | MG17: =IFERROR(VLOOKUP(ME17&"-"&MF17, Sheet2!$E:$F, 2, FALSE), "") | MM17: =IFERROR(VLOOKUP(MK17&"-"&ML17, Sheet2!$E:$F, 2, FALSE), "") | MW17: =IFERROR(VLOOKUP(MU17&"-"&MV17, Sheet2!$E:$F, 2, FALSE), "") | MZ17: No | NH17: =IFERROR(VLOOKUP(NF17&"-"&NG17, Sheet2!$E:$F, 2, FALSE), "") | NN17: =IFERROR(VLOOKUP(NL17&"-"&NM17, Sheet2!$E:$F, 2, FALSE), "") | NW17: =IFERROR(VLOOKUP(NU17&"-"&NV17, Sheet2!$E:$F, 2, FALSE), "") | OC17: =IFERROR(VLOOKUP(OA17&"-"&OB17, Sheet2!$E:$F, 2, FALSE), "") | OM17: =IFERROR(VLOOKUP(OK17&"-"&OL17, Sheet2!$E:$F, 2, FALSE), "") | OP17: No | OX17: =IFERROR(VLOOKUP(OV17&"-"&OW17, Sheet2!$E:$F, 2, FALSE), "") | PD17: =IFERROR(VLOOKUP(PB17&"-"&PC17, Sheet2!$E:$F, 2, FALSE), "") | PM17: =IFERROR(VLOOKUP(PK17&"-"&PL17, Sheet2!$E:$F, 2, FALSE), "") | PS17: =IFERROR(VLOOKUP(PQ17&"-"&PR17, Sheet2!$E:$F, 2, FALSE), "")
A18: Joan | B18: Murphy | C18: VA | D18: 100018 | E18: evsundrive@yahoo.com | F18: Charter Member | G18: 10655 | H18: Brockton, Plymouth, MA | K18: =IFERROR(VLOOKUP(I18&"-"&J18, Sheet2!$E:$F, 2, FALSE), "") | L18: IL | M18: Norfolk | N18: =IFERROR(VLOOKUP(L18&"-"&M18, Sheet2!$E:$F, 2, FALSE), "") | O18: 42°05′00″N 71°01′08″W | R18: No | Y18: =IFERROR(VLOOKUP(W18&"-"&X18, Sheet2!$E:$F, 2, FALSE), "") | Z18: MA | AB18: =IFERROR(VLOOKUP(Z18&"-"&X18, Sheet2!$E:$F, 2, FALSE), "") | AD18: Record Copy NSSAR #165111, Add ACN 51405 and Record Copy NSDAR # 672791, Add. Vol. 1043 | AE18: 18635 | AF18: Brockton, Plymouth, MA | AG18: 42°05′00″N 71°01′08″W | AJ18: =IFERROR(VLOOKUP(AH18&"-"&AI18, Sheet2!$E:$F, 2, FALSE), "") | AK18: Robert | AL18: Murphy | AM18: 30 Mar 1927 | AN18: Boston, Suffolk, MA | AR18: =IFERROR(VLOOKUP(AP18&"-"&AQ18, Sheet2!$E:$F, 2, FALSE), "") | AT18: 42_21_37_N_71_3_28_W | AU18: 24169 | AV18: Milton, Norfolk, MA | AW18: 42°15′00″N 71°04′00″W | AZ18: =IFERROR(VLOOKUP(AX18&"-"&AY18, Sheet2!$E:$F, 2, FALSE), "") | BB18: Record Copy NSSAR #165111, Add ACN 51405 and Record Copy NSDAR # 672791, Add. Vol. 1043 | BC18: Harold | BD18: Cornwall | BE18: 518 | BF18: Brockton, Plymouth, MA | BG18: 42°05′00″N 71°01′08″W | BJ18: =IFERROR(VLOOKUP(BH18&"-"&BI18, Sheet2!$E:$F, 2, FALSE), "") | BN18: No | BQ18: 33550 | BR18: Brockton, Plymouth, MA | BS18: 42°05′00″N 71°01′08″W | BV18: =IFERROR(VLOOKUP(BT18&"-"&BU18, Sheet2!$E:$F, 2, FALSE), "") | BW18: 8959 | BX18: Brockton, Plymouth, MA | BY18: 42°05′00″N 71°01′08″W | CB18: =IFERROR(VLOOKUP(BZ18&"-"&CA18, Sheet2!$E:$F, 2, FALSE), "") | CC18: Marie | CD18: Howell | CE18: 1, 20, 1907 | CF18: Brockton, Plymouth, MA | CG18: 42°05′00″N 71°01′08″W | CJ18: =IFERROR(VLOOKUP(CH18&"-"&CI18, Sheet2!$E:$F, 2, FALSE), "") | CK18: 3, 1, 2022 | CL18: Brockton, Plymouth, MA | CM18: 42°05′00″N 71°01′08″W | CP18: =IFERROR(VLOOKUP(CN18&"-"&CO18, Sheet2!$E:$F, 2, FALSE), "") | CR18: Record Copy NSSAR #165111, Add ACN 51405 and Record Copy NSDAR # 672791, Add. Vol. 1043 | CS18: Benjamin | CT18: CORNWALL | CU18: 06 Oct 1869 | CV18: Boston, Suffolk, MA | CZ18: =IFERROR(VLOOKUP(CX18&"-"&CY18, Sheet2!$E:$F, 2, FALSE), "") | DC18: No | DF18: 6649 | DG18: Brockton, Plymouth, MA | DH18: 42°05′00″N 71°01′08″W | DK18: =IFERROR(VLOOKUP(DI18&"-"&DJ18, Sheet2!$E:$F, 2, FALSE), "") | DL18: 2, 18, 1901 | DM18: Brockton, Plymouth, MA | DN18: 42°05′00″N 71°01′08″W | DQ18: =IFERROR(VLOOKUP(DO18&"-"&DP18, Sheet2!$E:$F, 2, FALSE), "") | DT18: No | DW18: Grace | DX18: Jackson | DZ18: 25 Mar 1877 | EA18: Huntington, Suffolk, NY | EB18: 2, 24, 1946 | EE18: =IFERROR(VLOOKUP(EC18&"-"&ED18, Sheet2!$E:$F, 2, FALSE), "") | EF18: Brockton, Plymouth, MA | EG18: 42°05′00″N 71°01′08″W | EJ18: =IFERROR(VLOOKUP(EH18&"-"&EI18, Sheet2!$E:$F, 2, FALSE), "") | EM18: Record Copy NSSAR #165111, Add ACN 51405 and Record Copy NSDAR # 672791, Add. Vol. 1043 | EN18: William | EO18: Cornwall | EP18: 12 Nov 1844 | EQ18: Brockton, Plymouth, MA | ER18: 42°05′00″N 71°01′08″W | EU18: =IFERROR(VLOOKUP(ES18&"-"&ET18, Sheet2!$E:$F, 2, FALSE), "") | EX18: No | FA18: 21 Aug 1926 | FB18: Bridgewater, Plymouth, MA | FC18: 41_59_25_N_70_58_32_W | FF18: =IFERROR(VLOOKUP(FD18&"-"&FE18, Sheet2!$E:$F, 2, FALSE), "") | FG18: 22 Nov 1866 | FH18: Taunton, Bristol, MA | FL18: =IFERROR(VLOOKUP(FJ18&"-"&FK18, Sheet2!$E:$F, 2, FALSE), "") | FM18: Martha | FN18: Hill | FO18: ---- 1842 | FP18: Cambridge, Middlesex, MA, | FT18: =IFERROR(VLOOKUP(FR18&"-"&FS18, Sheet2!$E:$F, 2, FALSE), "") | FU18: 2823 | FV18: Bridgewater, Plymouth, MA | FW18: 41_59_25_N_70_58_32_W | FZ18: =IFERROR(VLOOKUP(FX18&"-"&FY18, Sheet2!$E:$F, 2, FALSE), "") | GC18: Record Copy NSSAR #165111, Add ACN 51405 and Record Copy NSDAR # 672791, Add. Vol. 1043 | GD18: Flushing | GE18: Cornwall | GF18: 25 Dec 1801 | GG18: St. Johns Parish, News Bruniswick, Canada | GK18: =IFERROR(VLOOKUP(GI18&"-"&GJ18, Sheet2!$E:$F, 2, FALSE), "") | GN18: No | GQ18: 19 Aug 1888 | GR18: Bridgewater, Plymouth, MA | GS18: 41_59_25_N_70_58_32_W | GV18: =IFERROR(VLOOKUP(GT18&"-"&GU18, Sheet2!$E:$F, 2, FALSE), "") | GW18: 10 May 1817 | GX18: Bridgewater, Plymouth, MA | GY18: 41_59_25_N_70_58_32_W | HB18: =IFERROR(VLOOKUP(GZ18&"-"&HA18, Sheet2!$E:$F, 2, FALSE), "") | HC18: Harriet | HD18: BROOKER | HF18: 586 | HG18: Bridgewater, Plymouth, MA | HH18: 41_59_25_N_70_58_32_W | HK18: =IFERROR(VLOOKUP(HI18&"-"&HJ18, Sheet2!$E:$F, 2, FALSE), "") | HL18: 19 Apr 1840 | HM18: Brockton, Plymouth, MA | HQ18: =IFERROR(VLOOKUP(HO18&"-"&HP18, Sheet2!$E:$F, 2, FALSE), "") | HR18: Black | HS18: African American | HT18: Record Copy NSSAR #165111, Add ACN 51405 and Record Copy NSDAR # 672791, Add. Vol. 1043 | HU18: Samuel Stanley | HV18: Brooker | HW18: Bruker | HX18: 12 May 1795 | HY18: Bridgewater, Plymouth, MA | IC18: =IFERROR(VLOOKUP(IA18&"-"&IB18, Sheet2!$E:$F, 2, FALSE), "") | ID18: Black | IE18: African American | IF18: 26 Feb 1838 | IG18: Boston, Suffolk, MA | IH18: 42_21_37_N_71_3_28_W | IK18: =IFERROR(VLOOKUP(II18&"-"&IJ18, Sheet2!$E:$F, 2, FALSE), "") | IL18: 18 Oct 1818 | IM18: Boston, Suffolk, MA | IN18: 42_21_37_N_71_3_28_W | IQ18: =IFERROR(VLOOKUP(IO18&"-"&IP18, Sheet2!$E:$F, 2, FALSE), "") | IR18: Philinda | IS18: Russell | IT18: Lender | IU18: 21 Jan 1799 | IV18: Beverly, Essex, MA | IZ18: =IFERROR(VLOOKUP(IX18&"-"&IY18, Sheet2!$E:$F, 2, FALSE), "") | JA18: 23 Apr 1848 | JB18: Tauton, Bristol, MA | JF18: =IFERROR(VLOOKUP(JD18&"-"&JE18, Sheet2!$E:$F, 2, FALSE), "") | JG18: Black | JH18: African American | JI18: Record Copy NSSAR #165111, Add ACN 51405 and Record Copy NSDAR # 672791, Add. Vol. 1043 | JJ18: Caesar | JK18: Russell | JM18: 1756 | JR18: =IFERROR(VLOOKUP(JP18&"-"&JQ18, Sheet2!$E:$F, 2, FALSE), "") | JU18: 20 Oct 1861 | JV18: Tauton, Bristol, MA | JZ18: =IFERROR(VLOOKUP(JX18&"-"&JY18, Sheet2!$E:$F, 2, FALSE), "") | KA18: Black | KB18: African American | KH18: =IFERROR(VLOOKUP(KF18&"-"&KG18, Sheet2!$E:$F, 2, FALSE), "") | KI18: Sally | KJ18: Richardson | KQ18: =IFERROR(VLOOKUP(KO18&"-"&KP18, Sheet2!$E:$F, 2, FALSE), "") | KW18: =IFERROR(VLOOKUP(KU18&"-"&KV18, Sheet2!$E:$F, 2, FALSE), "") | KX18: Record Copy NSSAR #165111, Add ACN 51405 and Record Copy NSDAR # 672791, Add. Vol. 1043 | LG18: =IFERROR(VLOOKUP(LE18&"-"&LF18, Sheet2!$E:$F, 2, FALSE), "") | LJ18: No | LR18: =IFERROR(VLOOKUP(LP18&"-"&LQ18, Sheet2!$E:$F, 2, FALSE), "") | LX18: =IFERROR(VLOOKUP(LV18&"-"&LW18, Sheet2!$E:$F, 2, FALSE), "") | MG18: =IFERROR(VLOOKUP(ME18&"-"&MF18, Sheet2!$E:$F, 2, FALSE), "") | MM18: =IFERROR(VLOOKUP(MK18&"-"&ML18, Sheet2!$E:$F, 2, FALSE), "") | MN18: Record Copy NSSAR #165111, Add ACN 51405 and Record Copy NSDAR # 672791, Add. Vol. 1043 | MW18: =IFERROR(VLOOKUP(MU18&"-"&MV18, Sheet2!$E:$F, 2, FALSE), "") | MZ18: No | NH18: =IFERROR(VLOOKUP(NF18&"-"&NG18, Sheet2!$E:$F, 2, FALSE), "") | NN18: =IFERROR(VLOOKUP(NL18&"-"&NM18, Sheet2!$E:$F, 2, FALSE), "") | NW18: =IFERROR(VLOOKUP(NU18&"-"&NV18, Sheet2!$E:$F, 2, FALSE), "") | OC18: =IFERROR(VLOOKUP(OA18&"-"&OB18, Sheet2!$E:$F, 2, FALSE), "") | OD18: Record Copy NSSAR #165111, Add ACN 51405 and Record Copy NSDAR # 672791, Add. Vol. 1043 | OM18: =IFERROR(VLOOKUP(OK18&"-"&OL18, Sheet2!$E:$F, 2, FALSE), "") | OP18: No | OX18: =IFERROR(VLOOKUP(OV18&"-"&OW18, Sheet2!$E:$F, 2, FALSE), "") | PD18: =IFERROR(VLOOKUP(PB18&"-"&PC18, Sheet2!$E:$F, 2, FALSE), "") | PM18: =IFERROR(VLOOKUP(PK18&"-"&PL18, Sheet2!$E:$F, 2, FALSE), "") | PS18: =IFERROR(VLOOKUP(PQ18&"-"&PR18, Sheet2!$E:$F, 2, FALSE), "")
A19: Verna | B19: Murphy | C19: VA | D19: 100019 | E19: vernamaiworden@gmail.com | F19: Charter Member | K19: =IFERROR(VLOOKUP(I19&"-"&J19, Sheet2!$E:$F, 2, FALSE), "") | L19: IL | M19: Norfolk | N19: =IFERROR(VLOOKUP(L19&"-"&M19, Sheet2!$E:$F, 2, FALSE), "") | R19: No | Y19: =IFERROR(VLOOKUP(W19&"-"&X19, Sheet2!$E:$F, 2, FALSE), "") | Z19: MA | AB19: =IFERROR(VLOOKUP(Z19&"-"&X19, Sheet2!$E:$F, 2, FALSE), "") | AJ19: =IFERROR(VLOOKUP(AH19&"-"&AI19, Sheet2!$E:$F, 2, FALSE), "") | AR19: =IFERROR(VLOOKUP(AP19&"-"&AQ19, Sheet2!$E:$F, 2, FALSE), "") | AZ19: =IFERROR(VLOOKUP(AX19&"-"&AY19, Sheet2!$E:$F, 2, FALSE), "") | BJ19: =IFERROR(VLOOKUP(BH19&"-"&BI19, Sheet2!$E:$F, 2, FALSE), "") | BN19: No | BV19: =IFERROR(VLOOKUP(BT19&"-"&BU19, Sheet2!$E:$F, 2, FALSE), "") | CB19: =IFERROR(VLOOKUP(BZ19&"-"&CA19, Sheet2!$E:$F, 2, FALSE), "") | CJ19: =IFERROR(VLOOKUP(CH19&"-"&CI19, Sheet2!$E:$F, 2, FALSE), "") | CP19: =IFERROR(VLOOKUP(CN19&"-"&CO19, Sheet2!$E:$F, 2, FALSE), "") | CZ19: =IFERROR(VLOOKUP(CX19&"-"&CY19, Sheet2!$E:$F, 2, FALSE), "") | DC19: No | DK19: =IFERROR(VLOOKUP(DI19&"-"&DJ19, Sheet2!$E:$F, 2, FALSE), "") | DQ19: =IFERROR(VLOOKUP(DO19&"-"&DP19, Sheet2!$E:$F, 2, FALSE), "") | DT19: No | EE19: =IFERROR(VLOOKUP(EC19&"-"&ED19, Sheet2!$E:$F, 2, FALSE), "") | EJ19: =IFERROR(VLOOKUP(EH19&"-"&EI19, Sheet2!$E:$F, 2, FALSE), "") | EU19: =IFERROR(VLOOKUP(ES19&"-"&ET19, Sheet2!$E:$F, 2, FALSE), "") | EX19: No | FF19: =IFERROR(VLOOKUP(FD19&"-"&FE19, Sheet2!$E:$F, 2, FALSE), "") | FL19: =IFERROR(VLOOKUP(FJ19&"-"&FK19, Sheet2!$E:$F, 2, FALSE), "") | FT19: =IFERROR(VLOOKUP(FR19&"-"&FS19, Sheet2!$E:$F, 2, FALSE), "") | FZ19: =IFERROR(VLOOKUP(FX19&"-"&FY19, Sheet2!$E:$F, 2, FALSE), "") | GK19: =IFERROR(VLOOKUP(GI19&"-"&GJ19, Sheet2!$E:$F, 2, FALSE), "") | GN19: No | GV19: =IFERROR(VLOOKUP(GT19&"-"&GU19, Sheet2!$E:$F, 2, FALSE), "") | HB19: =IFERROR(VLOOKUP(GZ19&"-"&HA19, Sheet2!$E:$F, 2, FALSE), "") | HK19: =IFERROR(VLOOKUP(HI19&"-"&HJ19, Sheet2!$E:$F, 2, FALSE), "") | HQ19: =IFERROR(VLOOKUP(HO19&"-"&HP19, Sheet2!$E:$F, 2, FALSE), "") | IC19: =IFERROR(VLOOKUP(IA19&"-"&IB19, Sheet2!$E:$F, 2, FALSE), "") | IK19: =IFERROR(VLOOKUP(II19&"-"&IJ19, Sheet2!$E:$F, 2, FALSE), "") | IQ19: =IFERROR(VLOOKUP(IO19&"-"&IP19, Sheet2!$E:$F, 2, FALSE), "") | IZ19: =IFERROR(VLOOKUP(IX19&"-"&IY19, Sheet2!$E:$F, 2, FALSE), "") | JF19: =IFERROR(VLOOKUP(JD19&"-"&JE19, Sheet2!$E:$F, 2, FALSE), "") | JR19: =IFERROR(VLOOKUP(JP19&"-"&JQ19, Sheet2!$E:$F, 2, FALSE), "") | JZ19: =IFERROR(VLOOKUP(JX19&"-"&JY19, Sheet2!$E:$F, 2, FALSE), "") | KH19: =IFERROR(VLOOKUP(KF19&"-"&KG19, Sheet2!$E:$F, 2, FALSE), "") | KQ19: =IFERROR(VLOOKUP(KO19&"-"&KP19, Sheet2!$E:$F, 2, FALSE), "") | KW19: =IFERROR(VLOOKUP(KU19&"-"&KV19, Sheet2!$E:$F, 2, FALSE), "") | LG19: =IFERROR(VLOOKUP(LE19&"-"&LF19, Sheet2!$E:$F, 2, FALSE), "") | LJ19: No | LR19: =IFERROR(VLOOKUP(LP19&"-"&LQ19, Sheet2!$E:$F, 2, FALSE), "") | LX19: =IFERROR(VLOOKUP(LV19&"-"&LW19, Sheet2!$E:$F, 2, FALSE), "") | MG19: =IFERROR(VLOOKUP(ME19&"-"&MF19, Sheet2!$E:$F, 2, FALSE), "") | MM19: =IFERROR(VLOOKUP(MK19&"-"&ML19, Sheet2!$E:$F, 2, FALSE), "") | MW19: =IFERROR(VLOOKUP(MU19&"-"&MV19, Sheet2!$E:$F, 2, FALSE), "") | MZ19: No | NH19: =IFERROR(VLOOKUP(NF19&"-"&NG19, Sheet2!$E:$F, 2, FALSE), "") | NN19: =IFERROR(VLOOKUP(NL19&"-"&NM19, Sheet2!$E:$F, 2, FALSE), "") | NW19: =IFERROR(VLOOKUP(NU19&"-"&NV19, Sheet2!$E:$F, 2, FALSE), "") | OC19: =IFERROR(VLOOKUP(OA19&"-"&OB19, Sheet2!$E:$F, 2, FALSE), "") | OM19: =IFERROR(VLOOKUP(OK19&"-"&OL19, Sheet2!$E:$F, 2, FALSE), "") | OP19: No | OX19: =IFERROR(VLOOKUP(OV19&"-"&OW19, Sheet2!$E:$F, 2, FALSE), "") | PD19: =IFERROR(VLOOKUP(PB19&"-"&PC19, Sheet2!$E:$F, 2, FALSE), "") | PM19: =IFERROR(VLOOKUP(PK19&"-"&PL19, Sheet2!$E:$F, 2, FALSE), "") | PS19: =IFERROR(VLOOKUP(PQ19&"-"&PR19, Sheet2!$E:$F, 2, FALSE), "")
A20: Jeneane | B20: Carter | C20: FL | D20: 100020 | E20: kini3@hotmail.com | F20: Charter Member | K20: =IFERROR(VLOOKUP(I20&"-"&J20, Sheet2!$E:$F, 2, FALSE), "") | L20: IL | M20: Norfolk | N20: =IFERROR(VLOOKUP(L20&"-"&M20, Sheet2!$E:$F, 2, FALSE), "") | R20: No | Y20: =IFERROR(VLOOKUP(W20&"-"&X20, Sheet2!$E:$F, 2, FALSE), "") | Z20: MA | AB20: =IFERROR(VLOOKUP(Z20&"-"&X20, Sheet2!$E:$F, 2, FALSE), "") | AJ20: =IFERROR(VLOOKUP(AH20&"-"&AI20, Sheet2!$E:$F, 2, FALSE), "") | AR20: =IFERROR(VLOOKUP(AP20&"-"&AQ20, Sheet2!$E:$F, 2, FALSE), "") | AZ20: =IFERROR(VLOOKUP(AX20&"-"&AY20, Sheet2!$E:$F, 2, FALSE), "") | BC20: Jaycee | BD20: Carter | BE20: 17321 | BJ20: =IFERROR(VLOOKUP(BH20&"-"&BI20, Sheet2!$E:$F, 2, FALSE), "") | BN20: No | BQ20: 34113 | BR20: Ann Arbor, MI | BV20: =IFERROR(VLOOKUP(BT20&"-"&BU20, Sheet2!$E:$F, 2, FALSE), "") | CB20: =IFERROR(VLOOKUP(BZ20&"-"&CA20, Sheet2!$E:$F, 2, FALSE), "") | CC20: Shelley Viola | CD20: Murphy | CE20: 19162 | CF20: Grand Rapid, Kent, MI | CJ20: =IFERROR(VLOOKUP(CH20&"-"&CI20, Sheet2!$E:$F, 2, FALSE), "") | CP20: =IFERROR(VLOOKUP(CN20&"-"&CO20, Sheet2!$E:$F, 2, FALSE), "") | CS20: Calvin | CT20: Murphy | CU20: 9095 | CV20: Ft. Wayne, Allen, IN | CZ20: =IFERROR(VLOOKUP(CX20&"-"&CY20, Sheet2!$E:$F, 2, FALSE), "") | DC20: No | DF20: 35647 | DG20: Tallahassee, Leon, FL | DK20: =IFERROR(VLOOKUP(DI20&"-"&DJ20, Sheet2!$E:$F, 2, FALSE), "") | DL20: 00 00 1947 | DM20: Grand Rapids, Kent, MI | DQ20: =IFERROR(VLOOKUP(DO20&"-"&DP20, Sheet2!$E:$F, 2, FALSE), "") | DT20: No | DW20: Verna Mai | DX20: Worden | DZ20: 11102 | EA20: Grand Rapids, Kent, MI | EE20: =IFERROR(VLOOKUP(EC20&"-"&ED20, Sheet2!$E:$F, 2, FALSE), "") | EJ20: =IFERROR(VLOOKUP(EH20&"-"&EI20, Sheet2!$E:$F, 2, FALSE), "") | EN20: Arthur | EO20: Worden | EP20: 00 Oct 1904 | EQ20: - , Benzie, MI | EU20: =IFERROR(VLOOKUP(ES20&"-"&ET20, Sheet2!$E:$F, 2, FALSE), "") | EX20: No | FA20: 0 0 1959 | FB20: Grand Rapids, Kent, MI | FF20: =IFERROR(VLOOKUP(FD20&"-"&FE20, Sheet2!$E:$F, 2, FALSE), "") | FG20: 0 0 1927 | FL20: =IFERROR(VLOOKUP(FJ20&"-"&FK20, Sheet2!$E:$F, 2, FALSE), "") | FM20: Irene Arlington | FN20: Davis | FO20: 0 Oct 1904 | FP20: - , Benzie, MI | FT20: =IFERROR(VLOOKUP(FR20&"-"&FS20, Sheet2!$E:$F, 2, FALSE), "") | FU20: 0 0 1990 | FZ20: =IFERROR(VLOOKUP(FX20&"-"&FY20, Sheet2!$E:$F, 2, FALSE), "") | GD20: George | GE20: Marsh | GF20: 1834 | GG20: VA | GK20: =IFERROR(VLOOKUP(GI20&"-"&GJ20, Sheet2!$E:$F, 2, FALSE), "") | GN20: No | GQ20: 0 0 1895 | GR20: Manistee, MI | GV20: =IFERROR(VLOOKUP(GT20&"-"&GU20, Sheet2!$E:$F, 2, FALSE), "") | GW20: 19 Jun 1863 | GX20: Jefferson, VA | HB20: =IFERROR(VLOOKUP(GZ20&"-"&HA20, Sheet2!$E:$F, 2, FALSE), "") | HC20: Mary Catherine | HD20: Goens | HE20: Goins/Goings/Gowen | HF20: 0 0 1840 | HG20: Jefferson, VA | HK20: =IFERROR(VLOOKUP(HI20&"-"&HJ20, Sheet2!$E:$F, 2, FALSE), "") | HL20: 0 0 1905 | HM20: Manistee, MI | HQ20: =IFERROR(VLOOKUP(HO20&"-"&HP20, Sheet2!$E:$F, 2, FALSE), "") | HU20: Lawson | HV20: Goings | HW20: Goins/Goens/Gowen | HX20: 0 0 1807 | HY20: Clarke, VA | IC20: =IFERROR(VLOOKUP(IA20&"-"&IB20, Sheet2!$E:$F, 2, FALSE), "") | IF20: 12 Jul 1874 | IG20: Clarke, VA | IK20: =IFERROR(VLOOKUP(II20&"-"&IJ20, Sheet2!$E:$F, 2, FALSE), "") | IL20: 0 0 1830 | IQ20: =IFERROR(VLOOKUP(IO20&"-"&IP20, Sheet2!$E:$F, 2, FALSE), "") | IR20: Sarah Ann | IS20: Hart | IU20: 0 0 1810 | IV20: VA | IZ20: =IFERROR(VLOOKUP(IX20&"-"&IY20, Sheet2!$E:$F, 2, FALSE), "") | JA20: 0 0 1886 | JB20: Jefferson, WV | JF20: =IFERROR(VLOOKUP(JD20&"-"&JE20, Sheet2!$E:$F, 2, FALSE), "") | JJ20: Joseph | JK20: Goings | JN20: VA | JR20: =IFERROR(VLOOKUP(JP20&"-"&JQ20, Sheet2!$E:$F, 2, FALSE), "") | JZ20: =IFERROR(VLOOKUP(JX20&"-"&JY20, Sheet2!$E:$F, 2, FALSE), "") | KC20: 0 0 1801 | KH20: =IFERROR(VLOOKUP(KF20&"-"&KG20, Sheet2!$E:$F, 2, FALSE), "") | KI20: Nancy | KJ20: Winsor | KQ20: =IFERROR(VLOOKUP(KO20&"-"&KP20, Sheet2!$E:$F, 2, FALSE), "") | KW20: =IFERROR(VLOOKUP(KU20&"-"&KV20, Sheet2!$E:$F, 2, FALSE), "") | KY20: Luke | KZ20: Goings | LG20: =IFERROR(VLOOKUP(LE20&"-"&LF20, Sheet2!$E:$F, 2, FALSE), "") | LJ20: No | LN20: Loudoun, VA | LR20: =IFERROR(VLOOKUP(LP20&"-"&LQ20, Sheet2!$E:$F, 2, FALSE), "") | LX20: =IFERROR(VLOOKUP(LV20&"-"&LW20, Sheet2!$E:$F, 2, FALSE), "") | LY20: Margaret | MG20: =IFERROR(VLOOKUP(ME20&"-"&MF20, Sheet2!$E:$F, 2, FALSE), "") | MM20: =IFERROR(VLOOKUP(MK20&"-"&ML20, Sheet2!$E:$F, 2, FALSE), "") | MW20: =IFERROR(VLOOKUP(MU20&"-"&MV20, Sheet2!$E:$F, 2, FALSE), "") | MZ20: No | NH20: =IFERROR(VLOOKUP(NF20&"-"&NG20, Sheet2!$E:$F, 2, FALSE), "") | NN20: =IFERROR(VLOOKUP(NL20&"-"&NM20, Sheet2!$E:$F, 2, FALSE), "") | NW20: =IFERROR(VLOOKUP(NU20&"-"&NV20, Sheet2!$E:$F, 2, FALSE), "") | OC20: =IFERROR(VLOOKUP(OA20&"-"&OB20, Sheet2!$E:$F, 2, FALSE), "") | OM20: =IFERROR(VLOOKUP(OK20&"-"&OL20, Sheet2!$E:$F, 2, FALSE), "") | OP20: No | OX20: =IFERROR(VLOOKUP(OV20&"-"&OW20, Sheet2!$E:$F, 2, FALSE), "") | PD20: =IFERROR(VLOOKUP(PB20&"-"&PC20, Sheet2!$E:$F, 2, FALSE), "") | PM20: =IFERROR(VLOOKUP(PK20&"-"&PL20, Sheet2!$E:$F, 2, FALSE), "") | PS20: =IFERROR(VLOOKUP(PQ20&"-"&PR20, Sheet2!$E:$F, 2, FALSE), "")
A21: Khadijah | B21: Matin | C21: NY | D21: 100021 | E21: khadijah.matin@gmail.com | F21: Founding Member | K21: =IFERROR(VLOOKUP(I21&"-"&J21, Sheet2!$E:$F, 2, FALSE), "") | L21: IL | M21: Norfolk | N21: =IFERROR(VLOOKUP(L21&"-"&M21, Sheet2!$E:$F, 2, FALSE), "") | R21: No | Y21: =IFERROR(VLOOKUP(W21&"-"&X21, Sheet2!$E:$F, 2, FALSE), "") | Z21: MA | AB21: =IFERROR(VLOOKUP(Z21&"-"&X21, Sheet2!$E:$F, 2, FALSE), "") | AJ21: =IFERROR(VLOOKUP(AH21&"-"&AI21, Sheet2!$E:$F, 2, FALSE), "") | AR21: =IFERROR(VLOOKUP(AP21&"-"&AQ21, Sheet2!$E:$F, 2, FALSE), "") | AZ21: =IFERROR(VLOOKUP(AX21&"-"&AY21, Sheet2!$E:$F, 2, FALSE), "") | BJ21: =IFERROR(VLOOKUP(BH21&"-"&BI21, Sheet2!$E:$F, 2, FALSE), "") | BN21: No | BV21: =IFERROR(VLOOKUP(BT21&"-"&BU21, Sheet2!$E:$F, 2, FALSE), "") | CB21: =IFERROR(VLOOKUP(BZ21&"-"&CA21, Sheet2!$E:$F, 2, FALSE), "") | CJ21: =IFERROR(VLOOKUP(CH21&"-"&CI21, Sheet2!$E:$F, 2, FALSE), "") | CP21: =IFERROR(VLOOKUP(CN21&"-"&CO21, Sheet2!$E:$F, 2, FALSE), "") | CZ21: =IFERROR(VLOOKUP(CX21&"-"&CY21, Sheet2!$E:$F, 2, FALSE), "") | DC21: No | DK21: =IFERROR(VLOOKUP(DI21&"-"&DJ21, Sheet2!$E:$F, 2, FALSE), "") | DQ21: =IFERROR(VLOOKUP(DO21&"-"&DP21, Sheet2!$E:$F, 2, FALSE), "") | DT21: No | EE21: =IFERROR(VLOOKUP(EC21&"-"&ED21, Sheet2!$E:$F, 2, FALSE), "") | EJ21: =IFERROR(VLOOKUP(EH21&"-"&EI21, Sheet2!$E:$F, 2, FALSE), "") | EU21: =IFERROR(VLOOKUP(ES21&"-"&ET21, Sheet2!$E:$F, 2, FALSE), "") | EX21: No | FF21: =IFERROR(VLOOKUP(FD21&"-"&FE21, Sheet2!$E:$F, 2, FALSE), "") | FL21: =IFERROR(VLOOKUP(FJ21&"-"&FK21, Sheet2!$E:$F, 2, FALSE), "") | FT21: =IFERROR(VLOOKUP(FR21&"-"&FS21, Sheet2!$E:$F, 2, FALSE), "") | FZ21: =IFERROR(VLOOKUP(FX21&"-"&FY21, Sheet2!$E:$F, 2, FALSE), "") | GK21: =IFERROR(VLOOKUP(GI21&"-"&GJ21, Sheet2!$E:$F, 2, FALSE), "") | GN21: No | GV21: =IFERROR(VLOOKUP(GT21&"-"&GU21, Sheet2!$E:$F, 2, FALSE), "") | HB21: =IFERROR(VLOOKUP(GZ21&"-"&HA21, Sheet2!$E:$F, 2, FALSE), "") | HK21: =IFERROR(VLOOKUP(HI21&"-"&HJ21, Sheet2!$E:$F, 2, FALSE), "") | HQ21: =IFERROR(VLOOKUP(HO21&"-"&HP21, Sheet2!$E:$F, 2, FALSE), "") | IC21: =IFERROR(VLOOKUP(IA21&"-"&IB21, Sheet2!$E:$F, 2, FALSE), "") | IK21: =IFERROR(VLOOKUP(II21&"-"&IJ21, Sheet2!$E:$F, 2, FALSE), "") | IQ21: =IFERROR(VLOOKUP(IO21&"-"&IP21, Sheet2!$E:$F, 2, FALSE), "") | IZ21: =IFERROR(VLOOKUP(IX21&"-"&IY21, Sheet2!$E:$F, 2, FALSE), "") | JF21: =IFERROR(VLOOKUP(JD21&"-"&JE21, Sheet2!$E:$F, 2, FALSE), "") | JR21: =IFERROR(VLOOKUP(JP21&"-"&JQ21, Sheet2!$E:$F, 2, FALSE), "") | JZ21: =IFERROR(VLOOKUP(JX21&"-"&JY21, Sheet2!$E:$F, 2, FALSE), "") | KH21: =IFERROR(VLOOKUP(KF21&"-"&KG21, Sheet2!$E:$F, 2, FALSE), "") | KQ21: =IFERROR(VLOOKUP(KO21&"-"&KP21, Sheet2!$E:$F, 2, FALSE), "") | KW21: =IFERROR(VLOOKUP(KU21&"-"&KV21, Sheet2!$E:$F, 2, FALSE), "") | LG21: =IFERROR(VLOOKUP(LE21&"-"&LF21, Sheet2!$E:$F, 2, FALSE), "") | LJ21: No | LR21: =IFERROR(VLOOKUP(LP21&"-"&LQ21, Sheet2!$E:$F, 2, FALSE), "") | LX21: =IFERROR(VLOOKUP(LV21&"-"&LW21, Sheet2!$E:$F, 2, FALSE), "") | MG21: =IFERROR(VLOOKUP(ME21&"-"&MF21, Sheet2!$E:$F, 2, FALSE), "") | MM21: =IFERROR(VLOOKUP(MK21&"-"&ML21, Sheet2!$E:$F, 2, FALSE), "") | MW21: =IFERROR(VLOOKUP(MU21&"-"&MV21, Sheet2!$E:$F, 2, FALSE), "") | MZ21: No | NH21: =IFERROR(VLOOKUP(NF21&"-"&NG21, Sheet2!$E:$F, 2, FALSE), "") | NN21: =IFERROR(VLOOKUP(NL21&"-"&NM21, Sheet2!$E:$F, 2, FALSE), "") | NW21: =IFERROR(VLOOKUP(NU21&"-"&NV21, Sheet2!$E:$F, 2, FALSE), "") | OC21: =IFERROR(VLOOKUP(OA21&"-"&OB21, Sheet2!$E:$F, 2, FALSE), "") | OM21: =IFERROR(VLOOKUP(OK21&"-"&OL21, Sheet2!$E:$F, 2, FALSE), "") | OP21: No | OX21: =IFERROR(VLOOKUP(OV21&"-"&OW21, Sheet2!$E:$F, 2, FALSE), "") | PD21: =IFERROR(VLOOKUP(PB21&"-"&PC21, Sheet2!$E:$F, 2, FALSE), "") | PM21: =IFERROR(VLOOKUP(PK21&"-"&PL21, Sheet2!$E:$F, 2, FALSE), "") | PS21: =IFERROR(VLOOKUP(PQ21&"-"&PR21, Sheet2!$E:$F, 2, FALSE), "")
A22: Joyceann | B22: Gray | C22: SC | D22: 100022 | E22: grayja2010@gmail.com | F22: Charter Member | K22: =IFERROR(VLOOKUP(I22&"-"&J22, Sheet2!$E:$F, 2, FALSE), "") | L22: IL | M22: Norfolk | N22: =IFERROR(VLOOKUP(L22&"-"&M22, Sheet2!$E:$F, 2, FALSE), "") | R22: No | Y22: =IFERROR(VLOOKUP(W22&"-"&X22, Sheet2!$E:$F, 2, FALSE), "") | Z22: MA | AB22: =IFERROR(VLOOKUP(Z22&"-"&X22, Sheet2!$E:$F, 2, FALSE), "") | AJ22: =IFERROR(VLOOKUP(AH22&"-"&AI22, Sheet2!$E:$F, 2, FALSE), "") | AR22: =IFERROR(VLOOKUP(AP22&"-"&AQ22, Sheet2!$E:$F, 2, FALSE), "") | AZ22: =IFERROR(VLOOKUP(AX22&"-"&AY22, Sheet2!$E:$F, 2, FALSE), "") | BJ22: =IFERROR(VLOOKUP(BH22&"-"&BI22, Sheet2!$E:$F, 2, FALSE), "") | BN22: No | BV22: =IFERROR(VLOOKUP(BT22&"-"&BU22, Sheet2!$E:$F, 2, FALSE), "") | CB22: =IFERROR(VLOOKUP(BZ22&"-"&CA22, Sheet2!$E:$F, 2, FALSE), "") | CJ22: =IFERROR(VLOOKUP(CH22&"-"&CI22, Sheet2!$E:$F, 2, FALSE), "") | CP22: =IFERROR(VLOOKUP(CN22&"-"&CO22, Sheet2!$E:$F, 2, FALSE), "") | CZ22: =IFERROR(VLOOKUP(CX22&"-"&CY22, Sheet2!$E:$F, 2, FALSE), "") | DC22: No | DK22: =IFERROR(VLOOKUP(DI22&"-"&DJ22, Sheet2!$E:$F, 2, FALSE), "") | DQ22: =IFERROR(VLOOKUP(DO22&"-"&DP22, Sheet2!$E:$F, 2, FALSE), "") | DT22: No | EE22: =IFERROR(VLOOKUP(EC22&"-"&ED22, Sheet2!$E:$F, 2, FALSE), "") | EJ22: =IFERROR(VLOOKUP(EH22&"-"&EI22, Sheet2!$E:$F, 2, FALSE), "") | EU22: =IFERROR(VLOOKUP(ES22&"-"&ET22, Sheet2!$E:$F, 2, FALSE), "") | EX22: No | FF22: =IFERROR(VLOOKUP(FD22&"-"&FE22, Sheet2!$E:$F, 2, FALSE), "") | FL22: =IFERROR(VLOOKUP(FJ22&"-"&FK22, Sheet2!$E:$F, 2, FALSE), "") | FT22: =IFERROR(VLOOKUP(FR22&"-"&FS22, Sheet2!$E:$F, 2, FALSE), "") | FZ22: =IFERROR(VLOOKUP(FX22&"-"&FY22, Sheet2!$E:$F, 2, FALSE), "") | GK22: =IFERROR(VLOOKUP(GI22&"-"&GJ22, Sheet2!$E:$F, 2, FALSE), "") | GN22: No | GV22: =IFERROR(VLOOKUP(GT22&"-"&GU22, Sheet2!$E:$F, 2, FALSE), "") | HB22: =IFERROR(VLOOKUP(GZ22&"-"&HA22, Sheet2!$E:$F, 2, FALSE), "") | HK22: =IFERROR(VLOOKUP(HI22&"-"&HJ22, Sheet2!$E:$F, 2, FALSE), "") | HQ22: =IFERROR(VLOOKUP(HO22&"-"&HP22, Sheet2!$E:$F, 2, FALSE), "") | IC22: =IFERROR(VLOOKUP(IA22&"-"&IB22, Sheet2!$E:$F, 2, FALSE), "") | IK22: =IFERROR(VLOOKUP(II22&"-"&IJ22, Sheet2!$E:$F, 2, FALSE), "") | IQ22: =IFERROR(VLOOKUP(IO22&"-"&IP22, Sheet2!$E:$F, 2, FALSE), "") | IZ22: =IFERROR(VLOOKUP(IX22&"-"&IY22, Sheet2!$E:$F, 2, FALSE), "") | JF22: =IFERROR(VLOOKUP(JD22&"-"&JE22, Sheet2!$E:$F, 2, FALSE), "") | JR22: =IFERROR(VLOOKUP(JP22&"-"&JQ22, Sheet2!$E:$F, 2, FALSE), "") | JZ22: =IFERROR(VLOOKUP(JX22&"-"&JY22, Sheet2!$E:$F, 2, FALSE), "") | KH22: =IFERROR(VLOOKUP(KF22&"-"&KG22, Sheet2!$E:$F, 2, FALSE), "") | KQ22: =IFERROR(VLOOKUP(KO22&"-"&KP22, Sheet2!$E:$F, 2, FALSE), "") | KW22: =IFERROR(VLOOKUP(KU22&"-"&KV22, Sheet2!$E:$F, 2, FALSE), "") | LG22: =IFERROR(VLOOKUP(LE22&"-"&LF22, Sheet2!$E:$F, 2, FALSE), "") | LJ22: No | LR22: =IFERROR(VLOOKUP(LP22&"-"&LQ22, Sheet2!$E:$F, 2, FALSE), "") | LX22: =IFERROR(VLOOKUP(LV22&"-"&LW22, Sheet2!$E:$F, 2, FALSE), "") | MG22: =IFERROR(VLOOKUP(ME22&"-"&MF22, Sheet2!$E:$F, 2, FALSE), "") | MM22: =IFERROR(VLOOKUP(MK22&"-"&ML22, Sheet2!$E:$F, 2, FALSE), "") | MW22: =IFERROR(VLOOKUP(MU22&"-"&MV22, Sheet2!$E:$F, 2, FALSE), "") | MZ22: No | NH22: =IFERROR(VLOOKUP(NF22&"-"&NG22, Sheet2!$E:$F, 2, FALSE), "") | NN22: =IFERROR(VLOOKUP(NL22&"-"&NM22, Sheet2!$E:$F, 2, FALSE), "") | NW22: =IFERROR(VLOOKUP(NU22&"-"&NV22, Sheet2!$E:$F, 2, FALSE), "") | OC22: =IFERROR(VLOOKUP(OA22&"-"&OB22, Sheet2!$E:$F, 2, FALSE), "") | OM22: =IFERROR(VLOOKUP(OK22&"-"&OL22, Sheet2!$E:$F, 2, FALSE), "") | OP22: No | OX22: =IFERROR(VLOOKUP(OV22&"-"&OW22, Sheet2!$E:$F, 2, FALSE), "") | PD22: =IFERROR(VLOOKUP(PB22&"-"&PC22, Sheet2!$E:$F, 2, FALSE), "") | PM22: =IFERROR(VLOOKUP(PK22&"-"&PL22, Sheet2!$E:$F, 2, FALSE), "") | PS22: =IFERROR(VLOOKUP(PQ22&"-"&PR22, Sheet2!$E:$F, 2, FALSE), "")
A23: Elsie | B23: Goins | C23: SC | D23: 100023 | E23: goinscolumbia@aol.com | F23: Founding Member | K23: =IFERROR(VLOOKUP(I23&"-"&J23, Sheet2!$E:$F, 2, FALSE), "") | L23: IL | M23: Norfolk | N23: =IFERROR(VLOOKUP(L23&"-"&M23, Sheet2!$E:$F, 2, FALSE), "") | R23: No | Y23: =IFERROR(VLOOKUP(W23&"-"&X23, Sheet2!$E:$F, 2, FALSE), "") | Z23: MA | AB23: =IFERROR(VLOOKUP(Z23&"-"&X23, Sheet2!$E:$F, 2, FALSE), "") | AJ23: =IFERROR(VLOOKUP(AH23&"-"&AI23, Sheet2!$E:$F, 2, FALSE), "") | AR23: =IFERROR(VLOOKUP(AP23&"-"&AQ23, Sheet2!$E:$F, 2, FALSE), "") | AZ23: =IFERROR(VLOOKUP(AX23&"-"&AY23, Sheet2!$E:$F, 2, FALSE), "") | BJ23: =IFERROR(VLOOKUP(BH23&"-"&BI23, Sheet2!$E:$F, 2, FALSE), "") | BN23: No | BV23: =IFERROR(VLOOKUP(BT23&"-"&BU23, Sheet2!$E:$F, 2, FALSE), "") | CB23: =IFERROR(VLOOKUP(BZ23&"-"&CA23, Sheet2!$E:$F, 2, FALSE), "") | CJ23: =IFERROR(VLOOKUP(CH23&"-"&CI23, Sheet2!$E:$F, 2, FALSE), "") | CP23: =IFERROR(VLOOKUP(CN23&"-"&CO23, Sheet2!$E:$F, 2, FALSE), "") | CZ23: =IFERROR(VLOOKUP(CX23&"-"&CY23, Sheet2!$E:$F, 2, FALSE), "") | DC23: No | DK23: =IFERROR(VLOOKUP(DI23&"-"&DJ23, Sheet2!$E:$F, 2, FALSE), "") | DQ23: =IFERROR(VLOOKUP(DO23&"-"&DP23, Sheet2!$E:$F, 2, FALSE), "") | DT23: No | EE23: =IFERROR(VLOOKUP(EC23&"-"&ED23, Sheet2!$E:$F, 2, FALSE), "") | EJ23: =IFERROR(VLOOKUP(EH23&"-"&EI23, Sheet2!$E:$F, 2, FALSE), "") | EU23: =IFERROR(VLOOKUP(ES23&"-"&ET23, Sheet2!$E:$F, 2, FALSE), "") | EX23: No | FF23: =IFERROR(VLOOKUP(FD23&"-"&FE23, Sheet2!$E:$F, 2, FALSE), "") | FL23: =IFERROR(VLOOKUP(FJ23&"-"&FK23, Sheet2!$E:$F, 2, FALSE), "") | FT23: =IFERROR(VLOOKUP(FR23&"-"&FS23, Sheet2!$E:$F, 2, FALSE), "") | FZ23: =IFERROR(VLOOKUP(FX23&"-"&FY23, Sheet2!$E:$F, 2, FALSE), "") | GK23: =IFERROR(VLOOKUP(GI23&"-"&GJ23, Sheet2!$E:$F, 2, FALSE), "") | GN23: No | GV23: =IFERROR(VLOOKUP(GT23&"-"&GU23, Sheet2!$E:$F, 2, FALSE), "") | HB23: =IFERROR(VLOOKUP(GZ23&"-"&HA23, Sheet2!$E:$F, 2, FALSE), "") | HK23: =IFERROR(VLOOKUP(HI23&"-"&HJ23, Sheet2!$E:$F, 2, FALSE), "") | HQ23: =IFERROR(VLOOKUP(HO23&"-"&HP23, Sheet2!$E:$F, 2, FALSE), "") | IC23: =IFERROR(VLOOKUP(IA23&"-"&IB23, Sheet2!$E:$F, 2, FALSE), "") | IK23: =IFERROR(VLOOKUP(II23&"-"&IJ23, Sheet2!$E:$F, 2, FALSE), "") | IQ23: =IFERROR(VLOOKUP(IO23&"-"&IP23, Sheet2!$E:$F, 2, FALSE), "") | IZ23: =IFERROR(VLOOKUP(IX23&"-"&IY23, Sheet2!$E:$F, 2, FALSE), "") | JF23: =IFERROR(VLOOKUP(JD23&"-"&JE23, Sheet2!$E:$F, 2, FALSE), "") | JR23: =IFERROR(VLOOKUP(JP23&"-"&JQ23, Sheet2!$E:$F, 2, FALSE), "") | JZ23: =IFERROR(VLOOKUP(JX23&"-"&JY23, Sheet2!$E:$F, 2, FALSE), "") | KH23: =IFERROR(VLOOKUP(KF23&"-"&KG23, Sheet2!$E:$F, 2, FALSE), "") | KQ23: =IFERROR(VLOOKUP(KO23&"-"&KP23, Sheet2!$E:$F, 2, FALSE), "") | KW23: =IFERROR(VLOOKUP(KU23&"-"&KV23, Sheet2!$E:$F, 2, FALSE), "") | LG23: =IFERROR(VLOOKUP(LE23&"-"&LF23, Sheet2!$E:$F, 2, FALSE), "") | LJ23: No | LR23: =IFERROR(VLOOKUP(LP23&"-"&LQ23, Sheet2!$E:$F, 2, FALSE), "") | LX23: =IFERROR(VLOOKUP(LV23&"-"&LW23, Sheet2!$E:$F, 2, FALSE), "") | MG23: =IFERROR(VLOOKUP(ME23&"-"&MF23, Sheet2!$E:$F, 2, FALSE), "") | MM23: =IFERROR(VLOOKUP(MK23&"-"&ML23, Sheet2!$E:$F, 2, FALSE), "") | MW23: =IFERROR(VLOOKUP(MU23&"-"&MV23, Sheet2!$E:$F, 2, FALSE), "") | MZ23: No | NH23: =IFERROR(VLOOKUP(NF23&"-"&NG23, Sheet2!$E:$F, 2, FALSE), "") | NN23: =IFERROR(VLOOKUP(NL23&"-"&NM23, Sheet2!$E:$F, 2, FALSE), "") | NW23: =IFERROR(VLOOKUP(NU23&"-"&NV23, Sheet2!$E:$F, 2, FALSE), "") | OC23: =IFERROR(VLOOKUP(OA23&"-"&OB23, Sheet2!$E:$F, 2, FALSE), "") | OM23: =IFERROR(VLOOKUP(OK23&"-"&OL23, Sheet2!$E:$F, 2, FALSE), "") | OP23: No | OX23: =IFERROR(VLOOKUP(OV23&"-"&OW23, Sheet2!$E:$F, 2, FALSE), "") | PD23: =IFERROR(VLOOKUP(PB23&"-"&PC23, Sheet2!$E:$F, 2, FALSE), "") | PM23: =IFERROR(VLOOKUP(PK23&"-"&PL23, Sheet2!$E:$F, 2, FALSE), "") | PS23: =IFERROR(VLOOKUP(PQ23&"-"&PR23, Sheet2!$E:$F, 2, FALSE), "")
A24: Hunter | B24: Moyler | C24: MA | D24: 100024 | E24: mohmoyler97@gmail.com | F24: Regular Member | K24: =IFERROR(VLOOKUP(I24&"-"&J24, Sheet2!$E:$F, 2, FALSE), "") | L24: IL | M24: Norfolk | N24: =IFERROR(VLOOKUP(L24&"-"&M24, Sheet2!$E:$F, 2, FALSE), "") | R24: No | Y24: =IFERROR(VLOOKUP(W24&"-"&X24, Sheet2!$E:$F, 2, FALSE), "") | Z24: MA | AB24: =IFERROR(VLOOKUP(Z24&"-"&X24, Sheet2!$E:$F, 2, FALSE), "") | AJ24: =IFERROR(VLOOKUP(AH24&"-"&AI24, Sheet2!$E:$F, 2, FALSE), "") | AR24: =IFERROR(VLOOKUP(AP24&"-"&AQ24, Sheet2!$E:$F, 2, FALSE), "") | AZ24: =IFERROR(VLOOKUP(AX24&"-"&AY24, Sheet2!$E:$F, 2, FALSE), "") | BJ24: =IFERROR(VLOOKUP(BH24&"-"&BI24, Sheet2!$E:$F, 2, FALSE), "") | BN24: No | BV24: =IFERROR(VLOOKUP(BT24&"-"&BU24, Sheet2!$E:$F, 2, FALSE), "") | CB24: =IFERROR(VLOOKUP(BZ24&"-"&CA24, Sheet2!$E:$F, 2, FALSE), "") | CJ24: =IFERROR(VLOOKUP(CH24&"-"&CI24, Sheet2!$E:$F, 2, FALSE), "") | CP24: =IFERROR(VLOOKUP(CN24&"-"&CO24, Sheet2!$E:$F, 2, FALSE), "") | CZ24: =IFERROR(VLOOKUP(CX24&"-"&CY24, Sheet2!$E:$F, 2, FALSE), "") | DC24: No | DK24: =IFERROR(VLOOKUP(DI24&"-"&DJ24, Sheet2!$E:$F, 2, FALSE), "") | DQ24: =IFERROR(VLOOKUP(DO24&"-"&DP24, Sheet2!$E:$F, 2, FALSE), "") | DT24: No | EE24: =IFERROR(VLOOKUP(EC24&"-"&ED24, Sheet2!$E:$F, 2, FALSE), "") | EJ24: =IFERROR(VLOOKUP(EH24&"-"&EI24, Sheet2!$E:$F, 2, FALSE), "") | EU24: =IFERROR(VLOOKUP(ES24&"-"&ET24, Sheet2!$E:$F, 2, FALSE), "") | EX24: No | FF24: =IFERROR(VLOOKUP(FD24&"-"&FE24, Sheet2!$E:$F, 2, FALSE), "") | FL24: =IFERROR(VLOOKUP(FJ24&"-"&FK24, Sheet2!$E:$F, 2, FALSE), "") | FT24: =IFERROR(VLOOKUP(FR24&"-"&FS24, Sheet2!$E:$F, 2, FALSE), "") | FZ24: =IFERROR(VLOOKUP(FX24&"-"&FY24, Sheet2!$E:$F, 2, FALSE), "") | GK24: =IFERROR(VLOOKUP(GI24&"-"&GJ24, Sheet2!$E:$F, 2, FALSE), "") | GN24: No | GV24: =IFERROR(VLOOKUP(GT24&"-"&GU24, Sheet2!$E:$F, 2, FALSE), "") | HB24: =IFERROR(VLOOKUP(GZ24&"-"&HA24, Sheet2!$E:$F, 2, FALSE), "") | HK24: =IFERROR(VLOOKUP(HI24&"-"&HJ24, Sheet2!$E:$F, 2, FALSE), "") | HQ24: =IFERROR(VLOOKUP(HO24&"-"&HP24, Sheet2!$E:$F, 2, FALSE), "") | IC24: =IFERROR(VLOOKUP(IA24&"-"&IB24, Sheet2!$E:$F, 2, FALSE), "") | IK24: =IFERROR(VLOOKUP(II24&"-"&IJ24, Sheet2!$E:$F, 2, FALSE), "") | IQ24: =IFERROR(VLOOKUP(IO24&"-"&IP24, Sheet2!$E:$F, 2, FALSE), "") | IZ24: =IFERROR(VLOOKUP(IX24&"-"&IY24, Sheet2!$E:$F, 2, FALSE), "") | JF24: =IFERROR(VLOOKUP(JD24&"-"&JE24, Sheet2!$E:$F, 2, FALSE), "") | JR24: =IFERROR(VLOOKUP(JP24&"-"&JQ24, Sheet2!$E:$F, 2, FALSE), "") | JZ24: =IFERROR(VLOOKUP(JX24&"-"&JY24, Sheet2!$E:$F, 2, FALSE), "") | KH24: =IFERROR(VLOOKUP(KF24&"-"&KG24, Sheet2!$E:$F, 2, FALSE), "") | KQ24: =IFERROR(VLOOKUP(KO24&"-"&KP24, Sheet2!$E:$F, 2, FALSE), "") | KW24: =IFERROR(VLOOKUP(KU24&"-"&KV24, Sheet2!$E:$F, 2, FALSE), "") | LG24: =IFERROR(VLOOKUP(LE24&"-"&LF24, Sheet2!$E:$F, 2, FALSE), "") | LJ24: No | LR24: =IFERROR(VLOOKUP(LP24&"-"&LQ24, Sheet2!$E:$F, 2, FALSE), "") | LX24: =IFERROR(VLOOKUP(LV24&"-"&LW24, Sheet2!$E:$F, 2, FALSE), "") | MG24: =IFERROR(VLOOKUP(ME24&"-"&MF24, Sheet2!$E:$F, 2, FALSE), "") | MM24: =IFERROR(VLOOKUP(MK24&"-"&ML24, Sheet2!$E:$F, 2, FALSE), "") | MW24: =IFERROR(VLOOKUP(MU24&"-"&MV24, Sheet2!$E:$F, 2, FALSE), "") | MZ24: No | NH24: =IFERROR(VLOOKUP(NF24&"-"&NG24, Sheet2!$E:$F, 2, FALSE), "") | NN24: =IFERROR(VLOOKUP(NL24&"-"&NM24, Sheet2!$E:$F, 2, FALSE), "") | NW24: =IFERROR(VLOOKUP(NU24&"-"&NV24, Sheet2!$E:$F, 2, FALSE), "") | OC24: =IFERROR(VLOOKUP(OA24&"-"&OB24, Sheet2!$E:$F, 2, FALSE), "") | OM24: =IFERROR(VLOOKUP(OK24&"-"&OL24, Sheet2!$E:$F, 2, FALSE), "") | OP24: No | OX24: =IFERROR(VLOOKUP(OV24&"-"&OW24, Sheet2!$E:$F, 2, FALSE), "") | PD24: =IFERROR(VLOOKUP(PB24&"-"&PC24, Sheet2!$E:$F, 2, FALSE), "") | PM24: =IFERROR(VLOOKUP(PK24&"-"&PL24, Sheet2!$E:$F, 2, FALSE), "") | PS24: =IFERROR(VLOOKUP(PQ24&"-"&PR24, Sheet2!$E:$F, 2, FALSE), "")
A25: Hudson | B25: Cornwall | C25: NY | D25: 100026 | F25: Charter Member | K25: =IFERROR(VLOOKUP(I25&"-"&J25, Sheet2!$E:$F, 2, FALSE), "") | L25: IL | M25: Norfolk | N25: =IFERROR(VLOOKUP(L25&"-"&M25, Sheet2!$E:$F, 2, FALSE), "") | R25: No | Y25: =IFERROR(VLOOKUP(W25&"-"&X25, Sheet2!$E:$F, 2, FALSE), "") | Z25: MA | AB25: =IFERROR(VLOOKUP(Z25&"-"&X25, Sheet2!$E:$F, 2, FALSE), "") | AJ25: =IFERROR(VLOOKUP(AH25&"-"&AI25, Sheet2!$E:$F, 2, FALSE), "") | AR25: =IFERROR(VLOOKUP(AP25&"-"&AQ25, Sheet2!$E:$F, 2, FALSE), "") | AZ25: =IFERROR(VLOOKUP(AX25&"-"&AY25, Sheet2!$E:$F, 2, FALSE), "") | BJ25: =IFERROR(VLOOKUP(BH25&"-"&BI25, Sheet2!$E:$F, 2, FALSE), "") | BN25: No | BV25: =IFERROR(VLOOKUP(BT25&"-"&BU25, Sheet2!$E:$F, 2, FALSE), "") | CB25: =IFERROR(VLOOKUP(BZ25&"-"&CA25, Sheet2!$E:$F, 2, FALSE), "") | CJ25: =IFERROR(VLOOKUP(CH25&"-"&CI25, Sheet2!$E:$F, 2, FALSE), "") | CP25: =IFERROR(VLOOKUP(CN25&"-"&CO25, Sheet2!$E:$F, 2, FALSE), "") | CZ25: =IFERROR(VLOOKUP(CX25&"-"&CY25, Sheet2!$E:$F, 2, FALSE), "") | DC25: No | DK25: =IFERROR(VLOOKUP(DI25&"-"&DJ25, Sheet2!$E:$F, 2, FALSE), "") | DQ25: =IFERROR(VLOOKUP(DO25&"-"&DP25, Sheet2!$E:$F, 2, FALSE), "") | DT25: No | EE25: =IFERROR(VLOOKUP(EC25&"-"&ED25, Sheet2!$E:$F, 2, FALSE), "") | EJ25: =IFERROR(VLOOKUP(EH25&"-"&EI25, Sheet2!$E:$F, 2, FALSE), "") | EU25: =IFERROR(VLOOKUP(ES25&"-"&ET25, Sheet2!$E:$F, 2, FALSE), "") | EX25: No | FF25: =IFERROR(VLOOKUP(FD25&"-"&FE25, Sheet2!$E:$F, 2, FALSE), "") | FL25: =IFERROR(VLOOKUP(FJ25&"-"&FK25, Sheet2!$E:$F, 2, FALSE), "") | FT25: =IFERROR(VLOOKUP(FR25&"-"&FS25, Sheet2!$E:$F, 2, FALSE), "") | FZ25: =IFERROR(VLOOKUP(FX25&"-"&FY25, Sheet2!$E:$F, 2, FALSE), "") | GK25: =IFERROR(VLOOKUP(GI25&"-"&GJ25, Sheet2!$E:$F, 2, FALSE), "") | GN25: No | GV25: =IFERROR(VLOOKUP(GT25&"-"&GU25, Sheet2!$E:$F, 2, FALSE), "") | HB25: =IFERROR(VLOOKUP(GZ25&"-"&HA25, Sheet2!$E:$F, 2, FALSE), "") | HK25: =IFERROR(VLOOKUP(HI25&"-"&HJ25, Sheet2!$E:$F, 2, FALSE), "") | HQ25: =IFERROR(VLOOKUP(HO25&"-"&HP25, Sheet2!$E:$F, 2, FALSE), "") | IC25: =IFERROR(VLOOKUP(IA25&"-"&IB25, Sheet2!$E:$F, 2, FALSE), "") | IK25: =IFERROR(VLOOKUP(II25&"-"&IJ25, Sheet2!$E:$F, 2, FALSE), "") | IQ25: =IFERROR(VLOOKUP(IO25&"-"&IP25, Sheet2!$E:$F, 2, FALSE), "") | IZ25: =IFERROR(VLOOKUP(IX25&"-"&IY25, Sheet2!$E:$F, 2, FALSE), "") | JF25: =IFERROR(VLOOKUP(JD25&"-"&JE25, Sheet2!$E:$F, 2, FALSE), "") | JR25: =IFERROR(VLOOKUP(JP25&"-"&JQ25, Sheet2!$E:$F, 2, FALSE), "") | JZ25: =IFERROR(VLOOKUP(JX25&"-"&JY25, Sheet2!$E:$F, 2, FALSE), "") | KH25: =IFERROR(VLOOKUP(KF25&"-"&KG25, Sheet2!$E:$F, 2, FALSE), "") | KQ25: =IFERROR(VLOOKUP(KO25&"-"&KP25, Sheet2!$E:$F, 2, FALSE), "") | KW25: =IFERROR(VLOOKUP(KU25&"-"&KV25, Sheet2!$E:$F, 2, FALSE), "") | LG25: =IFERROR(VLOOKUP(LE25&"-"&LF25, Sheet2!$E:$F, 2, FALSE), "") | LJ25: No | LR25: =IFERROR(VLOOKUP(LP25&"-"&LQ25, Sheet2!$E:$F, 2, FALSE), "") | LX25: =IFERROR(VLOOKUP(LV25&"-"&LW25, Sheet2!$E:$F, 2, FALSE), "") | MG25: =IFERROR(VLOOKUP(ME25&"-"&MF25, Sheet2!$E:$F, 2, FALSE), "") | MM25: =IFERROR(VLOOKUP(MK25&"-"&ML25, Sheet2!$E:$F, 2, FALSE), "") | MW25: =IFERROR(VLOOKUP(MU25&"-"&MV25, Sheet2!$E:$F, 2, FALSE), "") | MZ25: No | NH25: =IFERROR(VLOOKUP(NF25&"-"&NG25, Sheet2!$E:$F, 2, FALSE), "") | NN25: =IFERROR(VLOOKUP(NL25&"-"&NM25, Sheet2!$E:$F, 2, FALSE), "") | NW25: =IFERROR(VLOOKUP(NU25&"-"&NV25, Sheet2!$E:$F, 2, FALSE), "") | OC25: =IFERROR(VLOOKUP(OA25&"-"&OB25, Sheet2!$E:$F, 2, FALSE), "") | OM25: =IFERROR(VLOOKUP(OK25&"-"&OL25, Sheet2!$E:$F, 2, FALSE), "") | OP25: No | OX25: =IFERROR(VLOOKUP(OV25&"-"&OW25, Sheet2!$E:$F, 2, FALSE), "") | PD25: =IFERROR(VLOOKUP(PB25&"-"&PC25, Sheet2!$E:$F, 2, FALSE), "") | PM25: =IFERROR(VLOOKUP(PK25&"-"&PL25, Sheet2!$E:$F, 2, FALSE), "") | PS25: =IFERROR(VLOOKUP(PQ25&"-"&PR25, Sheet2!$E:$F, 2, FALSE), "")
A26: Waverly | B26: Cornwall | C26: NY | D26: 100027 | F26: Charter Member | K26: =IFERROR(VLOOKUP(I26&"-"&J26, Sheet2!$E:$F, 2, FALSE), "") | L26: IL | M26: Norfolk | N26: =IFERROR(VLOOKUP(L26&"-"&M26, Sheet2!$E:$F, 2, FALSE), "") | R26: No | Y26: =IFERROR(VLOOKUP(W26&"-"&X26, Sheet2!$E:$F, 2, FALSE), "") | Z26: MA | AB26: =IFERROR(VLOOKUP(Z26&"-"&X26, Sheet2!$E:$F, 2, FALSE), "") | AJ26: =IFERROR(VLOOKUP(AH26&"-"&AI26, Sheet2!$E:$F, 2, FALSE), "") | AR26: =IFERROR(VLOOKUP(AP26&"-"&AQ26, Sheet2!$E:$F, 2, FALSE), "") | AZ26: =IFERROR(VLOOKUP(AX26&"-"&AY26, Sheet2!$E:$F, 2, FALSE), "") | BJ26: =IFERROR(VLOOKUP(BH26&"-"&BI26, Sheet2!$E:$F, 2, FALSE), "") | BN26: No | BV26: =IFERROR(VLOOKUP(BT26&"-"&BU26, Sheet2!$E:$F, 2, FALSE), "") | CB26: =IFERROR(VLOOKUP(BZ26&"-"&CA26, Sheet2!$E:$F, 2, FALSE), "") | CJ26: =IFERROR(VLOOKUP(CH26&"-"&CI26, Sheet2!$E:$F, 2, FALSE), "") | CP26: =IFERROR(VLOOKUP(CN26&"-"&CO26, Sheet2!$E:$F, 2, FALSE), "") | CZ26: =IFERROR(VLOOKUP(CX26&"-"&CY26, Sheet2!$E:$F, 2, FALSE), "") | DC26: No | DK26: =IFERROR(VLOOKUP(DI26&"-"&DJ26, Sheet2!$E:$F, 2, FALSE), "") | DQ26: =IFERROR(VLOOKUP(DO26&"-"&DP26, Sheet2!$E:$F, 2, FALSE), "") | DT26: No | EE26: =IFERROR(VLOOKUP(EC26&"-"&ED26, Sheet2!$E:$F, 2, FALSE), "") | EJ26: =IFERROR(VLOOKUP(EH26&"-"&EI26, Sheet2!$E:$F, 2, FALSE), "") | EU26: =IFERROR(VLOOKUP(ES26&"-"&ET26, Sheet2!$E:$F, 2, FALSE), "") | EX26: No | FF26: =IFERROR(VLOOKUP(FD26&"-"&FE26, Sheet2!$E:$F, 2, FALSE), "") | FL26: =IFERROR(VLOOKUP(FJ26&"-"&FK26, Sheet2!$E:$F, 2, FALSE), "") | FT26: =IFERROR(VLOOKUP(FR26&"-"&FS26, Sheet2!$E:$F, 2, FALSE), "") | FZ26: =IFERROR(VLOOKUP(FX26&"-"&FY26, Sheet2!$E:$F, 2, FALSE), "") | GK26: =IFERROR(VLOOKUP(GI26&"-"&GJ26, Sheet2!$E:$F, 2, FALSE), "") | GN26: No | GV26: =IFERROR(VLOOKUP(GT26&"-"&GU26, Sheet2!$E:$F, 2, FALSE), "") | HB26: =IFERROR(VLOOKUP(GZ26&"-"&HA26, Sheet2!$E:$F, 2, FALSE), "") | HK26: =IFERROR(VLOOKUP(HI26&"-"&HJ26, Sheet2!$E:$F, 2, FALSE), "") | HQ26: =IFERROR(VLOOKUP(HO26&"-"&HP26, Sheet2!$E:$F, 2, FALSE), "") | IC26: =IFERROR(VLOOKUP(IA26&"-"&IB26, Sheet2!$E:$F, 2, FALSE), "") | IK26: =IFERROR(VLOOKUP(II26&"-"&IJ26, Sheet2!$E:$F, 2, FALSE), "") | IQ26: =IFERROR(VLOOKUP(IO26&"-"&IP26, Sheet2!$E:$F, 2, FALSE), "") | IZ26: =IFERROR(VLOOKUP(IX26&"-"&IY26, Sheet2!$E:$F, 2, FALSE), "") | JF26: =IFERROR(VLOOKUP(JD26&"-"&JE26, Sheet2!$E:$F, 2, FALSE), "") | JR26: =IFERROR(VLOOKUP(JP26&"-"&JQ26, Sheet2!$E:$F, 2, FALSE), "") | JZ26: =IFERROR(VLOOKUP(JX26&"-"&JY26, Sheet2!$E:$F, 2, FALSE), "") | KH26: =IFERROR(VLOOKUP(KF26&"-"&KG26, Sheet2!$E:$F, 2, FALSE), "") | KQ26: =IFERROR(VLOOKUP(KO26&"-"&KP26, Sheet2!$E:$F, 2, FALSE), "") | KW26: =IFERROR(VLOOKUP(KU26&"-"&KV26, Sheet2!$E:$F, 2, FALSE), "") | LG26: =IFERROR(VLOOKUP(LE26&"-"&LF26, Sheet2!$E:$F, 2, FALSE), "") | LJ26: No | LR26: =IFERROR(VLOOKUP(LP26&"-"&LQ26, Sheet2!$E:$F, 2, FALSE), "") | LX26: =IFERROR(VLOOKUP(LV26&"-"&LW26, Sheet2!$E:$F, 2, FALSE), "") | MG26: =IFERROR(VLOOKUP(ME26&"-"&MF26, Sheet2!$E:$F, 2, FALSE), "") | MM26: =IFERROR(VLOOKUP(MK26&"-"&ML26, Sheet2!$E:$F, 2, FALSE), "") | MW26: =IFERROR(VLOOKUP(MU26&"-"&MV26, Sheet2!$E:$F, 2, FALSE), "") | MZ26: No | NH26: =IFERROR(VLOOKUP(NF26&"-"&NG26, Sheet2!$E:$F, 2, FALSE), "") | NN26: =IFERROR(VLOOKUP(NL26&"-"&NM26, Sheet2!$E:$F, 2, FALSE), "") | NW26: =IFERROR(VLOOKUP(NU26&"-"&NV26, Sheet2!$E:$F, 2, FALSE), "") | OC26: =IFERROR(VLOOKUP(OA26&"-"&OB26, Sheet2!$E:$F, 2, FALSE), "") | OM26: =IFERROR(VLOOKUP(OK26&"-"&OL26, Sheet2!$E:$F, 2, FALSE), "") | OP26: No | OX26: =IFERROR(VLOOKUP(OV26&"-"&OW26, Sheet2!$E:$F, 2, FALSE), "") | PD26: =IFERROR(VLOOKUP(PB26&"-"&PC26, Sheet2!$E:$F, 2, FALSE), "") | PM26: =IFERROR(VLOOKUP(PK26&"-"&PL26, Sheet2!$E:$F, 2, FALSE), "") | PS26: =IFERROR(VLOOKUP(PQ26&"-"&PR26, Sheet2!$E:$F, 2, FALSE), "")
A27: Howard | B27: Richardson | C27: FL | D27: 100028 | F27: Charter Member | K27: =IFERROR(VLOOKUP(I27&"-"&J27, Sheet2!$E:$F, 2, FALSE), "") | L27: IL | M27: Norfolk | N27: =IFERROR(VLOOKUP(L27&"-"&M27, Sheet2!$E:$F, 2, FALSE), "") | R27: No | Y27: =IFERROR(VLOOKUP(W27&"-"&X27, Sheet2!$E:$F, 2, FALSE), "") | Z27: MA | AB27: =IFERROR(VLOOKUP(Z27&"-"&X27, Sheet2!$E:$F, 2, FALSE), "") | AJ27: =IFERROR(VLOOKUP(AH27&"-"&AI27, Sheet2!$E:$F, 2, FALSE), "") | AR27: =IFERROR(VLOOKUP(AP27&"-"&AQ27, Sheet2!$E:$F, 2, FALSE), "") | AZ27: =IFERROR(VLOOKUP(AX27&"-"&AY27, Sheet2!$E:$F, 2, FALSE), "") | BJ27: =IFERROR(VLOOKUP(BH27&"-"&BI27, Sheet2!$E:$F, 2, FALSE), "") | BN27: No | BV27: =IFERROR(VLOOKUP(BT27&"-"&BU27, Sheet2!$E:$F, 2, FALSE), "") | CB27: =IFERROR(VLOOKUP(BZ27&"-"&CA27, Sheet2!$E:$F, 2, FALSE), "") | CJ27: =IFERROR(VLOOKUP(CH27&"-"&CI27, Sheet2!$E:$F, 2, FALSE), "") | CP27: =IFERROR(VLOOKUP(CN27&"-"&CO27, Sheet2!$E:$F, 2, FALSE), "") | CZ27: =IFERROR(VLOOKUP(CX27&"-"&CY27, Sheet2!$E:$F, 2, FALSE), "") | DC27: No | DK27: =IFERROR(VLOOKUP(DI27&"-"&DJ27, Sheet2!$E:$F, 2, FALSE), "") | DQ27: =IFERROR(VLOOKUP(DO27&"-"&DP27, Sheet2!$E:$F, 2, FALSE), "") | DT27: No | EE27: =IFERROR(VLOOKUP(EC27&"-"&ED27, Sheet2!$E:$F, 2, FALSE), "") | EJ27: =IFERROR(VLOOKUP(EH27&"-"&EI27, Sheet2!$E:$F, 2, FALSE), "") | EU27: =IFERROR(VLOOKUP(ES27&"-"&ET27, Sheet2!$E:$F, 2, FALSE), "") | EX27: No | FF27: =IFERROR(VLOOKUP(FD27&"-"&FE27, Sheet2!$E:$F, 2, FALSE), "") | FL27: =IFERROR(VLOOKUP(FJ27&"-"&FK27, Sheet2!$E:$F, 2, FALSE), "") | FT27: =IFERROR(VLOOKUP(FR27&"-"&FS27, Sheet2!$E:$F, 2, FALSE), "") | FZ27: =IFERROR(VLOOKUP(FX27&"-"&FY27, Sheet2!$E:$F, 2, FALSE), "") | GK27: =IFERROR(VLOOKUP(GI27&"-"&GJ27, Sheet2!$E:$F, 2, FALSE), "") | GN27: No | GV27: =IFERROR(VLOOKUP(GT27&"-"&GU27, Sheet2!$E:$F, 2, FALSE), "") | HB27: =IFERROR(VLOOKUP(GZ27&"-"&HA27, Sheet2!$E:$F, 2, FALSE), "") | HK27: =IFERROR(VLOOKUP(HI27&"-"&HJ27, Sheet2!$E:$F, 2, FALSE), "") | HQ27: =IFERROR(VLOOKUP(HO27&"-"&HP27, Sheet2!$E:$F, 2, FALSE), "") | IC27: =IFERROR(VLOOKUP(IA27&"-"&IB27, Sheet2!$E:$F, 2, FALSE), "") | IK27: =IFERROR(VLOOKUP(II27&"-"&IJ27, Sheet2!$E:$F, 2, FALSE), "") | IQ27: =IFERROR(VLOOKUP(IO27&"-"&IP27, Sheet2!$E:$F, 2, FALSE), "") | IZ27: =IFERROR(VLOOKUP(IX27&"-"&IY27, Sheet2!$E:$F, 2, FALSE), "") | JF27: =IFERROR(VLOOKUP(JD27&"-"&JE27, Sheet2!$E:$F, 2, FALSE), "") | JR27: =IFERROR(VLOOKUP(JP27&"-"&JQ27, Sheet2!$E:$F, 2, FALSE), "") | JZ27: =IFERROR(VLOOKUP(JX27&"-"&JY27, Sheet2!$E:$F, 2, FALSE), "") | KH27: =IFERROR(VLOOKUP(KF27&"-"&KG27, Sheet2!$E:$F, 2, FALSE), "") | KQ27: =IFERROR(VLOOKUP(KO27&"-"&KP27, Sheet2!$E:$F, 2, FALSE), "") | KW27: =IFERROR(VLOOKUP(KU27&"-"&KV27, Sheet2!$E:$F, 2, FALSE), "") | LG27: =IFERROR(VLOOKUP(LE27&"-"&LF27, Sheet2!$E:$F, 2, FALSE), "") | LJ27: No | LR27: =IFERROR(VLOOKUP(LP27&"-"&LQ27, Sheet2!$E:$F, 2, FALSE), "") | LX27: =IFERROR(VLOOKUP(LV27&"-"&LW27, Sheet2!$E:$F, 2, FALSE), "") | MG27: =IFERROR(VLOOKUP(ME27&"-"&MF27, Sheet2!$E:$F, 2, FALSE), "") | MM27: =IFERROR(VLOOKUP(MK27&"-"&ML27, Sheet2!$E:$F, 2, FALSE), "") | MW27: =IFERROR(VLOOKUP(MU27&"-"&MV27, Sheet2!$E:$F, 2, FALSE), "") | MZ27: No | NH27: =IFERROR(VLOOKUP(NF27&"-"&NG27, Sheet2!$E:$F, 2, FALSE), "") | NN27: =IFERROR(VLOOKUP(NL27&"-"&NM27, Sheet2!$E:$F, 2, FALSE), "") | NW27: =IFERROR(VLOOKUP(NU27&"-"&NV27, Sheet2!$E:$F, 2, FALSE), "") | OC27: =IFERROR(VLOOKUP(OA27&"-"&OB27, Sheet2!$E:$F, 2, FALSE), "") | OM27: =IFERROR(VLOOKUP(OK27&"-"&OL27, Sheet2!$E:$F, 2, FALSE), "") | OP27: No | OX27: =IFERROR(VLOOKUP(OV27&"-"&OW27, Sheet2!$E:$F, 2, FALSE), "") | PD27: =IFERROR(VLOOKUP(PB27&"-"&PC27, Sheet2!$E:$F, 2, FALSE), "") | PM27: =IFERROR(VLOOKUP(PK27&"-"&PL27, Sheet2!$E:$F, 2, FALSE), "") | PS27: =IFERROR(VLOOKUP(PQ27&"-"&PR27, Sheet2!$E:$F, 2, FALSE), "")
A28: Reagan | B28: Richardson | C28: FL | D28: 100029 | F28: Regular Member | K28: =IFERROR(VLOOKUP(I28&"-"&J28, Sheet2!$E:$F, 2, FALSE), "") | L28: IL | M28: Norfolk | N28: =IFERROR(VLOOKUP(L28&"-"&M28, Sheet2!$E:$F, 2, FALSE), "") | R28: No | Y28: =IFERROR(VLOOKUP(W28&"-"&X28, Sheet2!$E:$F, 2, FALSE), "") | Z28: MA | AB28: =IFERROR(VLOOKUP(Z28&"-"&X28, Sheet2!$E:$F, 2, FALSE), "") | AJ28: =IFERROR(VLOOKUP(AH28&"-"&AI28, Sheet2!$E:$F, 2, FALSE), "") | AR28: =IFERROR(VLOOKUP(AP28&"-"&AQ28, Sheet2!$E:$F, 2, FALSE), "") | AZ28: =IFERROR(VLOOKUP(AX28&"-"&AY28, Sheet2!$E:$F, 2, FALSE), "") | BJ28: =IFERROR(VLOOKUP(BH28&"-"&BI28, Sheet2!$E:$F, 2, FALSE), "") | BN28: No | BV28: =IFERROR(VLOOKUP(BT28&"-"&BU28, Sheet2!$E:$F, 2, FALSE), "") | CB28: =IFERROR(VLOOKUP(BZ28&"-"&CA28, Sheet2!$E:$F, 2, FALSE), "") | CJ28: =IFERROR(VLOOKUP(CH28&"-"&CI28, Sheet2!$E:$F, 2, FALSE), "") | CP28: =IFERROR(VLOOKUP(CN28&"-"&CO28, Sheet2!$E:$F, 2, FALSE), "") | CZ28: =IFERROR(VLOOKUP(CX28&"-"&CY28, Sheet2!$E:$F, 2, FALSE), "") | DC28: No | DK28: =IFERROR(VLOOKUP(DI28&"-"&DJ28, Sheet2!$E:$F, 2, FALSE), "") | DQ28: =IFERROR(VLOOKUP(DO28&"-"&DP28, Sheet2!$E:$F, 2, FALSE), "") | DT28: No | EE28: =IFERROR(VLOOKUP(EC28&"-"&ED28, Sheet2!$E:$F, 2, FALSE), "") | EJ28: =IFERROR(VLOOKUP(EH28&"-"&EI28, Sheet2!$E:$F, 2, FALSE), "") | EU28: =IFERROR(VLOOKUP(ES28&"-"&ET28, Sheet2!$E:$F, 2, FALSE), "") | EX28: No | FF28: =IFERROR(VLOOKUP(FD28&"-"&FE28, Sheet2!$E:$F, 2, FALSE), "") | FL28: =IFERROR(VLOOKUP(FJ28&"-"&FK28, Sheet2!$E:$F, 2, FALSE), "") | FT28: =IFERROR(VLOOKUP(FR28&"-"&FS28, Sheet2!$E:$F, 2, FALSE), "") | FZ28: =IFERROR(VLOOKUP(FX28&"-"&FY28, Sheet2!$E:$F, 2, FALSE), "") | GK28: =IFERROR(VLOOKUP(GI28&"-"&GJ28, Sheet2!$E:$F, 2, FALSE), "") | GN28: No | GV28: =IFERROR(VLOOKUP(GT28&"-"&GU28, Sheet2!$E:$F, 2, FALSE), "") | HB28: =IFERROR(VLOOKUP(GZ28&"-"&HA28, Sheet2!$E:$F, 2, FALSE), "") | HK28: =IFERROR(VLOOKUP(HI28&"-"&HJ28, Sheet2!$E:$F, 2, FALSE), "") | HQ28: =IFERROR(VLOOKUP(HO28&"-"&HP28, Sheet2!$E:$F, 2, FALSE), "") | IC28: =IFERROR(VLOOKUP(IA28&"-"&IB28, Sheet2!$E:$F, 2, FALSE), "") | IK28: =IFERROR(VLOOKUP(II28&"-"&IJ28, Sheet2!$E:$F, 2, FALSE), "") | IQ28: =IFERROR(VLOOKUP(IO28&"-"&IP28, Sheet2!$E:$F, 2, FALSE), "") | IZ28: =IFERROR(VLOOKUP(IX28&"-"&IY28, Sheet2!$E:$F, 2, FALSE), "") | JF28: =IFERROR(VLOOKUP(JD28&"-"&JE28, Sheet2!$E:$F, 2, FALSE), "") | JR28: =IFERROR(VLOOKUP(JP28&"-"&JQ28, Sheet2!$E:$F, 2, FALSE), "") | JZ28: =IFERROR(VLOOKUP(JX28&"-"&JY28, Sheet2!$E:$F, 2, FALSE), "") | KH28: =IFERROR(VLOOKUP(KF28&"-"&KG28, Sheet2!$E:$F, 2, FALSE), "") | KQ28: =IFERROR(VLOOKUP(KO28&"-"&KP28, Sheet2!$E:$F, 2, FALSE), "") | KW28: =IFERROR(VLOOKUP(KU28&"-"&KV28, Sheet2!$E:$F, 2, FALSE), "") | LG28: =IFERROR(VLOOKUP(LE28&"-"&LF28, Sheet2!$E:$F, 2, FALSE), "") | LJ28: No | LR28: =IFERROR(VLOOKUP(LP28&"-"&LQ28, Sheet2!$E:$F, 2, FALSE), "") | LX28: =IFERROR(VLOOKUP(LV28&"-"&LW28, Sheet2!$E:$F, 2, FALSE), "") | MG28: =IFERROR(VLOOKUP(ME28&"-"&MF28, Sheet2!$E:$F, 2, FALSE), "") | MM28: =IFERROR(VLOOKUP(MK28&"-"&ML28, Sheet2!$E:$F, 2, FALSE), "") | MW28: =IFERROR(VLOOKUP(MU28&"-"&MV28, Sheet2!$E:$F, 2, FALSE), "") | MZ28: No | NH28: =IFERROR(VLOOKUP(NF28&"-"&NG28, Sheet2!$E:$F, 2, FALSE), "") | NN28: =IFERROR(VLOOKUP(NL28&"-"&NM28, Sheet2!$E:$F, 2, FALSE), "") | NW28: =IFERROR(VLOOKUP(NU28&"-"&NV28, Sheet2!$E:$F, 2, FALSE), "") | OC28: =IFERROR(VLOOKUP(OA28&"-"&OB28, Sheet2!$E:$F, 2, FALSE), "") | OM28: =IFERROR(VLOOKUP(OK28&"-"&OL28, Sheet2!$E:$F, 2, FALSE), "") | OP28: No | OX28: =IFERROR(VLOOKUP(OV28&"-"&OW28, Sheet2!$E:$F, 2, FALSE), "") | PD28: =IFERROR(VLOOKUP(PB28&"-"&PC28, Sheet2!$E:$F, 2, FALSE), "") | PM28: =IFERROR(VLOOKUP(PK28&"-"&PL28, Sheet2!$E:$F, 2, FALSE), "") | PS28: =IFERROR(VLOOKUP(PQ28&"-"&PR28, Sheet2!$E:$F, 2, FALSE), "")
A29: LaResa | B29: Richardson | C29: FL | D29: 100030 | F29: Regular Member | K29: =IFERROR(VLOOKUP(I29&"-"&J29, Sheet2!$E:$F, 2, FALSE), "") | L29: IL | M29: Norfolk | N29: =IFERROR(VLOOKUP(L29&"-"&M29, Sheet2!$E:$F, 2, FALSE), "") | R29: No | Y29: =IFERROR(VLOOKUP(W29&"-"&X29, Sheet2!$E:$F, 2, FALSE), "") | Z29: MA | AB29: =IFERROR(VLOOKUP(Z29&"-"&X29, Sheet2!$E:$F, 2, FALSE), "") | AJ29: =IFERROR(VLOOKUP(AH29&"-"&AI29, Sheet2!$E:$F, 2, FALSE), "") | AR29: =IFERROR(VLOOKUP(AP29&"-"&AQ29, Sheet2!$E:$F, 2, FALSE), "") | AZ29: =IFERROR(VLOOKUP(AX29&"-"&AY29, Sheet2!$E:$F, 2, FALSE), "") | BJ29: =IFERROR(VLOOKUP(BH29&"-"&BI29, Sheet2!$E:$F, 2, FALSE), "") | BN29: No | BV29: =IFERROR(VLOOKUP(BT29&"-"&BU29, Sheet2!$E:$F, 2, FALSE), "") | CB29: =IFERROR(VLOOKUP(BZ29&"-"&CA29, Sheet2!$E:$F, 2, FALSE), "") | CJ29: =IFERROR(VLOOKUP(CH29&"-"&CI29, Sheet2!$E:$F, 2, FALSE), "") | CP29: =IFERROR(VLOOKUP(CN29&"-"&CO29, Sheet2!$E:$F, 2, FALSE), "") | CZ29: =IFERROR(VLOOKUP(CX29&"-"&CY29, Sheet2!$E:$F, 2, FALSE), "") | DC29: No | DK29: =IFERROR(VLOOKUP(DI29&"-"&DJ29, Sheet2!$E:$F, 2, FALSE), "") | DQ29: =IFERROR(VLOOKUP(DO29&"-"&DP29, Sheet2!$E:$F, 2, FALSE), "") | DT29: No | EE29: =IFERROR(VLOOKUP(EC29&"-"&ED29, Sheet2!$E:$F, 2, FALSE), "") | EJ29: =IFERROR(VLOOKUP(EH29&"-"&EI29, Sheet2!$E:$F, 2, FALSE), "") | EU29: =IFERROR(VLOOKUP(ES29&"-"&ET29, Sheet2!$E:$F, 2, FALSE), "") | EX29: No | FF29: =IFERROR(VLOOKUP(FD29&"-"&FE29, Sheet2!$E:$F, 2, FALSE), "") | FL29: =IFERROR(VLOOKUP(FJ29&"-"&FK29, Sheet2!$E:$F, 2, FALSE), "") | FT29: =IFERROR(VLOOKUP(FR29&"-"&FS29, Sheet2!$E:$F, 2, FALSE), "") | FZ29: =IFERROR(VLOOKUP(FX29&"-"&FY29, Sheet2!$E:$F, 2, FALSE), "") | GK29: =IFERROR(VLOOKUP(GI29&"-"&GJ29, Sheet2!$E:$F, 2, FALSE), "") | GN29: No | GV29: =IFERROR(VLOOKUP(GT29&"-"&GU29, Sheet2!$E:$F, 2, FALSE), "") | HB29: =IFERROR(VLOOKUP(GZ29&"-"&HA29, Sheet2!$E:$F, 2, FALSE), "") | HK29: =IFERROR(VLOOKUP(HI29&"-"&HJ29, Sheet2!$E:$F, 2, FALSE), "") | HQ29: =IFERROR(VLOOKUP(HO29&"-"&HP29, Sheet2!$E:$F, 2, FALSE), "") | IC29: =IFERROR(VLOOKUP(IA29&"-"&IB29, Sheet2!$E:$F, 2, FALSE), "") | IK29: =IFERROR(VLOOKUP(II29&"-"&IJ29, Sheet2!$E:$F, 2, FALSE), "") | IQ29: =IFERROR(VLOOKUP(IO29&"-"&IP29, Sheet2!$E:$F, 2, FALSE), "") | IZ29: =IFERROR(VLOOKUP(IX29&"-"&IY29, Sheet2!$E:$F, 2, FALSE), "") | JF29: =IFERROR(VLOOKUP(JD29&"-"&JE29, Sheet2!$E:$F, 2, FALSE), "") | JR29: =IFERROR(VLOOKUP(JP29&"-"&JQ29, Sheet2!$E:$F, 2, FALSE), "") | JZ29: =IFERROR(VLOOKUP(JX29&"-"&JY29, Sheet2!$E:$F, 2, FALSE), "") | KH29: =IFERROR(VLOOKUP(KF29&"-"&KG29, Sheet2!$E:$F, 2, FALSE), "") | KQ29: =IFERROR(VLOOKUP(KO29&"-"&KP29, Sheet2!$E:$F, 2, FALSE), "") | KW29: =IFERROR(VLOOKUP(KU29&"-"&KV29, Sheet2!$E:$F, 2, FALSE), "") | LG29: =IFERROR(VLOOKUP(LE29&"-"&LF29, Sheet2!$E:$F, 2, FALSE), "") | LJ29: No | LR29: =IFERROR(VLOOKUP(LP29&"-"&LQ29, Sheet2!$E:$F, 2, FALSE), "") | LX29: =IFERROR(VLOOKUP(LV29&"-"&LW29, Sheet2!$E:$F, 2, FALSE), "") | MG29: =IFERROR(VLOOKUP(ME29&"-"&MF29, Sheet2!$E:$F, 2, FALSE), "") | MM29: =IFERROR(VLOOKUP(MK29&"-"&ML29, Sheet2!$E:$F, 2, FALSE), "") | MW29: =IFERROR(VLOOKUP(MU29&"-"&MV29, Sheet2!$E:$F, 2, FALSE), "") | MZ29: No | NH29: =IFERROR(VLOOKUP(NF29&"-"&NG29, Sheet2!$E:$F, 2, FALSE), "") | NN29: =IFERROR(VLOOKUP(NL29&"-"&NM29, Sheet2!$E:$F, 2, FALSE), "") | NW29: =IFERROR(VLOOKUP(NU29&"-"&NV29, Sheet2!$E:$F, 2, FALSE), "") | OC29: =IFERROR(VLOOKUP(OA29&"-"&OB29, Sheet2!$E:$F, 2, FALSE), "") | OM29: =IFERROR(VLOOKUP(OK29&"-"&OL29, Sheet2!$E:$F, 2, FALSE), "") | OP29: No | OX29: =IFERROR(VLOOKUP(OV29&"-"&OW29, Sheet2!$E:$F, 2, FALSE), "") | PD29: =IFERROR(VLOOKUP(PB29&"-"&PC29, Sheet2!$E:$F, 2, FALSE), "") | PM29: =IFERROR(VLOOKUP(PK29&"-"&PL29, Sheet2!$E:$F, 2, FALSE), "") | PS29: =IFERROR(VLOOKUP(PQ29&"-"&PR29, Sheet2!$E:$F, 2, FALSE), "")
A30: Lanaeya' | B30: Richardson | C30: FL | D30: 100031 | F30: Regular Member | K30: =IFERROR(VLOOKUP(I30&"-"&J30, Sheet2!$E:$F, 2, FALSE), "") | L30: IL | M30: Norfolk | N30: =IFERROR(VLOOKUP(L30&"-"&M30, Sheet2!$E:$F, 2, FALSE), "") | R30: No | Y30: =IFERROR(VLOOKUP(W30&"-"&X30, Sheet2!$E:$F, 2, FALSE), "") | Z30: MA | AB30: =IFERROR(VLOOKUP(Z30&"-"&X30, Sheet2!$E:$F, 2, FALSE), "") | AJ30: =IFERROR(VLOOKUP(AH30&"-"&AI30, Sheet2!$E:$F, 2, FALSE), "") | AR30: =IFERROR(VLOOKUP(AP30&"-"&AQ30, Sheet2!$E:$F, 2, FALSE), "") | AZ30: =IFERROR(VLOOKUP(AX30&"-"&AY30, Sheet2!$E:$F, 2, FALSE), "") | BJ30: =IFERROR(VLOOKUP(BH30&"-"&BI30, Sheet2!$E:$F, 2, FALSE), "") | BN30: No | BV30: =IFERROR(VLOOKUP(BT30&"-"&BU30, Sheet2!$E:$F, 2, FALSE), "") | CB30: =IFERROR(VLOOKUP(BZ30&"-"&CA30, Sheet2!$E:$F, 2, FALSE), "") | CJ30: =IFERROR(VLOOKUP(CH30&"-"&CI30, Sheet2!$E:$F, 2, FALSE), "") | CP30: =IFERROR(VLOOKUP(CN30&"-"&CO30, Sheet2!$E:$F, 2, FALSE), "") | CZ30: =IFERROR(VLOOKUP(CX30&"-"&CY30, Sheet2!$E:$F, 2, FALSE), "") | DC30: No | DK30: =IFERROR(VLOOKUP(DI30&"-"&DJ30, Sheet2!$E:$F, 2, FALSE), "") | DQ30: =IFERROR(VLOOKUP(DO30&"-"&DP30, Sheet2!$E:$F, 2, FALSE), "") | DT30: No | EE30: =IFERROR(VLOOKUP(EC30&"-"&ED30, Sheet2!$E:$F, 2, FALSE), "") | EJ30: =IFERROR(VLOOKUP(EH30&"-"&EI30, Sheet2!$E:$F, 2, FALSE), "") | EU30: =IFERROR(VLOOKUP(ES30&"-"&ET30, Sheet2!$E:$F, 2, FALSE), "") | EX30: No | FF30: =IFERROR(VLOOKUP(FD30&"-"&FE30, Sheet2!$E:$F, 2, FALSE), "") | FL30: =IFERROR(VLOOKUP(FJ30&"-"&FK30, Sheet2!$E:$F, 2, FALSE), "") | FT30: =IFERROR(VLOOKUP(FR30&"-"&FS30, Sheet2!$E:$F, 2, FALSE), "") | FZ30: =IFERROR(VLOOKUP(FX30&"-"&FY30, Sheet2!$E:$F, 2, FALSE), "") | GK30: =IFERROR(VLOOKUP(GI30&"-"&GJ30, Sheet2!$E:$F, 2, FALSE), "") | GN30: No | GV30: =IFERROR(VLOOKUP(GT30&"-"&GU30, Sheet2!$E:$F, 2, FALSE), "") | HB30: =IFERROR(VLOOKUP(GZ30&"-"&HA30, Sheet2!$E:$F, 2, FALSE), "") | HK30: =IFERROR(VLOOKUP(HI30&"-"&HJ30, Sheet2!$E:$F, 2, FALSE), "") | HQ30: =IFERROR(VLOOKUP(HO30&"-"&HP30, Sheet2!$E:$F, 2, FALSE), "") | IC30: =IFERROR(VLOOKUP(IA30&"-"&IB30, Sheet2!$E:$F, 2, FALSE), "") | IK30: =IFERROR(VLOOKUP(II30&"-"&IJ30, Sheet2!$E:$F, 2, FALSE), "") | IQ30: =IFERROR(VLOOKUP(IO30&"-"&IP30, Sheet2!$E:$F, 2, FALSE), "") | IZ30: =IFERROR(VLOOKUP(IX30&"-"&IY30, Sheet2!$E:$F, 2, FALSE), "") | JF30: =IFERROR(VLOOKUP(JD30&"-"&JE30, Sheet2!$E:$F, 2, FALSE), "") | JR30: =IFERROR(VLOOKUP(JP30&"-"&JQ30, Sheet2!$E:$F, 2, FALSE), "") | JZ30: =IFERROR(VLOOKUP(JX30&"-"&JY30, Sheet2!$E:$F, 2, FALSE), "") | KH30: =IFERROR(VLOOKUP(KF30&"-"&KG30, Sheet2!$E:$F, 2, FALSE), "") | KQ30: =IFERROR(VLOOKUP(KO30&"-"&KP30, Sheet2!$E:$F, 2, FALSE), "") | KW30: =IFERROR(VLOOKUP(KU30&"-"&KV30, Sheet2!$E:$F, 2, FALSE), "") | LG30: =IFERROR(VLOOKUP(LE30&"-"&LF30, Sheet2!$E:$F, 2, FALSE), "") | LJ30: No | LR30: =IFERROR(VLOOKUP(LP30&"-"&LQ30, Sheet2!$E:$F, 2, FALSE), "") | LX30: =IFERROR(VLOOKUP(LV30&"-"&LW30, Sheet2!$E:$F, 2, FALSE), "") | MG30: =IFERROR(VLOOKUP(ME30&"-"&MF30, Sheet2!$E:$F, 2, FALSE), "") | MM30: =IFERROR(VLOOKUP(MK30&"-"&ML30, Sheet2!$E:$F, 2, FALSE), "") | MW30: =IFERROR(VLOOKUP(MU30&"-"&MV30, Sheet2!$E:$F, 2, FALSE), "") | MZ30: No | NH30: =IFERROR(VLOOKUP(NF30&"-"&NG30, Sheet2!$E:$F, 2, FALSE), "") | NN30: =IFERROR(VLOOKUP(NL30&"-"&NM30, Sheet2!$E:$F, 2, FALSE), "") | NW30: =IFERROR(VLOOKUP(NU30&"-"&NV30, Sheet2!$E:$F, 2, FALSE), "") | OC30: =IFERROR(VLOOKUP(OA30&"-"&OB30, Sheet2!$E:$F, 2, FALSE), "") | OM30: =IFERROR(VLOOKUP(OK30&"-"&OL30, Sheet2!$E:$F, 2, FALSE), "") | OP30: No | OX30: =IFERROR(VLOOKUP(OV30&"-"&OW30, Sheet2!$E:$F, 2, FALSE), "") | PD30: =IFERROR(VLOOKUP(PB30&"-"&PC30, Sheet2!$E:$F, 2, FALSE), "") | PM30: =IFERROR(VLOOKUP(PK30&"-"&PL30, Sheet2!$E:$F, 2, FALSE), "") | PS30: =IFERROR(VLOOKUP(PQ30&"-"&PR30, Sheet2!$E:$F, 2, FALSE), "")
A31: Carol | B31: Hector-Harris | C31: OH | D31: 100032 | E31: carolhectorharris@hotmail.com | F31: Regular Member | K31: =IFERROR(VLOOKUP(I31&"-"&J31, Sheet2!$E:$F, 2, FALSE), "") | L31: IL | M31: Norfolk | N31: =IFERROR(VLOOKUP(L31&"-"&M31, Sheet2!$E:$F, 2, FALSE), "") | R31: No | Y31: =IFERROR(VLOOKUP(W31&"-"&X31, Sheet2!$E:$F, 2, FALSE), "") | Z31: MA | AB31: =IFERROR(VLOOKUP(Z31&"-"&X31, Sheet2!$E:$F, 2, FALSE), "") | AJ31: =IFERROR(VLOOKUP(AH31&"-"&AI31, Sheet2!$E:$F, 2, FALSE), "") | AR31: =IFERROR(VLOOKUP(AP31&"-"&AQ31, Sheet2!$E:$F, 2, FALSE), "") | AZ31: =IFERROR(VLOOKUP(AX31&"-"&AY31, Sheet2!$E:$F, 2, FALSE), "") | BJ31: =IFERROR(VLOOKUP(BH31&"-"&BI31, Sheet2!$E:$F, 2, FALSE), "") | BN31: No | BV31: =IFERROR(VLOOKUP(BT31&"-"&BU31, Sheet2!$E:$F, 2, FALSE), "") | CB31: =IFERROR(VLOOKUP(BZ31&"-"&CA31, Sheet2!$E:$F, 2, FALSE), "") | CJ31: =IFERROR(VLOOKUP(CH31&"-"&CI31, Sheet2!$E:$F, 2, FALSE), "") | CP31: =IFERROR(VLOOKUP(CN31&"-"&CO31, Sheet2!$E:$F, 2, FALSE), "") | CZ31: =IFERROR(VLOOKUP(CX31&"-"&CY31, Sheet2!$E:$F, 2, FALSE), "") | DC31: No | DK31: =IFERROR(VLOOKUP(DI31&"-"&DJ31, Sheet2!$E:$F, 2, FALSE), "") | DQ31: =IFERROR(VLOOKUP(DO31&"-"&DP31, Sheet2!$E:$F, 2, FALSE), "") | DT31: No | EE31: =IFERROR(VLOOKUP(EC31&"-"&ED31, Sheet2!$E:$F, 2, FALSE), "") | EJ31: =IFERROR(VLOOKUP(EH31&"-"&EI31, Sheet2!$E:$F, 2, FALSE), "") | EU31: =IFERROR(VLOOKUP(ES31&"-"&ET31, Sheet2!$E:$F, 2, FALSE), "") | EX31: No | FF31: =IFERROR(VLOOKUP(FD31&"-"&FE31, Sheet2!$E:$F, 2, FALSE), "") | FL31: =IFERROR(VLOOKUP(FJ31&"-"&FK31, Sheet2!$E:$F, 2, FALSE), "") | FT31: =IFERROR(VLOOKUP(FR31&"-"&FS31, Sheet2!$E:$F, 2, FALSE), "") | FZ31: =IFERROR(VLOOKUP(FX31&"-"&FY31, Sheet2!$E:$F, 2, FALSE), "") | GK31: =IFERROR(VLOOKUP(GI31&"-"&GJ31, Sheet2!$E:$F, 2, FALSE), "") | GN31: No | GV31: =IFERROR(VLOOKUP(GT31&"-"&GU31, Sheet2!$E:$F, 2, FALSE), "") | HB31: =IFERROR(VLOOKUP(GZ31&"-"&HA31, Sheet2!$E:$F, 2, FALSE), "") | HK31: =IFERROR(VLOOKUP(HI31&"-"&HJ31, Sheet2!$E:$F, 2, FALSE), "") | HQ31: =IFERROR(VLOOKUP(HO31&"-"&HP31, Sheet2!$E:$F, 2, FALSE), "") | IC31: =IFERROR(VLOOKUP(IA31&"-"&IB31, Sheet2!$E:$F, 2, FALSE), "") | IK31: =IFERROR(VLOOKUP(II31&"-"&IJ31, Sheet2!$E:$F, 2, FALSE), "") | IQ31: =IFERROR(VLOOKUP(IO31&"-"&IP31, Sheet2!$E:$F, 2, FALSE), "") | IZ31: =IFERROR(VLOOKUP(IX31&"-"&IY31, Sheet2!$E:$F, 2, FALSE), "") | JF31: =IFERROR(VLOOKUP(JD31&"-"&JE31, Sheet2!$E:$F, 2, FALSE), "") | JR31: =IFERROR(VLOOKUP(JP31&"-"&JQ31, Sheet2!$E:$F, 2, FALSE), "") | JZ31: =IFERROR(VLOOKUP(JX31&"-"&JY31, Sheet2!$E:$F, 2, FALSE), "") | KH31: =IFERROR(VLOOKUP(KF31&"-"&KG31, Sheet2!$E:$F, 2, FALSE), "") | KQ31: =IFERROR(VLOOKUP(KO31&"-"&KP31, Sheet2!$E:$F, 2, FALSE), "") | KW31: =IFERROR(VLOOKUP(KU31&"-"&KV31, Sheet2!$E:$F, 2, FALSE), "") | LG31: =IFERROR(VLOOKUP(LE31&"-"&LF31, Sheet2!$E:$F, 2, FALSE), "") | LJ31: No | LR31: =IFERROR(VLOOKUP(LP31&"-"&LQ31, Sheet2!$E:$F, 2, FALSE), "") | LX31: =IFERROR(VLOOKUP(LV31&"-"&LW31, Sheet2!$E:$F, 2, FALSE), "") | MG31: =IFERROR(VLOOKUP(ME31&"-"&MF31, Sheet2!$E:$F, 2, FALSE), "") | MM31: =IFERROR(VLOOKUP(MK31&"-"&ML31, Sheet2!$E:$F, 2, FALSE), "") | MW31: =IFERROR(VLOOKUP(MU31&"-"&MV31, Sheet2!$E:$F, 2, FALSE), "") | MZ31: No | NH31: =IFERROR(VLOOKUP(NF31&"-"&NG31, Sheet2!$E:$F, 2, FALSE), "") | NN31: =IFERROR(VLOOKUP(NL31&"-"&NM31, Sheet2!$E:$F, 2, FALSE), "") | NW31: =IFERROR(VLOOKUP(NU31&"-"&NV31, Sheet2!$E:$F, 2, FALSE), "") | OC31: =IFERROR(VLOOKUP(OA31&"-"&OB31, Sheet2!$E:$F, 2, FALSE), "") | OM31: =IFERROR(VLOOKUP(OK31&"-"&OL31, Sheet2!$E:$F, 2, FALSE), "") | OP31: No | OX31: =IFERROR(VLOOKUP(OV31&"-"&OW31, Sheet2!$E:$F, 2, FALSE), "") | PD31: =IFERROR(VLOOKUP(PB31&"-"&PC31, Sheet2!$E:$F, 2, FALSE), "") | PM31: =IFERROR(VLOOKUP(PK31&"-"&PL31, Sheet2!$E:$F, 2, FALSE), "") | PS31: =IFERROR(VLOOKUP(PQ31&"-"&PR31, Sheet2!$E:$F, 2, FALSE), "")
A32: Ashton | B32: Judge | C32: NC | D32: 100033 | F32: Regular Member | K32: =IFERROR(VLOOKUP(I32&"-"&J32, Sheet2!$E:$F, 2, FALSE), "") | L32: IL | M32: Norfolk | N32: =IFERROR(VLOOKUP(L32&"-"&M32, Sheet2!$E:$F, 2, FALSE), "") | R32: No | Y32: =IFERROR(VLOOKUP(W32&"-"&X32, Sheet2!$E:$F, 2, FALSE), "") | Z32: MA | AB32: =IFERROR(VLOOKUP(Z32&"-"&X32, Sheet2!$E:$F, 2, FALSE), "") | AJ32: =IFERROR(VLOOKUP(AH32&"-"&AI32, Sheet2!$E:$F, 2, FALSE), "") | AR32: =IFERROR(VLOOKUP(AP32&"-"&AQ32, Sheet2!$E:$F, 2, FALSE), "") | AZ32: =IFERROR(VLOOKUP(AX32&"-"&AY32, Sheet2!$E:$F, 2, FALSE), "") | BJ32: =IFERROR(VLOOKUP(BH32&"-"&BI32, Sheet2!$E:$F, 2, FALSE), "") | BN32: No | BV32: =IFERROR(VLOOKUP(BT32&"-"&BU32, Sheet2!$E:$F, 2, FALSE), "") | CB32: =IFERROR(VLOOKUP(BZ32&"-"&CA32, Sheet2!$E:$F, 2, FALSE), "") | CJ32: =IFERROR(VLOOKUP(CH32&"-"&CI32, Sheet2!$E:$F, 2, FALSE), "") | CP32: =IFERROR(VLOOKUP(CN32&"-"&CO32, Sheet2!$E:$F, 2, FALSE), "") | CZ32: =IFERROR(VLOOKUP(CX32&"-"&CY32, Sheet2!$E:$F, 2, FALSE), "") | DC32: No | DK32: =IFERROR(VLOOKUP(DI32&"-"&DJ32, Sheet2!$E:$F, 2, FALSE), "") | DQ32: =IFERROR(VLOOKUP(DO32&"-"&DP32, Sheet2!$E:$F, 2, FALSE), "") | DT32: No | EE32: =IFERROR(VLOOKUP(EC32&"-"&ED32, Sheet2!$E:$F, 2, FALSE), "") | EJ32: =IFERROR(VLOOKUP(EH32&"-"&EI32, Sheet2!$E:$F, 2, FALSE), "") | EU32: =IFERROR(VLOOKUP(ES32&"-"&ET32, Sheet2!$E:$F, 2, FALSE), "") | EX32: No | FF32: =IFERROR(VLOOKUP(FD32&"-"&FE32, Sheet2!$E:$F, 2, FALSE), "") | FL32: =IFERROR(VLOOKUP(FJ32&"-"&FK32, Sheet2!$E:$F, 2, FALSE), "") | FT32: =IFERROR(VLOOKUP(FR32&"-"&FS32, Sheet2!$E:$F, 2, FALSE), "") | FZ32: =IFERROR(VLOOKUP(FX32&"-"&FY32, Sheet2!$E:$F, 2, FALSE), "") | GK32: =IFERROR(VLOOKUP(GI32&"-"&GJ32, Sheet2!$E:$F, 2, FALSE), "") | GN32: No | GV32: =IFERROR(VLOOKUP(GT32&"-"&GU32, Sheet2!$E:$F, 2, FALSE), "") | HB32: =IFERROR(VLOOKUP(GZ32&"-"&HA32, Sheet2!$E:$F, 2, FALSE), "") | HK32: =IFERROR(VLOOKUP(HI32&"-"&HJ32, Sheet2!$E:$F, 2, FALSE), "") | HQ32: =IFERROR(VLOOKUP(HO32&"-"&HP32, Sheet2!$E:$F, 2, FALSE), "") | IC32: =IFERROR(VLOOKUP(IA32&"-"&IB32, Sheet2!$E:$F, 2, FALSE), "") | IK32: =IFERROR(VLOOKUP(II32&"-"&IJ32, Sheet2!$E:$F, 2, FALSE), "") | IQ32: =IFERROR(VLOOKUP(IO32&"-"&IP32, Sheet2!$E:$F, 2, FALSE), "") | IZ32: =IFERROR(VLOOKUP(IX32&"-"&IY32, Sheet2!$E:$F, 2, FALSE), "") | JF32: =IFERROR(VLOOKUP(JD32&"-"&JE32, Sheet2!$E:$F, 2, FALSE), "") | JR32: =IFERROR(VLOOKUP(JP32&"-"&JQ32, Sheet2!$E:$F, 2, FALSE), "") | JZ32: =IFERROR(VLOOKUP(JX32&"-"&JY32, Sheet2!$E:$F, 2, FALSE), "") | KH32: =IFERROR(VLOOKUP(KF32&"-"&KG32, Sheet2!$E:$F, 2, FALSE), "") | KQ32: =IFERROR(VLOOKUP(KO32&"-"&KP32, Sheet2!$E:$F, 2, FALSE), "") | KW32: =IFERROR(VLOOKUP(KU32&"-"&KV32, Sheet2!$E:$F, 2, FALSE), "") | LG32: =IFERROR(VLOOKUP(LE32&"-"&LF32, Sheet2!$E:$F, 2, FALSE), "") | LJ32: No | LR32: =IFERROR(VLOOKUP(LP32&"-"&LQ32, Sheet2!$E:$F, 2, FALSE), "") | LX32: =IFERROR(VLOOKUP(LV32&"-"&LW32, Sheet2!$E:$F, 2, FALSE), "") | MG32: =IFERROR(VLOOKUP(ME32&"-"&MF32, Sheet2!$E:$F, 2, FALSE), "") | MM32: =IFERROR(VLOOKUP(MK32&"-"&ML32, Sheet2!$E:$F, 2, FALSE), "") | MW32: =IFERROR(VLOOKUP(MU32&"-"&MV32, Sheet2!$E:$F, 2, FALSE), "") | MZ32: No | NH32: =IFERROR(VLOOKUP(NF32&"-"&NG32, Sheet2!$E:$F, 2, FALSE), "") | NN32: =IFERROR(VLOOKUP(NL32&"-"&NM32, Sheet2!$E:$F, 2, FALSE), "") | NW32: =IFERROR(VLOOKUP(NU32&"-"&NV32, Sheet2!$E:$F, 2, FALSE), "") | OC32: =IFERROR(VLOOKUP(OA32&"-"&OB32, Sheet2!$E:$F, 2, FALSE), "") | OM32: =IFERROR(VLOOKUP(OK32&"-"&OL32, Sheet2!$E:$F, 2, FALSE), "") | OP32: No | OX32: =IFERROR(VLOOKUP(OV32&"-"&OW32, Sheet2!$E:$F, 2, FALSE), "") | PD32: =IFERROR(VLOOKUP(PB32&"-"&PC32, Sheet2!$E:$F, 2, FALSE), "") | PM32: =IFERROR(VLOOKUP(PK32&"-"&PL32, Sheet2!$E:$F, 2, FALSE), "") | PS32: =IFERROR(VLOOKUP(PQ32&"-"&PR32, Sheet2!$E:$F, 2, FALSE), "")
A33: Bryant | B33: Judge | C33: NC | D33: 100034 | F33: Regular Member | K33: =IFERROR(VLOOKUP(I33&"-"&J33, Sheet2!$E:$F, 2, FALSE), "") | L33: IL | M33: Norfolk | N33: =IFERROR(VLOOKUP(L33&"-"&M33, Sheet2!$E:$F, 2, FALSE), "") | R33: No | Y33: =IFERROR(VLOOKUP(W33&"-"&X33, Sheet2!$E:$F, 2, FALSE), "") | Z33: MA | AB33: =IFERROR(VLOOKUP(Z33&"-"&X33, Sheet2!$E:$F, 2, FALSE), "") | AJ33: =IFERROR(VLOOKUP(AH33&"-"&AI33, Sheet2!$E:$F, 2, FALSE), "") | AR33: =IFERROR(VLOOKUP(AP33&"-"&AQ33, Sheet2!$E:$F, 2, FALSE), "") | AZ33: =IFERROR(VLOOKUP(AX33&"-"&AY33, Sheet2!$E:$F, 2, FALSE), "") | BJ33: =IFERROR(VLOOKUP(BH33&"-"&BI33, Sheet2!$E:$F, 2, FALSE), "") | BN33: No | BV33: =IFERROR(VLOOKUP(BT33&"-"&BU33, Sheet2!$E:$F, 2, FALSE), "") | CB33: =IFERROR(VLOOKUP(BZ33&"-"&CA33, Sheet2!$E:$F, 2, FALSE), "") | CJ33: =IFERROR(VLOOKUP(CH33&"-"&CI33, Sheet2!$E:$F, 2, FALSE), "") | CP33: =IFERROR(VLOOKUP(CN33&"-"&CO33, Sheet2!$E:$F, 2, FALSE), "") | CZ33: =IFERROR(VLOOKUP(CX33&"-"&CY33, Sheet2!$E:$F, 2, FALSE), "") | DC33: No | DK33: =IFERROR(VLOOKUP(DI33&"-"&DJ33, Sheet2!$E:$F, 2, FALSE), "") | DQ33: =IFERROR(VLOOKUP(DO33&"-"&DP33, Sheet2!$E:$F, 2, FALSE), "") | DT33: No | EE33: =IFERROR(VLOOKUP(EC33&"-"&ED33, Sheet2!$E:$F, 2, FALSE), "") | EJ33: =IFERROR(VLOOKUP(EH33&"-"&EI33, Sheet2!$E:$F, 2, FALSE), "") | EU33: =IFERROR(VLOOKUP(ES33&"-"&ET33, Sheet2!$E:$F, 2, FALSE), "") | EX33: No | FF33: =IFERROR(VLOOKUP(FD33&"-"&FE33, Sheet2!$E:$F, 2, FALSE), "") | FL33: =IFERROR(VLOOKUP(FJ33&"-"&FK33, Sheet2!$E:$F, 2, FALSE), "") | FT33: =IFERROR(VLOOKUP(FR33&"-"&FS33, Sheet2!$E:$F, 2, FALSE), "") | FZ33: =IFERROR(VLOOKUP(FX33&"-"&FY33, Sheet2!$E:$F, 2, FALSE), "") | GK33: =IFERROR(VLOOKUP(GI33&"-"&GJ33, Sheet2!$E:$F, 2, FALSE), "") | GN33: No | GV33: =IFERROR(VLOOKUP(GT33&"-"&GU33, Sheet2!$E:$F, 2, FALSE), "") | HB33: =IFERROR(VLOOKUP(GZ33&"-"&HA33, Sheet2!$E:$F, 2, FALSE), "") | HK33: =IFERROR(VLOOKUP(HI33&"-"&HJ33, Sheet2!$E:$F, 2, FALSE), "") | HQ33: =IFERROR(VLOOKUP(HO33&"-"&HP33, Sheet2!$E:$F, 2, FALSE), "") | IC33: =IFERROR(VLOOKUP(IA33&"-"&IB33, Sheet2!$E:$F, 2, FALSE), "") | IK33: =IFERROR(VLOOKUP(II33&"-"&IJ33, Sheet2!$E:$F, 2, FALSE), "") | IQ33: =IFERROR(VLOOKUP(IO33&"-"&IP33, Sheet2!$E:$F, 2, FALSE), "") | IZ33: =IFERROR(VLOOKUP(IX33&"-"&IY33, Sheet2!$E:$F, 2, FALSE), "") | JF33: =IFERROR(VLOOKUP(JD33&"-"&JE33, Sheet2!$E:$F, 2, FALSE), "") | JR33: =IFERROR(VLOOKUP(JP33&"-"&JQ33, Sheet2!$E:$F, 2, FALSE), "") | JZ33: =IFERROR(VLOOKUP(JX33&"-"&JY33, Sheet2!$E:$F, 2, FALSE), "") | KH33: =IFERROR(VLOOKUP(KF33&"-"&KG33, Sheet2!$E:$F, 2, FALSE), "") | KQ33: =IFERROR(VLOOKUP(KO33&"-"&KP33, Sheet2!$E:$F, 2, FALSE), "") | KW33: =IFERROR(VLOOKUP(KU33&"-"&KV33, Sheet2!$E:$F, 2, FALSE), "") | LG33: =IFERROR(VLOOKUP(LE33&"-"&LF33, Sheet2!$E:$F, 2, FALSE), "") | LJ33: No | LR33: =IFERROR(VLOOKUP(LP33&"-"&LQ33, Sheet2!$E:$F, 2, FALSE), "") | LX33: =IFERROR(VLOOKUP(LV33&"-"&LW33, Sheet2!$E:$F, 2, FALSE), "") | MG33: =IFERROR(VLOOKUP(ME33&"-"&MF33, Sheet2!$E:$F, 2, FALSE), "") | MM33: =IFERROR(VLOOKUP(MK33&"-"&ML33, Sheet2!$E:$F, 2, FALSE), "") | MW33: =IFERROR(VLOOKUP(MU33&"-"&MV33, Sheet2!$E:$F, 2, FALSE), "") | MZ33: No | NH33: =IFERROR(VLOOKUP(NF33&"-"&NG33, Sheet2!$E:$F, 2, FALSE), "") | NN33: =IFERROR(VLOOKUP(NL33&"-"&NM33, Sheet2!$E:$F, 2, FALSE), "") | NW33: =IFERROR(VLOOKUP(NU33&"-"&NV33, Sheet2!$E:$F, 2, FALSE), "") | OC33: =IFERROR(VLOOKUP(OA33&"-"&OB33, Sheet2!$E:$F, 2, FALSE), "") | OM33: =IFERROR(VLOOKUP(OK33&"-"&OL33, Sheet2!$E:$F, 2, FALSE), "") | OP33: No | OX33: =IFERROR(VLOOKUP(OV33&"-"&OW33, Sheet2!$E:$F, 2, FALSE), "") | PD33: =IFERROR(VLOOKUP(PB33&"-"&PC33, Sheet2!$E:$F, 2, FALSE), "") | PM33: =IFERROR(VLOOKUP(PK33&"-"&PL33, Sheet2!$E:$F, 2, FALSE), "") | PS33: =IFERROR(VLOOKUP(PQ33&"-"&PR33, Sheet2!$E:$F, 2, FALSE), "")
A34: Sonya | B34: Bostic | C34: NJ | D34: 100035 | E34: sabostic44@gmail.com | F34: Regular Member | K34: =IFERROR(VLOOKUP(I34&"-"&J34, Sheet2!$E:$F, 2, FALSE), "") | L34: IL | M34: Norfolk | N34: =IFERROR(VLOOKUP(L34&"-"&M34, Sheet2!$E:$F, 2, FALSE), "") | R34: No | Y34: =IFERROR(VLOOKUP(W34&"-"&X34, Sheet2!$E:$F, 2, FALSE), "") | Z34: MA | AB34: =IFERROR(VLOOKUP(Z34&"-"&X34, Sheet2!$E:$F, 2, FALSE), "") | AJ34: =IFERROR(VLOOKUP(AH34&"-"&AI34, Sheet2!$E:$F, 2, FALSE), "") | AR34: =IFERROR(VLOOKUP(AP34&"-"&AQ34, Sheet2!$E:$F, 2, FALSE), "") | AZ34: =IFERROR(VLOOKUP(AX34&"-"&AY34, Sheet2!$E:$F, 2, FALSE), "") | BJ34: =IFERROR(VLOOKUP(BH34&"-"&BI34, Sheet2!$E:$F, 2, FALSE), "") | BN34: No | BV34: =IFERROR(VLOOKUP(BT34&"-"&BU34, Sheet2!$E:$F, 2, FALSE), "") | CB34: =IFERROR(VLOOKUP(BZ34&"-"&CA34, Sheet2!$E:$F, 2, FALSE), "") | CJ34: =IFERROR(VLOOKUP(CH34&"-"&CI34, Sheet2!$E:$F, 2, FALSE), "") | CP34: =IFERROR(VLOOKUP(CN34&"-"&CO34, Sheet2!$E:$F, 2, FALSE), "") | CZ34: =IFERROR(VLOOKUP(CX34&"-"&CY34, Sheet2!$E:$F, 2, FALSE), "") | DC34: No | DK34: =IFERROR(VLOOKUP(DI34&"-"&DJ34, Sheet2!$E:$F, 2, FALSE), "") | DQ34: =IFERROR(VLOOKUP(DO34&"-"&DP34, Sheet2!$E:$F, 2, FALSE), "") | DT34: No | EE34: =IFERROR(VLOOKUP(EC34&"-"&ED34, Sheet2!$E:$F, 2, FALSE), "") | EJ34: =IFERROR(VLOOKUP(EH34&"-"&EI34, Sheet2!$E:$F, 2, FALSE), "") | EU34: =IFERROR(VLOOKUP(ES34&"-"&ET34, Sheet2!$E:$F, 2, FALSE), "") | EX34: No | FF34: =IFERROR(VLOOKUP(FD34&"-"&FE34, Sheet2!$E:$F, 2, FALSE), "") | FL34: =IFERROR(VLOOKUP(FJ34&"-"&FK34, Sheet2!$E:$F, 2, FALSE), "") | FT34: =IFERROR(VLOOKUP(FR34&"-"&FS34, Sheet2!$E:$F, 2, FALSE), "") | FZ34: =IFERROR(VLOOKUP(FX34&"-"&FY34, Sheet2!$E:$F, 2, FALSE), "") | GK34: =IFERROR(VLOOKUP(GI34&"-"&GJ34, Sheet2!$E:$F, 2, FALSE), "") | GN34: No | GV34: =IFERROR(VLOOKUP(GT34&"-"&GU34, Sheet2!$E:$F, 2, FALSE), "") | HB34: =IFERROR(VLOOKUP(GZ34&"-"&HA34, Sheet2!$E:$F, 2, FALSE), "") | HK34: =IFERROR(VLOOKUP(HI34&"-"&HJ34, Sheet2!$E:$F, 2, FALSE), "") | HQ34: =IFERROR(VLOOKUP(HO34&"-"&HP34, Sheet2!$E:$F, 2, FALSE), "") | IC34: =IFERROR(VLOOKUP(IA34&"-"&IB34, Sheet2!$E:$F, 2, FALSE), "") | IK34: =IFERROR(VLOOKUP(II34&"-"&IJ34, Sheet2!$E:$F, 2, FALSE), "") | IQ34: =IFERROR(VLOOKUP(IO34&"-"&IP34, Sheet2!$E:$F, 2, FALSE), "") | IZ34: =IFERROR(VLOOKUP(IX34&"-"&IY34, Sheet2!$E:$F, 2, FALSE), "") | JF34: =IFERROR(VLOOKUP(JD34&"-"&JE34, Sheet2!$E:$F, 2, FALSE), "") | JR34: =IFERROR(VLOOKUP(JP34&"-"&JQ34, Sheet2!$E:$F, 2, FALSE), "") | JZ34: =IFERROR(VLOOKUP(JX34&"-"&JY34, Sheet2!$E:$F, 2, FALSE), "") | KH34: =IFERROR(VLOOKUP(KF34&"-"&KG34, Sheet2!$E:$F, 2, FALSE), "") | KQ34: =IFERROR(VLOOKUP(KO34&"-"&KP34, Sheet2!$E:$F, 2, FALSE), "") | KW34: =IFERROR(VLOOKUP(KU34&"-"&KV34, Sheet2!$E:$F, 2, FALSE), "") | LG34: =IFERROR(VLOOKUP(LE34&"-"&LF34, Sheet2!$E:$F, 2, FALSE), "") | LJ34: No | LR34: =IFERROR(VLOOKUP(LP34&"-"&LQ34, Sheet2!$E:$F, 2, FALSE), "") | LX34: =IFERROR(VLOOKUP(LV34&"-"&LW34, Sheet2!$E:$F, 2, FALSE), "") | MG34: =IFERROR(VLOOKUP(ME34&"-"&MF34, Sheet2!$E:$F, 2, FALSE), "") | MM34: =IFERROR(VLOOKUP(MK34&"-"&ML34, Sheet2!$E:$F, 2, FALSE), "") | MW34: =IFERROR(VLOOKUP(MU34&"-"&MV34, Sheet2!$E:$F, 2, FALSE), "") | MZ34: No | NH34: =IFERROR(VLOOKUP(NF34&"-"&NG34, Sheet2!$E:$F, 2, FALSE), "") | NN34: =IFERROR(VLOOKUP(NL34&"-"&NM34, Sheet2!$E:$F, 2, FALSE), "") | NW34: =IFERROR(VLOOKUP(NU34&"-"&NV34, Sheet2!$E:$F, 2, FALSE), "") | OC34: =IFERROR(VLOOKUP(OA34&"-"&OB34, Sheet2!$E:$F, 2, FALSE), "") | OM34: =IFERROR(VLOOKUP(OK34&"-"&OL34, Sheet2!$E:$F, 2, FALSE), "") | OP34: No | OX34: =IFERROR(VLOOKUP(OV34&"-"&OW34, Sheet2!$E:$F, 2, FALSE), "") | PD34: =IFERROR(VLOOKUP(PB34&"-"&PC34, Sheet2!$E:$F, 2, FALSE), "") | PM34: =IFERROR(VLOOKUP(PK34&"-"&PL34, Sheet2!$E:$F, 2, FALSE), "") | PS34: =IFERROR(VLOOKUP(PQ34&"-"&PR34, Sheet2!$E:$F, 2, FALSE), "")
A35: Carla | B35: Clarke | C35: NJ | D35: 100036 | E35: carla1111@verizon.net | F35: Regular Member | K35: =IFERROR(VLOOKUP(I35&"-"&J35, Sheet2!$E:$F, 2, FALSE), "") | L35: IL | M35: Norfolk | N35: =IFERROR(VLOOKUP(L35&"-"&M35, Sheet2!$E:$F, 2, FALSE), "") | R35: No | Y35: =IFERROR(VLOOKUP(W35&"-"&X35, Sheet2!$E:$F, 2, FALSE), "") | Z35: MA | AB35: =IFERROR(VLOOKUP(Z35&"-"&X35, Sheet2!$E:$F, 2, FALSE), "") | AJ35: =IFERROR(VLOOKUP(AH35&"-"&AI35, Sheet2!$E:$F, 2, FALSE), "") | AR35: =IFERROR(VLOOKUP(AP35&"-"&AQ35, Sheet2!$E:$F, 2, FALSE), "") | AZ35: =IFERROR(VLOOKUP(AX35&"-"&AY35, Sheet2!$E:$F, 2, FALSE), "") | BJ35: =IFERROR(VLOOKUP(BH35&"-"&BI35, Sheet2!$E:$F, 2, FALSE), "") | BN35: No | BV35: =IFERROR(VLOOKUP(BT35&"-"&BU35, Sheet2!$E:$F, 2, FALSE), "") | CB35: =IFERROR(VLOOKUP(BZ35&"-"&CA35, Sheet2!$E:$F, 2, FALSE), "") | CJ35: =IFERROR(VLOOKUP(CH35&"-"&CI35, Sheet2!$E:$F, 2, FALSE), "") | CP35: =IFERROR(VLOOKUP(CN35&"-"&CO35, Sheet2!$E:$F, 2, FALSE), "") | CZ35: =IFERROR(VLOOKUP(CX35&"-"&CY35, Sheet2!$E:$F, 2, FALSE), "") | DC35: No | DK35: =IFERROR(VLOOKUP(DI35&"-"&DJ35, Sheet2!$E:$F, 2, FALSE), "") | DQ35: =IFERROR(VLOOKUP(DO35&"-"&DP35, Sheet2!$E:$F, 2, FALSE), "") | DT35: No | EE35: =IFERROR(VLOOKUP(EC35&"-"&ED35, Sheet2!$E:$F, 2, FALSE), "") | EJ35: =IFERROR(VLOOKUP(EH35&"-"&EI35, Sheet2!$E:$F, 2, FALSE), "") | EU35: =IFERROR(VLOOKUP(ES35&"-"&ET35, Sheet2!$E:$F, 2, FALSE), "") | EX35: No | FF35: =IFERROR(VLOOKUP(FD35&"-"&FE35, Sheet2!$E:$F, 2, FALSE), "") | FL35: =IFERROR(VLOOKUP(FJ35&"-"&FK35, Sheet2!$E:$F, 2, FALSE), "") | FT35: =IFERROR(VLOOKUP(FR35&"-"&FS35, Sheet2!$E:$F, 2, FALSE), "") | FZ35: =IFERROR(VLOOKUP(FX35&"-"&FY35, Sheet2!$E:$F, 2, FALSE), "") | GK35: =IFERROR(VLOOKUP(GI35&"-"&GJ35, Sheet2!$E:$F, 2, FALSE), "") | GN35: No | GV35: =IFERROR(VLOOKUP(GT35&"-"&GU35, Sheet2!$E:$F, 2, FALSE), "") | HB35: =IFERROR(VLOOKUP(GZ35&"-"&HA35, Sheet2!$E:$F, 2, FALSE), "") | HK35: =IFERROR(VLOOKUP(HI35&"-"&HJ35, Sheet2!$E:$F, 2, FALSE), "") | HQ35: =IFERROR(VLOOKUP(HO35&"-"&HP35, Sheet2!$E:$F, 2, FALSE), "") | IC35: =IFERROR(VLOOKUP(IA35&"-"&IB35, Sheet2!$E:$F, 2, FALSE), "") | IK35: =IFERROR(VLOOKUP(II35&"-"&IJ35, Sheet2!$E:$F, 2, FALSE), "") | IQ35: =IFERROR(VLOOKUP(IO35&"-"&IP35, Sheet2!$E:$F, 2, FALSE), "") | IZ35: =IFERROR(VLOOKUP(IX35&"-"&IY35, Sheet2!$E:$F, 2, FALSE), "") | JF35: =IFERROR(VLOOKUP(JD35&"-"&JE35, Sheet2!$E:$F, 2, FALSE), "") | JR35: =IFERROR(VLOOKUP(JP35&"-"&JQ35, Sheet2!$E:$F, 2, FALSE), "") | JZ35: =IFERROR(VLOOKUP(JX35&"-"&JY35, Sheet2!$E:$F, 2, FALSE), "") | KH35: =IFERROR(VLOOKUP(KF35&"-"&KG35, Sheet2!$E:$F, 2, FALSE), "") | KQ35: =IFERROR(VLOOKUP(KO35&"-"&KP35, Sheet2!$E:$F, 2, FALSE), "") | KW35: =IFERROR(VLOOKUP(KU35&"-"&KV35, Sheet2!$E:$F, 2, FALSE), "") | LG35: =IFERROR(VLOOKUP(LE35&"-"&LF35, Sheet2!$E:$F, 2, FALSE), "") | LJ35: No | LR35: =IFERROR(VLOOKUP(LP35&"-"&LQ35, Sheet2!$E:$F, 2, FALSE), "") | LX35: =IFERROR(VLOOKUP(LV35&"-"&LW35, Sheet2!$E:$F, 2, FALSE), "") | MG35: =IFERROR(VLOOKUP(ME35&"-"&MF35, Sheet2!$E:$F, 2, FALSE), "") | MM35: =IFERROR(VLOOKUP(MK35&"-"&ML35, Sheet2!$E:$F, 2, FALSE), "") | MW35: =IFERROR(VLOOKUP(MU35&"-"&MV35, Sheet2!$E:$F, 2, FALSE), "") | MZ35: No | NH35: =IFERROR(VLOOKUP(NF35&"-"&NG35, Sheet2!$E:$F, 2, FALSE), "") | NN35: =IFERROR(VLOOKUP(NL35&"-"&NM35, Sheet2!$E:$F, 2, FALSE), "") | NW35: =IFERROR(VLOOKUP(NU35&"-"&NV35, Sheet2!$E:$F, 2, FALSE), "") | OC35: =IFERROR(VLOOKUP(OA35&"-"&OB35, Sheet2!$E:$F, 2, FALSE), "") | OM35: =IFERROR(VLOOKUP(OK35&"-"&OL35, Sheet2!$E:$F, 2, FALSE), "") | OP35: No | OX35: =IFERROR(VLOOKUP(OV35&"-"&OW35, Sheet2!$E:$F, 2, FALSE), "") | PD35: =IFERROR(VLOOKUP(PB35&"-"&PC35, Sheet2!$E:$F, 2, FALSE), "") | PM35: =IFERROR(VLOOKUP(PK35&"-"&PL35, Sheet2!$E:$F, 2, FALSE), "") | PS35: =IFERROR(VLOOKUP(PQ35&"-"&PR35, Sheet2!$E:$F, 2, FALSE), "")
A36: Harry | B36: Richardson | C36: FL | D36: 100037 | E36: BBRTLLC@GMAIL.COM | F36: Founding Member | K36: =IFERROR(VLOOKUP(I36&"-"&J36, Sheet2!$E:$F, 2, FALSE), "") | L36: IL | M36: Norfolk | N36: =IFERROR(VLOOKUP(L36&"-"&M36, Sheet2!$E:$F, 2, FALSE), "") | R36: No | Y36: =IFERROR(VLOOKUP(W36&"-"&X36, Sheet2!$E:$F, 2, FALSE), "") | Z36: MA | AB36: =IFERROR(VLOOKUP(Z36&"-"&X36, Sheet2!$E:$F, 2, FALSE), "") | AJ36: =IFERROR(VLOOKUP(AH36&"-"&AI36, Sheet2!$E:$F, 2, FALSE), "") | AR36: =IFERROR(VLOOKUP(AP36&"-"&AQ36, Sheet2!$E:$F, 2, FALSE), "") | AZ36: =IFERROR(VLOOKUP(AX36&"-"&AY36, Sheet2!$E:$F, 2, FALSE), "") | BJ36: =IFERROR(VLOOKUP(BH36&"-"&BI36, Sheet2!$E:$F, 2, FALSE), "") | BN36: No | BV36: =IFERROR(VLOOKUP(BT36&"-"&BU36, Sheet2!$E:$F, 2, FALSE), "") | CB36: =IFERROR(VLOOKUP(BZ36&"-"&CA36, Sheet2!$E:$F, 2, FALSE), "") | CJ36: =IFERROR(VLOOKUP(CH36&"-"&CI36, Sheet2!$E:$F, 2, FALSE), "") | CP36: =IFERROR(VLOOKUP(CN36&"-"&CO36, Sheet2!$E:$F, 2, FALSE), "") | CZ36: =IFERROR(VLOOKUP(CX36&"-"&CY36, Sheet2!$E:$F, 2, FALSE), "") | DC36: No | DK36: =IFERROR(VLOOKUP(DI36&"-"&DJ36, Sheet2!$E:$F, 2, FALSE), "") | DQ36: =IFERROR(VLOOKUP(DO36&"-"&DP36, Sheet2!$E:$F, 2, FALSE), "") | DT36: No | EE36: =IFERROR(VLOOKUP(EC36&"-"&ED36, Sheet2!$E:$F, 2, FALSE), "") | EJ36: =IFERROR(VLOOKUP(EH36&"-"&EI36, Sheet2!$E:$F, 2, FALSE), "") | EU36: =IFERROR(VLOOKUP(ES36&"-"&ET36, Sheet2!$E:$F, 2, FALSE), "") | EX36: No | FF36: =IFERROR(VLOOKUP(FD36&"-"&FE36, Sheet2!$E:$F, 2, FALSE), "") | FL36: =IFERROR(VLOOKUP(FJ36&"-"&FK36, Sheet2!$E:$F, 2, FALSE), "") | FT36: =IFERROR(VLOOKUP(FR36&"-"&FS36, Sheet2!$E:$F, 2, FALSE), "") | FZ36: =IFERROR(VLOOKUP(FX36&"-"&FY36, Sheet2!$E:$F, 2, FALSE), "") | GK36: =IFERROR(VLOOKUP(GI36&"-"&GJ36, Sheet2!$E:$F, 2, FALSE), "") | GN36: No | GV36: =IFERROR(VLOOKUP(GT36&"-"&GU36, Sheet2!$E:$F, 2, FALSE), "") | HB36: =IFERROR(VLOOKUP(GZ36&"-"&HA36, Sheet2!$E:$F, 2, FALSE), "") | HK36: =IFERROR(VLOOKUP(HI36&"-"&HJ36, Sheet2!$E:$F, 2, FALSE), "") | HQ36: =IFERROR(VLOOKUP(HO36&"-"&HP36, Sheet2!$E:$F, 2, FALSE), "") | IC36: =IFERROR(VLOOKUP(IA36&"-"&IB36, Sheet2!$E:$F, 2, FALSE), "") | IK36: =IFERROR(VLOOKUP(II36&"-"&IJ36, Sheet2!$E:$F, 2, FALSE), "") | IQ36: =IFERROR(VLOOKUP(IO36&"-"&IP36, Sheet2!$E:$F, 2, FALSE), "") | IZ36: =IFERROR(VLOOKUP(IX36&"-"&IY36, Sheet2!$E:$F, 2, FALSE), "") | JF36: =IFERROR(VLOOKUP(JD36&"-"&JE36, Sheet2!$E:$F, 2, FALSE), "") | JR36: =IFERROR(VLOOKUP(JP36&"-"&JQ36, Sheet2!$E:$F, 2, FALSE), "") | JZ36: =IFERROR(VLOOKUP(JX36&"-"&JY36, Sheet2!$E:$F, 2, FALSE), "") | KH36: =IFERROR(VLOOKUP(KF36&"-"&KG36, Sheet2!$E:$F, 2, FALSE), "") | KQ36: =IFERROR(VLOOKUP(KO36&"-"&KP36, Sheet2!$E:$F, 2, FALSE), "") | KW36: =IFERROR(VLOOKUP(KU36&"-"&KV36, Sheet2!$E:$F, 2, FALSE), "") | LG36: =IFERROR(VLOOKUP(LE36&"-"&LF36, Sheet2!$E:$F, 2, FALSE), "") | LJ36: No | LR36: =IFERROR(VLOOKUP(LP36&"-"&LQ36, Sheet2!$E:$F, 2, FALSE), "") | LX36: =IFERROR(VLOOKUP(LV36&"-"&LW36, Sheet2!$E:$F, 2, FALSE), "") | MG36: =IFERROR(VLOOKUP(ME36&"-"&MF36, Sheet2!$E:$F, 2, FALSE), "") | MM36: =IFERROR(VLOOKUP(MK36&"-"&ML36, Sheet2!$E:$F, 2, FALSE), "") | MW36: =IFERROR(VLOOKUP(MU36&"-"&MV36, Sheet2!$E:$F, 2, FALSE), "") | MZ36: No | NH36: =IFERROR(VLOOKUP(NF36&"-"&NG36, Sheet2!$E:$F, 2, FALSE), "") | NN36: =IFERROR(VLOOKUP(NL36&"-"&NM36, Sheet2!$E:$F, 2, FALSE), "") | NW36: =IFERROR(VLOOKUP(NU36&"-"&NV36, Sheet2!$E:$F, 2, FALSE), "") | OC36: =IFERROR(VLOOKUP(OA36&"-"&OB36, Sheet2!$E:$F, 2, FALSE), "") | OM36: =IFERROR(VLOOKUP(OK36&"-"&OL36, Sheet2!$E:$F, 2, FALSE), "") | OP36: No | OX36: =IFERROR(VLOOKUP(OV36&"-"&OW36, Sheet2!$E:$F, 2, FALSE), "") | PD36: =IFERROR(VLOOKUP(PB36&"-"&PC36, Sheet2!$E:$F, 2, FALSE), "") | PM36: =IFERROR(VLOOKUP(PK36&"-"&PL36, Sheet2!$E:$F, 2, FALSE), "") | PS36: =IFERROR(VLOOKUP(PQ36&"-"&PR36, Sheet2!$E:$F, 2, FALSE), "")
A37: Marnie | B37: Silbergeld | C37: WA | D37: 100038 | E37: maos@aol.com | F37: Regular Member | K37: =IFERROR(VLOOKUP(I37&"-"&J37, Sheet2!$E:$F, 2, FALSE), "") | L37: IL | M37: Norfolk | N37: =IFERROR(VLOOKUP(L37&"-"&M37, Sheet2!$E:$F, 2, FALSE), "") | R37: No | Y37: =IFERROR(VLOOKUP(W37&"-"&X37, Sheet2!$E:$F, 2, FALSE), "") | Z37: MA | AB37: =IFERROR(VLOOKUP(Z37&"-"&X37, Sheet2!$E:$F, 2, FALSE), "") | AJ37: =IFERROR(VLOOKUP(AH37&"-"&AI37, Sheet2!$E:$F, 2, FALSE), "") | AR37: =IFERROR(VLOOKUP(AP37&"-"&AQ37, Sheet2!$E:$F, 2, FALSE), "") | AZ37: =IFERROR(VLOOKUP(AX37&"-"&AY37, Sheet2!$E:$F, 2, FALSE), "") | BJ37: =IFERROR(VLOOKUP(BH37&"-"&BI37, Sheet2!$E:$F, 2, FALSE), "") | BN37: No | BV37: =IFERROR(VLOOKUP(BT37&"-"&BU37, Sheet2!$E:$F, 2, FALSE), "") | CB37: =IFERROR(VLOOKUP(BZ37&"-"&CA37, Sheet2!$E:$F, 2, FALSE), "") | CJ37: =IFERROR(VLOOKUP(CH37&"-"&CI37, Sheet2!$E:$F, 2, FALSE), "") | CP37: =IFERROR(VLOOKUP(CN37&"-"&CO37, Sheet2!$E:$F, 2, FALSE), "") | CZ37: =IFERROR(VLOOKUP(CX37&"-"&CY37, Sheet2!$E:$F, 2, FALSE), "") | DC37: No | DK37: =IFERROR(VLOOKUP(DI37&"-"&DJ37, Sheet2!$E:$F, 2, FALSE), "") | DQ37: =IFERROR(VLOOKUP(DO37&"-"&DP37, Sheet2!$E:$F, 2, FALSE), "") | DT37: No | EE37: =IFERROR(VLOOKUP(EC37&"-"&ED37, Sheet2!$E:$F, 2, FALSE), "") | EJ37: =IFERROR(VLOOKUP(EH37&"-"&EI37, Sheet2!$E:$F, 2, FALSE), "") | EU37: =IFERROR(VLOOKUP(ES37&"-"&ET37, Sheet2!$E:$F, 2, FALSE), "") | EX37: No | FF37: =IFERROR(VLOOKUP(FD37&"-"&FE37, Sheet2!$E:$F, 2, FALSE), "") | FL37: =IFERROR(VLOOKUP(FJ37&"-"&FK37, Sheet2!$E:$F, 2, FALSE), "") | FT37: =IFERROR(VLOOKUP(FR37&"-"&FS37, Sheet2!$E:$F, 2, FALSE), "") | FZ37: =IFERROR(VLOOKUP(FX37&"-"&FY37, Sheet2!$E:$F, 2, FALSE), "") | GK37: =IFERROR(VLOOKUP(GI37&"-"&GJ37, Sheet2!$E:$F, 2, FALSE), "") | GN37: No | GV37: =IFERROR(VLOOKUP(GT37&"-"&GU37, Sheet2!$E:$F, 2, FALSE), "") | HB37: =IFERROR(VLOOKUP(GZ37&"-"&HA37, Sheet2!$E:$F, 2, FALSE), "") | HK37: =IFERROR(VLOOKUP(HI37&"-"&HJ37, Sheet2!$E:$F, 2, FALSE), "") | HQ37: =IFERROR(VLOOKUP(HO37&"-"&HP37, Sheet2!$E:$F, 2, FALSE), "") | IC37: =IFERROR(VLOOKUP(IA37&"-"&IB37, Sheet2!$E:$F, 2, FALSE), "") | IK37: =IFERROR(VLOOKUP(II37&"-"&IJ37, Sheet2!$E:$F, 2, FALSE), "") | IQ37: =IFERROR(VLOOKUP(IO37&"-"&IP37, Sheet2!$E:$F, 2, FALSE), "") | IZ37: =IFERROR(VLOOKUP(IX37&"-"&IY37, Sheet2!$E:$F, 2, FALSE), "") | JF37: =IFERROR(VLOOKUP(JD37&"-"&JE37, Sheet2!$E:$F, 2, FALSE), "") | JR37: =IFERROR(VLOOKUP(JP37&"-"&JQ37, Sheet2!$E:$F, 2, FALSE), "") | JZ37: =IFERROR(VLOOKUP(JX37&"-"&JY37, Sheet2!$E:$F, 2, FALSE), "") | KH37: =IFERROR(VLOOKUP(KF37&"-"&KG37, Sheet2!$E:$F, 2, FALSE), "") | KQ37: =IFERROR(VLOOKUP(KO37&"-"&KP37, Sheet2!$E:$F, 2, FALSE), "") | KW37: =IFERROR(VLOOKUP(KU37&"-"&KV37, Sheet2!$E:$F, 2, FALSE), "") | LG37: =IFERROR(VLOOKUP(LE37&"-"&LF37, Sheet2!$E:$F, 2, FALSE), "") | LJ37: No | LR37: =IFERROR(VLOOKUP(LP37&"-"&LQ37, Sheet2!$E:$F, 2, FALSE), "") | LX37: =IFERROR(VLOOKUP(LV37&"-"&LW37, Sheet2!$E:$F, 2, FALSE), "") | MG37: =IFERROR(VLOOKUP(ME37&"-"&MF37, Sheet2!$E:$F, 2, FALSE), "") | MM37: =IFERROR(VLOOKUP(MK37&"-"&ML37, Sheet2!$E:$F, 2, FALSE), "") | MW37: =IFERROR(VLOOKUP(MU37&"-"&MV37, Sheet2!$E:$F, 2, FALSE), "") | MZ37: No | NH37: =IFERROR(VLOOKUP(NF37&"-"&NG37, Sheet2!$E:$F, 2, FALSE), "") | NN37: =IFERROR(VLOOKUP(NL37&"-"&NM37, Sheet2!$E:$F, 2, FALSE), "") | NW37: =IFERROR(VLOOKUP(NU37&"-"&NV37, Sheet2!$E:$F, 2, FALSE), "") | OC37: =IFERROR(VLOOKUP(OA37&"-"&OB37, Sheet2!$E:$F, 2, FALSE), "") | OM37: =IFERROR(VLOOKUP(OK37&"-"&OL37, Sheet2!$E:$F, 2, FALSE), "") | OP37: No | OX37: =IFERROR(VLOOKUP(OV37&"-"&OW37, Sheet2!$E:$F, 2, FALSE), "") | PD37: =IFERROR(VLOOKUP(PB37&"-"&PC37, Sheet2!$E:$F, 2, FALSE), "") | PM37: =IFERROR(VLOOKUP(PK37&"-"&PL37, Sheet2!$E:$F, 2, FALSE), "") | PS37: =IFERROR(VLOOKUP(PQ37&"-"&PR37, Sheet2!$E:$F, 2, FALSE), "")
A38: Jiles | B38: Quick | D38: 100039 | F38: Memorial | K38: =IFERROR(VLOOKUP(I38&"-"&J38, Sheet2!$E:$F, 2, FALSE), "") | L38: IL | M38: Norfolk | N38: =IFERROR(VLOOKUP(L38&"-"&M38, Sheet2!$E:$F, 2, FALSE), "") | R38: No | Y38: =IFERROR(VLOOKUP(W38&"-"&X38, Sheet2!$E:$F, 2, FALSE), "") | Z38: MA | AB38: =IFERROR(VLOOKUP(Z38&"-"&X38, Sheet2!$E:$F, 2, FALSE), "") | AJ38: =IFERROR(VLOOKUP(AH38&"-"&AI38, Sheet2!$E:$F, 2, FALSE), "") | AR38: =IFERROR(VLOOKUP(AP38&"-"&AQ38, Sheet2!$E:$F, 2, FALSE), "") | AZ38: =IFERROR(VLOOKUP(AX38&"-"&AY38, Sheet2!$E:$F, 2, FALSE), "") | BJ38: =IFERROR(VLOOKUP(BH38&"-"&BI38, Sheet2!$E:$F, 2, FALSE), "") | BN38: No | BV38: =IFERROR(VLOOKUP(BT38&"-"&BU38, Sheet2!$E:$F, 2, FALSE), "") | CB38: =IFERROR(VLOOKUP(BZ38&"-"&CA38, Sheet2!$E:$F, 2, FALSE), "") | CJ38: =IFERROR(VLOOKUP(CH38&"-"&CI38, Sheet2!$E:$F, 2, FALSE), "") | CP38: =IFERROR(VLOOKUP(CN38&"-"&CO38, Sheet2!$E:$F, 2, FALSE), "") | CZ38: =IFERROR(VLOOKUP(CX38&"-"&CY38, Sheet2!$E:$F, 2, FALSE), "") | DC38: No | DK38: =IFERROR(VLOOKUP(DI38&"-"&DJ38, Sheet2!$E:$F, 2, FALSE), "") | DQ38: =IFERROR(VLOOKUP(DO38&"-"&DP38, Sheet2!$E:$F, 2, FALSE), "") | DT38: No | EE38: =IFERROR(VLOOKUP(EC38&"-"&ED38, Sheet2!$E:$F, 2, FALSE), "") | EJ38: =IFERROR(VLOOKUP(EH38&"-"&EI38, Sheet2!$E:$F, 2, FALSE), "") | EU38: =IFERROR(VLOOKUP(ES38&"-"&ET38, Sheet2!$E:$F, 2, FALSE), "") | EX38: No | FF38: =IFERROR(VLOOKUP(FD38&"-"&FE38, Sheet2!$E:$F, 2, FALSE), "") | FL38: =IFERROR(VLOOKUP(FJ38&"-"&FK38, Sheet2!$E:$F, 2, FALSE), "") | FT38: =IFERROR(VLOOKUP(FR38&"-"&FS38, Sheet2!$E:$F, 2, FALSE), "") | FZ38: =IFERROR(VLOOKUP(FX38&"-"&FY38, Sheet2!$E:$F, 2, FALSE), "") | GK38: =IFERROR(VLOOKUP(GI38&"-"&GJ38, Sheet2!$E:$F, 2, FALSE), "") | GN38: No | GV38: =IFERROR(VLOOKUP(GT38&"-"&GU38, Sheet2!$E:$F, 2, FALSE), "") | HB38: =IFERROR(VLOOKUP(GZ38&"-"&HA38, Sheet2!$E:$F, 2, FALSE), "") | HK38: =IFERROR(VLOOKUP(HI38&"-"&HJ38, Sheet2!$E:$F, 2, FALSE), "") | HQ38: =IFERROR(VLOOKUP(HO38&"-"&HP38, Sheet2!$E:$F, 2, FALSE), "") | IC38: =IFERROR(VLOOKUP(IA38&"-"&IB38, Sheet2!$E:$F, 2, FALSE), "") | IK38: =IFERROR(VLOOKUP(II38&"-"&IJ38, Sheet2!$E:$F, 2, FALSE), "") | IQ38: =IFERROR(VLOOKUP(IO38&"-"&IP38, Sheet2!$E:$F, 2, FALSE), "") | IZ38: =IFERROR(VLOOKUP(IX38&"-"&IY38, Sheet2!$E:$F, 2, FALSE), "") | JF38: =IFERROR(VLOOKUP(JD38&"-"&JE38, Sheet2!$E:$F, 2, FALSE), "") | JR38: =IFERROR(VLOOKUP(JP38&"-"&JQ38, Sheet2!$E:$F, 2, FALSE), "") | JZ38: =IFERROR(VLOOKUP(JX38&"-"&JY38, Sheet2!$E:$F, 2, FALSE), "") | KH38: =IFERROR(VLOOKUP(KF38&"-"&KG38, Sheet2!$E:$F, 2, FALSE), "") | KQ38: =IFERROR(VLOOKUP(KO38&"-"&KP38, Sheet2!$E:$F, 2, FALSE), "") | KW38: =IFERROR(VLOOKUP(KU38&"-"&KV38, Sheet2!$E:$F, 2, FALSE), "") | LG38: =IFERROR(VLOOKUP(LE38&"-"&LF38, Sheet2!$E:$F, 2, FALSE), "") | LJ38: No | LR38: =IFERROR(VLOOKUP(LP38&"-"&LQ38, Sheet2!$E:$F, 2, FALSE), "") | LX38: =IFERROR(VLOOKUP(LV38&"-"&LW38, Sheet2!$E:$F, 2, FALSE), "") | MG38: =IFERROR(VLOOKUP(ME38&"-"&MF38, Sheet2!$E:$F, 2, FALSE), "") | MM38: =IFERROR(VLOOKUP(MK38&"-"&ML38, Sheet2!$E:$F, 2, FALSE), "") | MW38: =IFERROR(VLOOKUP(MU38&"-"&MV38, Sheet2!$E:$F, 2, FALSE), "") | MZ38: No | NH38: =IFERROR(VLOOKUP(NF38&"-"&NG38, Sheet2!$E:$F, 2, FALSE), "") | NN38: =IFERROR(VLOOKUP(NL38&"-"&NM38, Sheet2!$E:$F, 2, FALSE), "") | NW38: =IFERROR(VLOOKUP(NU38&"-"&NV38, Sheet2!$E:$F, 2, FALSE), "") | OC38: =IFERROR(VLOOKUP(OA38&"-"&OB38, Sheet2!$E:$F, 2, FALSE), "") | OM38: =IFERROR(VLOOKUP(OK38&"-"&OL38, Sheet2!$E:$F, 2, FALSE), "") | OP38: No | OX38: =IFERROR(VLOOKUP(OV38&"-"&OW38, Sheet2!$E:$F, 2, FALSE), "") | PD38: =IFERROR(VLOOKUP(PB38&"-"&PC38, Sheet2!$E:$F, 2, FALSE), "") | PM38: =IFERROR(VLOOKUP(PK38&"-"&PL38, Sheet2!$E:$F, 2, FALSE), "") | PS38: =IFERROR(VLOOKUP(PQ38&"-"&PR38, Sheet2!$E:$F, 2, FALSE), "")
A39: Earl | B39: Brown | D39: 100040 | F39: Memorial | K39: =IFERROR(VLOOKUP(I39&"-"&J39, Sheet2!$E:$F, 2, FALSE), "") | L39: IL | M39: Norfolk | N39: =IFERROR(VLOOKUP(L39&"-"&M39, Sheet2!$E:$F, 2, FALSE), "") | R39: No | Y39: =IFERROR(VLOOKUP(W39&"-"&X39, Sheet2!$E:$F, 2, FALSE), "") | Z39: MA | AB39: =IFERROR(VLOOKUP(Z39&"-"&X39, Sheet2!$E:$F, 2, FALSE), "") | AJ39: =IFERROR(VLOOKUP(AH39&"-"&AI39, Sheet2!$E:$F, 2, FALSE), "") | AR39: =IFERROR(VLOOKUP(AP39&"-"&AQ39, Sheet2!$E:$F, 2, FALSE), "") | AZ39: =IFERROR(VLOOKUP(AX39&"-"&AY39, Sheet2!$E:$F, 2, FALSE), "") | BJ39: =IFERROR(VLOOKUP(BH39&"-"&BI39, Sheet2!$E:$F, 2, FALSE), "") | BN39: No | BV39: =IFERROR(VLOOKUP(BT39&"-"&BU39, Sheet2!$E:$F, 2, FALSE), "") | CB39: =IFERROR(VLOOKUP(BZ39&"-"&CA39, Sheet2!$E:$F, 2, FALSE), "") | CJ39: =IFERROR(VLOOKUP(CH39&"-"&CI39, Sheet2!$E:$F, 2, FALSE), "") | CP39: =IFERROR(VLOOKUP(CN39&"-"&CO39, Sheet2!$E:$F, 2, FALSE), "") | CZ39: =IFERROR(VLOOKUP(CX39&"-"&CY39, Sheet2!$E:$F, 2, FALSE), "") | DC39: No | DK39: =IFERROR(VLOOKUP(DI39&"-"&DJ39, Sheet2!$E:$F, 2, FALSE), "") | DQ39: =IFERROR(VLOOKUP(DO39&"-"&DP39, Sheet2!$E:$F, 2, FALSE), "") | DT39: No | EE39: =IFERROR(VLOOKUP(EC39&"-"&ED39, Sheet2!$E:$F, 2, FALSE), "") | EJ39: =IFERROR(VLOOKUP(EH39&"-"&EI39, Sheet2!$E:$F, 2, FALSE), "") | EU39: =IFERROR(VLOOKUP(ES39&"-"&ET39, Sheet2!$E:$F, 2, FALSE), "") | EX39: No | FF39: =IFERROR(VLOOKUP(FD39&"-"&FE39, Sheet2!$E:$F, 2, FALSE), "") | FL39: =IFERROR(VLOOKUP(FJ39&"-"&FK39, Sheet2!$E:$F, 2, FALSE), "") | FT39: =IFERROR(VLOOKUP(FR39&"-"&FS39, Sheet2!$E:$F, 2, FALSE), "") | FZ39: =IFERROR(VLOOKUP(FX39&"-"&FY39, Sheet2!$E:$F, 2, FALSE), "") | GK39: =IFERROR(VLOOKUP(GI39&"-"&GJ39, Sheet2!$E:$F, 2, FALSE), "") | GN39: No | GV39: =IFERROR(VLOOKUP(GT39&"-"&GU39, Sheet2!$E:$F, 2, FALSE), "") | HB39: =IFERROR(VLOOKUP(GZ39&"-"&HA39, Sheet2!$E:$F, 2, FALSE), "") | HK39: =IFERROR(VLOOKUP(HI39&"-"&HJ39, Sheet2!$E:$F, 2, FALSE), "") | HQ39: =IFERROR(VLOOKUP(HO39&"-"&HP39, Sheet2!$E:$F, 2, FALSE), "") | IC39: =IFERROR(VLOOKUP(IA39&"-"&IB39, Sheet2!$E:$F, 2, FALSE), "") | IK39: =IFERROR(VLOOKUP(II39&"-"&IJ39, Sheet2!$E:$F, 2, FALSE), "") | IQ39: =IFERROR(VLOOKUP(IO39&"-"&IP39, Sheet2!$E:$F, 2, FALSE), "") | IZ39: =IFERROR(VLOOKUP(IX39&"-"&IY39, Sheet2!$E:$F, 2, FALSE), "") | JF39: =IFERROR(VLOOKUP(JD39&"-"&JE39, Sheet2!$E:$F, 2, FALSE), "") | JR39: =IFERROR(VLOOKUP(JP39&"-"&JQ39, Sheet2!$E:$F, 2, FALSE), "") | JZ39: =IFERROR(VLOOKUP(JX39&"-"&JY39, Sheet2!$E:$F, 2, FALSE), "") | KH39: =IFERROR(VLOOKUP(KF39&"-"&KG39, Sheet2!$E:$F, 2, FALSE), "") | KQ39: =IFERROR(VLOOKUP(KO39&"-"&KP39, Sheet2!$E:$F, 2, FALSE), "") | KW39: =IFERROR(VLOOKUP(KU39&"-"&KV39, Sheet2!$E:$F, 2, FALSE), "") | LG39: =IFERROR(VLOOKUP(LE39&"-"&LF39, Sheet2!$E:$F, 2, FALSE), "") | LJ39: No | LR39: =IFERROR(VLOOKUP(LP39&"-"&LQ39, Sheet2!$E:$F, 2, FALSE), "") | LX39: =IFERROR(VLOOKUP(LV39&"-"&LW39, Sheet2!$E:$F, 2, FALSE), "") | MG39: =IFERROR(VLOOKUP(ME39&"-"&MF39, Sheet2!$E:$F, 2, FALSE), "") | MM39: =IFERROR(VLOOKUP(MK39&"-"&ML39, Sheet2!$E:$F, 2, FALSE), "") | MW39: =IFERROR(VLOOKUP(MU39&"-"&MV39, Sheet2!$E:$F, 2, FALSE), "") | MZ39: No | NH39: =IFERROR(VLOOKUP(NF39&"-"&NG39, Sheet2!$E:$F, 2, FALSE), "") | NN39: =IFERROR(VLOOKUP(NL39&"-"&NM39, Sheet2!$E:$F, 2, FALSE), "") | NW39: =IFERROR(VLOOKUP(NU39&"-"&NV39, Sheet2!$E:$F, 2, FALSE), "") | OC39: =IFERROR(VLOOKUP(OA39&"-"&OB39, Sheet2!$E:$F, 2, FALSE), "") | OM39: =IFERROR(VLOOKUP(OK39&"-"&OL39, Sheet2!$E:$F, 2, FALSE), "") | OP39: No | OX39: =IFERROR(VLOOKUP(OV39&"-"&OW39, Sheet2!$E:$F, 2, FALSE), "") | PD39: =IFERROR(VLOOKUP(PB39&"-"&PC39, Sheet2!$E:$F, 2, FALSE), "") | PM39: =IFERROR(VLOOKUP(PK39&"-"&PL39, Sheet2!$E:$F, 2, FALSE), "") | PS39: =IFERROR(VLOOKUP(PQ39&"-"&PR39, Sheet2!$E:$F, 2, FALSE), "")
A40: Marie | B40: Howell | D40: 100041 | F40: Memorial | K40: =IFERROR(VLOOKUP(I40&"-"&J40, Sheet2!$E:$F, 2, FALSE), "") | L40: IL | M40: Norfolk | N40: =IFERROR(VLOOKUP(L40&"-"&M40, Sheet2!$E:$F, 2, FALSE), "") | R40: No | Y40: =IFERROR(VLOOKUP(W40&"-"&X40, Sheet2!$E:$F, 2, FALSE), "") | Z40: MA | AB40: =IFERROR(VLOOKUP(Z40&"-"&X40, Sheet2!$E:$F, 2, FALSE), "") | AJ40: =IFERROR(VLOOKUP(AH40&"-"&AI40, Sheet2!$E:$F, 2, FALSE), "") | AR40: =IFERROR(VLOOKUP(AP40&"-"&AQ40, Sheet2!$E:$F, 2, FALSE), "") | AZ40: =IFERROR(VLOOKUP(AX40&"-"&AY40, Sheet2!$E:$F, 2, FALSE), "") | BJ40: =IFERROR(VLOOKUP(BH40&"-"&BI40, Sheet2!$E:$F, 2, FALSE), "") | BN40: No | BV40: =IFERROR(VLOOKUP(BT40&"-"&BU40, Sheet2!$E:$F, 2, FALSE), "") | CB40: =IFERROR(VLOOKUP(BZ40&"-"&CA40, Sheet2!$E:$F, 2, FALSE), "") | CJ40: =IFERROR(VLOOKUP(CH40&"-"&CI40, Sheet2!$E:$F, 2, FALSE), "") | CP40: =IFERROR(VLOOKUP(CN40&"-"&CO40, Sheet2!$E:$F, 2, FALSE), "") | CZ40: =IFERROR(VLOOKUP(CX40&"-"&CY40, Sheet2!$E:$F, 2, FALSE), "") | DC40: No | DK40: =IFERROR(VLOOKUP(DI40&"-"&DJ40, Sheet2!$E:$F, 2, FALSE), "") | DQ40: =IFERROR(VLOOKUP(DO40&"-"&DP40, Sheet2!$E:$F, 2, FALSE), "") | DT40: No | EE40: =IFERROR(VLOOKUP(EC40&"-"&ED40, Sheet2!$E:$F, 2, FALSE), "") | EJ40: =IFERROR(VLOOKUP(EH40&"-"&EI40, Sheet2!$E:$F, 2, FALSE), "") | EU40: =IFERROR(VLOOKUP(ES40&"-"&ET40, Sheet2!$E:$F, 2, FALSE), "") | EX40: No | FF40: =IFERROR(VLOOKUP(FD40&"-"&FE40, Sheet2!$E:$F, 2, FALSE), "") | FL40: =IFERROR(VLOOKUP(FJ40&"-"&FK40, Sheet2!$E:$F, 2, FALSE), "") | FT40: =IFERROR(VLOOKUP(FR40&"-"&FS40, Sheet2!$E:$F, 2, FALSE), "") | FZ40: =IFERROR(VLOOKUP(FX40&"-"&FY40, Sheet2!$E:$F, 2, FALSE), "") | GK40: =IFERROR(VLOOKUP(GI40&"-"&GJ40, Sheet2!$E:$F, 2, FALSE), "") | GN40: No | GV40: =IFERROR(VLOOKUP(GT40&"-"&GU40, Sheet2!$E:$F, 2, FALSE), "") | HB40: =IFERROR(VLOOKUP(GZ40&"-"&HA40, Sheet2!$E:$F, 2, FALSE), "") | HK40: =IFERROR(VLOOKUP(HI40&"-"&HJ40, Sheet2!$E:$F, 2, FALSE), "") | HQ40: =IFERROR(VLOOKUP(HO40&"-"&HP40, Sheet2!$E:$F, 2, FALSE), "") | IC40: =IFERROR(VLOOKUP(IA40&"-"&IB40, Sheet2!$E:$F, 2, FALSE), "") | IK40: =IFERROR(VLOOKUP(II40&"-"&IJ40, Sheet2!$E:$F, 2, FALSE), "") | IQ40: =IFERROR(VLOOKUP(IO40&"-"&IP40, Sheet2!$E:$F, 2, FALSE), "") | IZ40: =IFERROR(VLOOKUP(IX40&"-"&IY40, Sheet2!$E:$F, 2, FALSE), "") | JF40: =IFERROR(VLOOKUP(JD40&"-"&JE40, Sheet2!$E:$F, 2, FALSE), "") | JR40: =IFERROR(VLOOKUP(JP40&"-"&JQ40, Sheet2!$E:$F, 2, FALSE), "") | JZ40: =IFERROR(VLOOKUP(JX40&"-"&JY40, Sheet2!$E:$F, 2, FALSE), "") | KH40: =IFERROR(VLOOKUP(KF40&"-"&KG40, Sheet2!$E:$F, 2, FALSE), "") | KQ40: =IFERROR(VLOOKUP(KO40&"-"&KP40, Sheet2!$E:$F, 2, FALSE), "") | KW40: =IFERROR(VLOOKUP(KU40&"-"&KV40, Sheet2!$E:$F, 2, FALSE), "") | LG40: =IFERROR(VLOOKUP(LE40&"-"&LF40, Sheet2!$E:$F, 2, FALSE), "") | LJ40: No | LR40: =IFERROR(VLOOKUP(LP40&"-"&LQ40, Sheet2!$E:$F, 2, FALSE), "") | LX40: =IFERROR(VLOOKUP(LV40&"-"&LW40, Sheet2!$E:$F, 2, FALSE), "") | MG40: =IFERROR(VLOOKUP(ME40&"-"&MF40, Sheet2!$E:$F, 2, FALSE), "") | MM40: =IFERROR(VLOOKUP(MK40&"-"&ML40, Sheet2!$E:$F, 2, FALSE), "") | MW40: =IFERROR(VLOOKUP(MU40&"-"&MV40, Sheet2!$E:$F, 2, FALSE), "") | MZ40: No | NH40: =IFERROR(VLOOKUP(NF40&"-"&NG40, Sheet2!$E:$F, 2, FALSE), "") | NN40: =IFERROR(VLOOKUP(NL40&"-"&NM40, Sheet2!$E:$F, 2, FALSE), "") | NW40: =IFERROR(VLOOKUP(NU40&"-"&NV40, Sheet2!$E:$F, 2, FALSE), "") | OC40: =IFERROR(VLOOKUP(OA40&"-"&OB40, Sheet2!$E:$F, 2, FALSE), "") | OM40: =IFERROR(VLOOKUP(OK40&"-"&OL40, Sheet2!$E:$F, 2, FALSE), "") | OP40: No | OX40: =IFERROR(VLOOKUP(OV40&"-"&OW40, Sheet2!$E:$F, 2, FALSE), "") | PD40: =IFERROR(VLOOKUP(PB40&"-"&PC40, Sheet2!$E:$F, 2, FALSE), "") | PM40: =IFERROR(VLOOKUP(PK40&"-"&PL40, Sheet2!$E:$F, 2, FALSE), "") | PS40: =IFERROR(VLOOKUP(PQ40&"-"&PR40, Sheet2!$E:$F, 2, FALSE), "")
A41: Daniel Lee | B41: Best | D41: 100042 | F41: Memorial | K41: =IFERROR(VLOOKUP(I41&"-"&J41, Sheet2!$E:$F, 2, FALSE), "") | L41: IL | M41: Norfolk | N41: =IFERROR(VLOOKUP(L41&"-"&M41, Sheet2!$E:$F, 2, FALSE), "") | R41: No | Y41: =IFERROR(VLOOKUP(W41&"-"&X41, Sheet2!$E:$F, 2, FALSE), "") | Z41: MA | AB41: =IFERROR(VLOOKUP(Z41&"-"&X41, Sheet2!$E:$F, 2, FALSE), "") | AJ41: =IFERROR(VLOOKUP(AH41&"-"&AI41, Sheet2!$E:$F, 2, FALSE), "") | AR41: =IFERROR(VLOOKUP(AP41&"-"&AQ41, Sheet2!$E:$F, 2, FALSE), "") | AZ41: =IFERROR(VLOOKUP(AX41&"-"&AY41, Sheet2!$E:$F, 2, FALSE), "") | BJ41: =IFERROR(VLOOKUP(BH41&"-"&BI41, Sheet2!$E:$F, 2, FALSE), "") | BN41: No | BV41: =IFERROR(VLOOKUP(BT41&"-"&BU41, Sheet2!$E:$F, 2, FALSE), "") | CB41: =IFERROR(VLOOKUP(BZ41&"-"&CA41, Sheet2!$E:$F, 2, FALSE), "") | CJ41: =IFERROR(VLOOKUP(CH41&"-"&CI41, Sheet2!$E:$F, 2, FALSE), "") | CP41: =IFERROR(VLOOKUP(CN41&"-"&CO41, Sheet2!$E:$F, 2, FALSE), "") | CZ41: =IFERROR(VLOOKUP(CX41&"-"&CY41, Sheet2!$E:$F, 2, FALSE), "") | DC41: No | DK41: =IFERROR(VLOOKUP(DI41&"-"&DJ41, Sheet2!$E:$F, 2, FALSE), "") | DQ41: =IFERROR(VLOOKUP(DO41&"-"&DP41, Sheet2!$E:$F, 2, FALSE), "") | DT41: No | EE41: =IFERROR(VLOOKUP(EC41&"-"&ED41, Sheet2!$E:$F, 2, FALSE), "") | EJ41: =IFERROR(VLOOKUP(EH41&"-"&EI41, Sheet2!$E:$F, 2, FALSE), "") | EU41: =IFERROR(VLOOKUP(ES41&"-"&ET41, Sheet2!$E:$F, 2, FALSE), "") | EX41: No | FF41: =IFERROR(VLOOKUP(FD41&"-"&FE41, Sheet2!$E:$F, 2, FALSE), "") | FL41: =IFERROR(VLOOKUP(FJ41&"-"&FK41, Sheet2!$E:$F, 2, FALSE), "") | FT41: =IFERROR(VLOOKUP(FR41&"-"&FS41, Sheet2!$E:$F, 2, FALSE), "") | FZ41: =IFERROR(VLOOKUP(FX41&"-"&FY41, Sheet2!$E:$F, 2, FALSE), "") | GK41: =IFERROR(VLOOKUP(GI41&"-"&GJ41, Sheet2!$E:$F, 2, FALSE), "") | GN41: No | GV41: =IFERROR(VLOOKUP(GT41&"-"&GU41, Sheet2!$E:$F, 2, FALSE), "") | HB41: =IFERROR(VLOOKUP(GZ41&"-"&HA41, Sheet2!$E:$F, 2, FALSE), "") | HK41: =IFERROR(VLOOKUP(HI41&"-"&HJ41, Sheet2!$E:$F, 2, FALSE), "") | HQ41: =IFERROR(VLOOKUP(HO41&"-"&HP41, Sheet2!$E:$F, 2, FALSE), "") | IC41: =IFERROR(VLOOKUP(IA41&"-"&IB41, Sheet2!$E:$F, 2, FALSE), "") | IK41: =IFERROR(VLOOKUP(II41&"-"&IJ41, Sheet2!$E:$F, 2, FALSE), "") | IQ41: =IFERROR(VLOOKUP(IO41&"-"&IP41, Sheet2!$E:$F, 2, FALSE), "") | IZ41: =IFERROR(VLOOKUP(IX41&"-"&IY41, Sheet2!$E:$F, 2, FALSE), "") | JF41: =IFERROR(VLOOKUP(JD41&"-"&JE41, Sheet2!$E:$F, 2, FALSE), "") | JR41: =IFERROR(VLOOKUP(JP41&"-"&JQ41, Sheet2!$E:$F, 2, FALSE), "") | JZ41: =IFERROR(VLOOKUP(JX41&"-"&JY41, Sheet2!$E:$F, 2, FALSE), "") | KH41: =IFERROR(VLOOKUP(KF41&"-"&KG41, Sheet2!$E:$F, 2, FALSE), "") | KQ41: =IFERROR(VLOOKUP(KO41&"-"&KP41, Sheet2!$E:$F, 2, FALSE), "") | KW41: =IFERROR(VLOOKUP(KU41&"-"&KV41, Sheet2!$E:$F, 2, FALSE), "") | LG41: =IFERROR(VLOOKUP(LE41&"-"&LF41, Sheet2!$E:$F, 2, FALSE), "") | LJ41: No | LR41: =IFERROR(VLOOKUP(LP41&"-"&LQ41, Sheet2!$E:$F, 2, FALSE), "") | LX41: =IFERROR(VLOOKUP(LV41&"-"&LW41, Sheet2!$E:$F, 2, FALSE), "") | MG41: =IFERROR(VLOOKUP(ME41&"-"&MF41, Sheet2!$E:$F, 2, FALSE), "") | MM41: =IFERROR(VLOOKUP(MK41&"-"&ML41, Sheet2!$E:$F, 2, FALSE), "") | MW41: =IFERROR(VLOOKUP(MU41&"-"&MV41, Sheet2!$E:$F, 2, FALSE), "") | MZ41: No | NH41: =IFERROR(VLOOKUP(NF41&"-"&NG41, Sheet2!$E:$F, 2, FALSE), "") | NN41: =IFERROR(VLOOKUP(NL41&"-"&NM41, Sheet2!$E:$F, 2, FALSE), "") | NW41: =IFERROR(VLOOKUP(NU41&"-"&NV41, Sheet2!$E:$F, 2, FALSE), "") | OC41: =IFERROR(VLOOKUP(OA41&"-"&OB41, Sheet2!$E:$F, 2, FALSE), "") | OM41: =IFERROR(VLOOKUP(OK41&"-"&OL41, Sheet2!$E:$F, 2, FALSE), "") | OP41: No | OX41: =IFERROR(VLOOKUP(OV41&"-"&OW41, Sheet2!$E:$F, 2, FALSE), "") | PD41: =IFERROR(VLOOKUP(PB41&"-"&PC41, Sheet2!$E:$F, 2, FALSE), "") | PM41: =IFERROR(VLOOKUP(PK41&"-"&PL41, Sheet2!$E:$F, 2, FALSE), "") | PS41: =IFERROR(VLOOKUP(PQ41&"-"&PR41, Sheet2!$E:$F, 2, FALSE), "")
A42: Robbie | B42: Best | D42: 100043 | F42: Memorial | K42: =IFERROR(VLOOKUP(I42&"-"&J42, Sheet2!$E:$F, 2, FALSE), "") | L42: IL | M42: Norfolk | N42: =IFERROR(VLOOKUP(L42&"-"&M42, Sheet2!$E:$F, 2, FALSE), "") | R42: No | Y42: =IFERROR(VLOOKUP(W42&"-"&X42, Sheet2!$E:$F, 2, FALSE), "") | Z42: MA | AB42: =IFERROR(VLOOKUP(Z42&"-"&X42, Sheet2!$E:$F, 2, FALSE), "") | AJ42: =IFERROR(VLOOKUP(AH42&"-"&AI42, Sheet2!$E:$F, 2, FALSE), "") | AR42: =IFERROR(VLOOKUP(AP42&"-"&AQ42, Sheet2!$E:$F, 2, FALSE), "") | AZ42: =IFERROR(VLOOKUP(AX42&"-"&AY42, Sheet2!$E:$F, 2, FALSE), "") | BJ42: =IFERROR(VLOOKUP(BH42&"-"&BI42, Sheet2!$E:$F, 2, FALSE), "") | BN42: No | BV42: =IFERROR(VLOOKUP(BT42&"-"&BU42, Sheet2!$E:$F, 2, FALSE), "") | CB42: =IFERROR(VLOOKUP(BZ42&"-"&CA42, Sheet2!$E:$F, 2, FALSE), "") | CJ42: =IFERROR(VLOOKUP(CH42&"-"&CI42, Sheet2!$E:$F, 2, FALSE), "") | CP42: =IFERROR(VLOOKUP(CN42&"-"&CO42, Sheet2!$E:$F, 2, FALSE), "") | CZ42: =IFERROR(VLOOKUP(CX42&"-"&CY42, Sheet2!$E:$F, 2, FALSE), "") | DC42: No | DK42: =IFERROR(VLOOKUP(DI42&"-"&DJ42, Sheet2!$E:$F, 2, FALSE), "") | DQ42: =IFERROR(VLOOKUP(DO42&"-"&DP42, Sheet2!$E:$F, 2, FALSE), "") | DT42: No | EE42: =IFERROR(VLOOKUP(EC42&"-"&ED42, Sheet2!$E:$F, 2, FALSE), "") | EJ42: =IFERROR(VLOOKUP(EH42&"-"&EI42, Sheet2!$E:$F, 2, FALSE), "") | EU42: =IFERROR(VLOOKUP(ES42&"-"&ET42, Sheet2!$E:$F, 2, FALSE), "") | EX42: No | FF42: =IFERROR(VLOOKUP(FD42&"-"&FE42, Sheet2!$E:$F, 2, FALSE), "") | FL42: =IFERROR(VLOOKUP(FJ42&"-"&FK42, Sheet2!$E:$F, 2, FALSE), "") | FT42: =IFERROR(VLOOKUP(FR42&"-"&FS42, Sheet2!$E:$F, 2, FALSE), "") | FZ42: =IFERROR(VLOOKUP(FX42&"-"&FY42, Sheet2!$E:$F, 2, FALSE), "") | GK42: =IFERROR(VLOOKUP(GI42&"-"&GJ42, Sheet2!$E:$F, 2, FALSE), "") | GN42: No | GV42: =IFERROR(VLOOKUP(GT42&"-"&GU42, Sheet2!$E:$F, 2, FALSE), "") | HB42: =IFERROR(VLOOKUP(GZ42&"-"&HA42, Sheet2!$E:$F, 2, FALSE), "") | HK42: =IFERROR(VLOOKUP(HI42&"-"&HJ42, Sheet2!$E:$F, 2, FALSE), "") | HQ42: =IFERROR(VLOOKUP(HO42&"-"&HP42, Sheet2!$E:$F, 2, FALSE), "") | IC42: =IFERROR(VLOOKUP(IA42&"-"&IB42, Sheet2!$E:$F, 2, FALSE), "") | IK42: =IFERROR(VLOOKUP(II42&"-"&IJ42, Sheet2!$E:$F, 2, FALSE), "") | IQ42: =IFERROR(VLOOKUP(IO42&"-"&IP42, Sheet2!$E:$F, 2, FALSE), "") | IZ42: =IFERROR(VLOOKUP(IX42&"-"&IY42, Sheet2!$E:$F, 2, FALSE), "") | JF42: =IFERROR(VLOOKUP(JD42&"-"&JE42, Sheet2!$E:$F, 2, FALSE), "") | JR42: =IFERROR(VLOOKUP(JP42&"-"&JQ42, Sheet2!$E:$F, 2, FALSE), "") | JZ42: =IFERROR(VLOOKUP(JX42&"-"&JY42, Sheet2!$E:$F, 2, FALSE), "") | KH42: =IFERROR(VLOOKUP(KF42&"-"&KG42, Sheet2!$E:$F, 2, FALSE), "") | KQ42: =IFERROR(VLOOKUP(KO42&"-"&KP42, Sheet2!$E:$F, 2, FALSE), "") | KW42: =IFERROR(VLOOKUP(KU42&"-"&KV42, Sheet2!$E:$F, 2, FALSE), "") | LG42: =IFERROR(VLOOKUP(LE42&"-"&LF42, Sheet2!$E:$F, 2, FALSE), "") | LJ42: No | LR42: =IFERROR(VLOOKUP(LP42&"-"&LQ42, Sheet2!$E:$F, 2, FALSE), "") | LX42: =IFERROR(VLOOKUP(LV42&"-"&LW42, Sheet2!$E:$F, 2, FALSE), "") | MG42: =IFERROR(VLOOKUP(ME42&"-"&MF42, Sheet2!$E:$F, 2, FALSE), "") | MM42: =IFERROR(VLOOKUP(MK42&"-"&ML42, Sheet2!$E:$F, 2, FALSE), "") | MW42: =IFERROR(VLOOKUP(MU42&"-"&MV42, Sheet2!$E:$F, 2, FALSE), "") | MZ42: No | NH42: =IFERROR(VLOOKUP(NF42&"-"&NG42, Sheet2!$E:$F, 2, FALSE), "") | NN42: =IFERROR(VLOOKUP(NL42&"-"&NM42, Sheet2!$E:$F, 2, FALSE), "") | NW42: =IFERROR(VLOOKUP(NU42&"-"&NV42, Sheet2!$E:$F, 2, FALSE), "") | OC42: =IFERROR(VLOOKUP(OA42&"-"&OB42, Sheet2!$E:$F, 2, FALSE), "") | OM42: =IFERROR(VLOOKUP(OK42&"-"&OL42, Sheet2!$E:$F, 2, FALSE), "") | OP42: No | OX42: =IFERROR(VLOOKUP(OV42&"-"&OW42, Sheet2!$E:$F, 2, FALSE), "") | PD42: =IFERROR(VLOOKUP(PB42&"-"&PC42, Sheet2!$E:$F, 2, FALSE), "") | PM42: =IFERROR(VLOOKUP(PK42&"-"&PL42, Sheet2!$E:$F, 2, FALSE), "") | PS42: =IFERROR(VLOOKUP(PQ42&"-"&PR42, Sheet2!$E:$F, 2, FALSE), "")
A43: Grace | B43: Jackson | D43: 100044 | F43: Memorial | K43: =IFERROR(VLOOKUP(I43&"-"&J43, Sheet2!$E:$F, 2, FALSE), "") | L43: IL | M43: Norfolk | N43: =IFERROR(VLOOKUP(L43&"-"&M43, Sheet2!$E:$F, 2, FALSE), "") | R43: No | Y43: =IFERROR(VLOOKUP(W43&"-"&X43, Sheet2!$E:$F, 2, FALSE), "") | Z43: MA | AB43: =IFERROR(VLOOKUP(Z43&"-"&X43, Sheet2!$E:$F, 2, FALSE), "") | AJ43: =IFERROR(VLOOKUP(AH43&"-"&AI43, Sheet2!$E:$F, 2, FALSE), "") | AR43: =IFERROR(VLOOKUP(AP43&"-"&AQ43, Sheet2!$E:$F, 2, FALSE), "") | AZ43: =IFERROR(VLOOKUP(AX43&"-"&AY43, Sheet2!$E:$F, 2, FALSE), "") | BJ43: =IFERROR(VLOOKUP(BH43&"-"&BI43, Sheet2!$E:$F, 2, FALSE), "") | BN43: No | BV43: =IFERROR(VLOOKUP(BT43&"-"&BU43, Sheet2!$E:$F, 2, FALSE), "") | CB43: =IFERROR(VLOOKUP(BZ43&"-"&CA43, Sheet2!$E:$F, 2, FALSE), "") | CJ43: =IFERROR(VLOOKUP(CH43&"-"&CI43, Sheet2!$E:$F, 2, FALSE), "") | CP43: =IFERROR(VLOOKUP(CN43&"-"&CO43, Sheet2!$E:$F, 2, FALSE), "") | CZ43: =IFERROR(VLOOKUP(CX43&"-"&CY43, Sheet2!$E:$F, 2, FALSE), "") | DC43: No | DK43: =IFERROR(VLOOKUP(DI43&"-"&DJ43, Sheet2!$E:$F, 2, FALSE), "") | DQ43: =IFERROR(VLOOKUP(DO43&"-"&DP43, Sheet2!$E:$F, 2, FALSE), "") | DT43: No | EE43: =IFERROR(VLOOKUP(EC43&"-"&ED43, Sheet2!$E:$F, 2, FALSE), "") | EJ43: =IFERROR(VLOOKUP(EH43&"-"&EI43, Sheet2!$E:$F, 2, FALSE), "") | EU43: =IFERROR(VLOOKUP(ES43&"-"&ET43, Sheet2!$E:$F, 2, FALSE), "") | EX43: No | FF43: =IFERROR(VLOOKUP(FD43&"-"&FE43, Sheet2!$E:$F, 2, FALSE), "") | FL43: =IFERROR(VLOOKUP(FJ43&"-"&FK43, Sheet2!$E:$F, 2, FALSE), "") | FT43: =IFERROR(VLOOKUP(FR43&"-"&FS43, Sheet2!$E:$F, 2, FALSE), "") | FZ43: =IFERROR(VLOOKUP(FX43&"-"&FY43, Sheet2!$E:$F, 2, FALSE), "") | GK43: =IFERROR(VLOOKUP(GI43&"-"&GJ43, Sheet2!$E:$F, 2, FALSE), "") | GN43: No | GV43: =IFERROR(VLOOKUP(GT43&"-"&GU43, Sheet2!$E:$F, 2, FALSE), "") | HB43: =IFERROR(VLOOKUP(GZ43&"-"&HA43, Sheet2!$E:$F, 2, FALSE), "") | HK43: =IFERROR(VLOOKUP(HI43&"-"&HJ43, Sheet2!$E:$F, 2, FALSE), "") | HQ43: =IFERROR(VLOOKUP(HO43&"-"&HP43, Sheet2!$E:$F, 2, FALSE), "") | IC43: =IFERROR(VLOOKUP(IA43&"-"&IB43, Sheet2!$E:$F, 2, FALSE), "") | IK43: =IFERROR(VLOOKUP(II43&"-"&IJ43, Sheet2!$E:$F, 2, FALSE), "") | IQ43: =IFERROR(VLOOKUP(IO43&"-"&IP43, Sheet2!$E:$F, 2, FALSE), "") | IZ43: =IFERROR(VLOOKUP(IX43&"-"&IY43, Sheet2!$E:$F, 2, FALSE), "") | JF43: =IFERROR(VLOOKUP(JD43&"-"&JE43, Sheet2!$E:$F, 2, FALSE), "") | JR43: =IFERROR(VLOOKUP(JP43&"-"&JQ43, Sheet2!$E:$F, 2, FALSE), "") | JZ43: =IFERROR(VLOOKUP(JX43&"-"&JY43, Sheet2!$E:$F, 2, FALSE), "") | KH43: =IFERROR(VLOOKUP(KF43&"-"&KG43, Sheet2!$E:$F, 2, FALSE), "") | KQ43: =IFERROR(VLOOKUP(KO43&"-"&KP43, Sheet2!$E:$F, 2, FALSE), "") | KW43: =IFERROR(VLOOKUP(KU43&"-"&KV43, Sheet2!$E:$F, 2, FALSE), "") | LG43: =IFERROR(VLOOKUP(LE43&"-"&LF43, Sheet2!$E:$F, 2, FALSE), "") | LJ43: No | LR43: =IFERROR(VLOOKUP(LP43&"-"&LQ43, Sheet2!$E:$F, 2, FALSE), "") | LX43: =IFERROR(VLOOKUP(LV43&"-"&LW43, Sheet2!$E:$F, 2, FALSE), "") | MG43: =IFERROR(VLOOKUP(ME43&"-"&MF43, Sheet2!$E:$F, 2, FALSE), "") | MM43: =IFERROR(VLOOKUP(MK43&"-"&ML43, Sheet2!$E:$F, 2, FALSE), "") | MW43: =IFERROR(VLOOKUP(MU43&"-"&MV43, Sheet2!$E:$F, 2, FALSE), "") | MZ43: No | NH43: =IFERROR(VLOOKUP(NF43&"-"&NG43, Sheet2!$E:$F, 2, FALSE), "") | NN43: =IFERROR(VLOOKUP(NL43&"-"&NM43, Sheet2!$E:$F, 2, FALSE), "") | NW43: =IFERROR(VLOOKUP(NU43&"-"&NV43, Sheet2!$E:$F, 2, FALSE), "") | OC43: =IFERROR(VLOOKUP(OA43&"-"&OB43, Sheet2!$E:$F, 2, FALSE), "") | OM43: =IFERROR(VLOOKUP(OK43&"-"&OL43, Sheet2!$E:$F, 2, FALSE), "") | OP43: No | OX43: =IFERROR(VLOOKUP(OV43&"-"&OW43, Sheet2!$E:$F, 2, FALSE), "") | PD43: =IFERROR(VLOOKUP(PB43&"-"&PC43, Sheet2!$E:$F, 2, FALSE), "") | PM43: =IFERROR(VLOOKUP(PK43&"-"&PL43, Sheet2!$E:$F, 2, FALSE), "") | PS43: =IFERROR(VLOOKUP(PQ43&"-"&PR43, Sheet2!$E:$F, 2, FALSE), "")
A44: Junious Samsung | B44: Moyler | D44: 100045 | F44: Memorial | K44: =IFERROR(VLOOKUP(I44&"-"&J44, Sheet2!$E:$F, 2, FALSE), "") | L44: IL | M44: Norfolk | N44: =IFERROR(VLOOKUP(L44&"-"&M44, Sheet2!$E:$F, 2, FALSE), "") | R44: No | Y44: =IFERROR(VLOOKUP(W44&"-"&X44, Sheet2!$E:$F, 2, FALSE), "") | Z44: MA | AB44: =IFERROR(VLOOKUP(Z44&"-"&X44, Sheet2!$E:$F, 2, FALSE), "") | AJ44: =IFERROR(VLOOKUP(AH44&"-"&AI44, Sheet2!$E:$F, 2, FALSE), "") | AR44: =IFERROR(VLOOKUP(AP44&"-"&AQ44, Sheet2!$E:$F, 2, FALSE), "") | AZ44: =IFERROR(VLOOKUP(AX44&"-"&AY44, Sheet2!$E:$F, 2, FALSE), "") | BJ44: =IFERROR(VLOOKUP(BH44&"-"&BI44, Sheet2!$E:$F, 2, FALSE), "") | BN44: No | BV44: =IFERROR(VLOOKUP(BT44&"-"&BU44, Sheet2!$E:$F, 2, FALSE), "") | CB44: =IFERROR(VLOOKUP(BZ44&"-"&CA44, Sheet2!$E:$F, 2, FALSE), "") | CJ44: =IFERROR(VLOOKUP(CH44&"-"&CI44, Sheet2!$E:$F, 2, FALSE), "") | CP44: =IFERROR(VLOOKUP(CN44&"-"&CO44, Sheet2!$E:$F, 2, FALSE), "") | CZ44: =IFERROR(VLOOKUP(CX44&"-"&CY44, Sheet2!$E:$F, 2, FALSE), "") | DC44: No | DK44: =IFERROR(VLOOKUP(DI44&"-"&DJ44, Sheet2!$E:$F, 2, FALSE), "") | DQ44: =IFERROR(VLOOKUP(DO44&"-"&DP44, Sheet2!$E:$F, 2, FALSE), "") | DT44: No | EE44: =IFERROR(VLOOKUP(EC44&"-"&ED44, Sheet2!$E:$F, 2, FALSE), "") | EJ44: =IFERROR(VLOOKUP(EH44&"-"&EI44, Sheet2!$E:$F, 2, FALSE), "") | EU44: =IFERROR(VLOOKUP(ES44&"-"&ET44, Sheet2!$E:$F, 2, FALSE), "") | EX44: No | FF44: =IFERROR(VLOOKUP(FD44&"-"&FE44, Sheet2!$E:$F, 2, FALSE), "") | FL44: =IFERROR(VLOOKUP(FJ44&"-"&FK44, Sheet2!$E:$F, 2, FALSE), "") | FT44: =IFERROR(VLOOKUP(FR44&"-"&FS44, Sheet2!$E:$F, 2, FALSE), "") | FZ44: =IFERROR(VLOOKUP(FX44&"-"&FY44, Sheet2!$E:$F, 2, FALSE), "") | GK44: =IFERROR(VLOOKUP(GI44&"-"&GJ44, Sheet2!$E:$F, 2, FALSE), "") | GN44: No | GV44: =IFERROR(VLOOKUP(GT44&"-"&GU44, Sheet2!$E:$F, 2, FALSE), "") | HB44: =IFERROR(VLOOKUP(GZ44&"-"&HA44, Sheet2!$E:$F, 2, FALSE), "") | HK44: =IFERROR(VLOOKUP(HI44&"-"&HJ44, Sheet2!$E:$F, 2, FALSE), "") | HQ44: =IFERROR(VLOOKUP(HO44&"-"&HP44, Sheet2!$E:$F, 2, FALSE), "") | IC44: =IFERROR(VLOOKUP(IA44&"-"&IB44, Sheet2!$E:$F, 2, FALSE), "") | IK44: =IFERROR(VLOOKUP(II44&"-"&IJ44, Sheet2!$E:$F, 2, FALSE), "") | IQ44: =IFERROR(VLOOKUP(IO44&"-"&IP44, Sheet2!$E:$F, 2, FALSE), "") | IZ44: =IFERROR(VLOOKUP(IX44&"-"&IY44, Sheet2!$E:$F, 2, FALSE), "") | JF44: =IFERROR(VLOOKUP(JD44&"-"&JE44, Sheet2!$E:$F, 2, FALSE), "") | JR44: =IFERROR(VLOOKUP(JP44&"-"&JQ44, Sheet2!$E:$F, 2, FALSE), "") | JZ44: =IFERROR(VLOOKUP(JX44&"-"&JY44, Sheet2!$E:$F, 2, FALSE), "") | KH44: =IFERROR(VLOOKUP(KF44&"-"&KG44, Sheet2!$E:$F, 2, FALSE), "") | KQ44: =IFERROR(VLOOKUP(KO44&"-"&KP44, Sheet2!$E:$F, 2, FALSE), "") | KW44: =IFERROR(VLOOKUP(KU44&"-"&KV44, Sheet2!$E:$F, 2, FALSE), "") | LG44: =IFERROR(VLOOKUP(LE44&"-"&LF44, Sheet2!$E:$F, 2, FALSE), "") | LJ44: No | LR44: =IFERROR(VLOOKUP(LP44&"-"&LQ44, Sheet2!$E:$F, 2, FALSE), "") | LX44: =IFERROR(VLOOKUP(LV44&"-"&LW44, Sheet2!$E:$F, 2, FALSE), "") | MG44: =IFERROR(VLOOKUP(ME44&"-"&MF44, Sheet2!$E:$F, 2, FALSE), "") | MM44: =IFERROR(VLOOKUP(MK44&"-"&ML44, Sheet2!$E:$F, 2, FALSE), "") | MW44: =IFERROR(VLOOKUP(MU44&"-"&MV44, Sheet2!$E:$F, 2, FALSE), "") | MZ44: No | NH44: =IFERROR(VLOOKUP(NF44&"-"&NG44, Sheet2!$E:$F, 2, FALSE), "") | NN44: =IFERROR(VLOOKUP(NL44&"-"&NM44, Sheet2!$E:$F, 2, FALSE), "") | NW44: =IFERROR(VLOOKUP(NU44&"-"&NV44, Sheet2!$E:$F, 2, FALSE), "") | OC44: =IFERROR(VLOOKUP(OA44&"-"&OB44, Sheet2!$E:$F, 2, FALSE), "") | OM44: =IFERROR(VLOOKUP(OK44&"-"&OL44, Sheet2!$E:$F, 2, FALSE), "") | OP44: No | OX44: =IFERROR(VLOOKUP(OV44&"-"&OW44, Sheet2!$E:$F, 2, FALSE), "") | PD44: =IFERROR(VLOOKUP(PB44&"-"&PC44, Sheet2!$E:$F, 2, FALSE), "") | PM44: =IFERROR(VLOOKUP(PK44&"-"&PL44, Sheet2!$E:$F, 2, FALSE), "") | PS44: =IFERROR(VLOOKUP(PQ44&"-"&PR44, Sheet2!$E:$F, 2, FALSE), "")
A45: Yvonne | B45: Liser | C45: DC | D45: 100046 | E45: li53rby@gmail.com | F45: Founding Member | K45: =IFERROR(VLOOKUP(I45&"-"&J45, Sheet2!$E:$F, 2, FALSE), "") | L45: IL | M45: Norfolk | N45: =IFERROR(VLOOKUP(L45&"-"&M45, Sheet2!$E:$F, 2, FALSE), "") | R45: No | Y45: =IFERROR(VLOOKUP(W45&"-"&X45, Sheet2!$E:$F, 2, FALSE), "") | Z45: MA | AB45: =IFERROR(VLOOKUP(Z45&"-"&X45, Sheet2!$E:$F, 2, FALSE), "") | AJ45: =IFERROR(VLOOKUP(AH45&"-"&AI45, Sheet2!$E:$F, 2, FALSE), "") | AR45: =IFERROR(VLOOKUP(AP45&"-"&AQ45, Sheet2!$E:$F, 2, FALSE), "") | AZ45: =IFERROR(VLOOKUP(AX45&"-"&AY45, Sheet2!$E:$F, 2, FALSE), "") | BJ45: =IFERROR(VLOOKUP(BH45&"-"&BI45, Sheet2!$E:$F, 2, FALSE), "") | BN45: No | BV45: =IFERROR(VLOOKUP(BT45&"-"&BU45, Sheet2!$E:$F, 2, FALSE), "") | CB45: =IFERROR(VLOOKUP(BZ45&"-"&CA45, Sheet2!$E:$F, 2, FALSE), "") | CJ45: =IFERROR(VLOOKUP(CH45&"-"&CI45, Sheet2!$E:$F, 2, FALSE), "") | CP45: =IFERROR(VLOOKUP(CN45&"-"&CO45, Sheet2!$E:$F, 2, FALSE), "") | CZ45: =IFERROR(VLOOKUP(CX45&"-"&CY45, Sheet2!$E:$F, 2, FALSE), "") | DC45: No | DK45: =IFERROR(VLOOKUP(DI45&"-"&DJ45, Sheet2!$E:$F, 2, FALSE), "") | DQ45: =IFERROR(VLOOKUP(DO45&"-"&DP45, Sheet2!$E:$F, 2, FALSE), "") | DT45: No | EE45: =IFERROR(VLOOKUP(EC45&"-"&ED45, Sheet2!$E:$F, 2, FALSE), "") | EJ45: =IFERROR(VLOOKUP(EH45&"-"&EI45, Sheet2!$E:$F, 2, FALSE), "") | EU45: =IFERROR(VLOOKUP(ES45&"-"&ET45, Sheet2!$E:$F, 2, FALSE), "") | EX45: No | FF45: =IFERROR(VLOOKUP(FD45&"-"&FE45, Sheet2!$E:$F, 2, FALSE), "") | FL45: =IFERROR(VLOOKUP(FJ45&"-"&FK45, Sheet2!$E:$F, 2, FALSE), "") | FT45: =IFERROR(VLOOKUP(FR45&"-"&FS45, Sheet2!$E:$F, 2, FALSE), "") | FZ45: =IFERROR(VLOOKUP(FX45&"-"&FY45, Sheet2!$E:$F, 2, FALSE), "") | GK45: =IFERROR(VLOOKUP(GI45&"-"&GJ45, Sheet2!$E:$F, 2, FALSE), "") | GN45: No | GV45: =IFERROR(VLOOKUP(GT45&"-"&GU45, Sheet2!$E:$F, 2, FALSE), "") | HB45: =IFERROR(VLOOKUP(GZ45&"-"&HA45, Sheet2!$E:$F, 2, FALSE), "") | HK45: =IFERROR(VLOOKUP(HI45&"-"&HJ45, Sheet2!$E:$F, 2, FALSE), "") | HQ45: =IFERROR(VLOOKUP(HO45&"-"&HP45, Sheet2!$E:$F, 2, FALSE), "") | IC45: =IFERROR(VLOOKUP(IA45&"-"&IB45, Sheet2!$E:$F, 2, FALSE), "") | IK45: =IFERROR(VLOOKUP(II45&"-"&IJ45, Sheet2!$E:$F, 2, FALSE), "") | IQ45: =IFERROR(VLOOKUP(IO45&"-"&IP45, Sheet2!$E:$F, 2, FALSE), "") | IZ45: =IFERROR(VLOOKUP(IX45&"-"&IY45, Sheet2!$E:$F, 2, FALSE), "") | JF45: =IFERROR(VLOOKUP(JD45&"-"&JE45, Sheet2!$E:$F, 2, FALSE), "") | JR45: =IFERROR(VLOOKUP(JP45&"-"&JQ45, Sheet2!$E:$F, 2, FALSE), "") | JZ45: =IFERROR(VLOOKUP(JX45&"-"&JY45, Sheet2!$E:$F, 2, FALSE), "") | KH45: =IFERROR(VLOOKUP(KF45&"-"&KG45, Sheet2!$E:$F, 2, FALSE), "") | KQ45: =IFERROR(VLOOKUP(KO45&"-"&KP45, Sheet2!$E:$F, 2, FALSE), "") | KW45: =IFERROR(VLOOKUP(KU45&"-"&KV45, Sheet2!$E:$F, 2, FALSE), "") | LG45: =IFERROR(VLOOKUP(LE45&"-"&LF45, Sheet2!$E:$F, 2, FALSE), "") | LJ45: No | LR45: =IFERROR(VLOOKUP(LP45&"-"&LQ45, Sheet2!$E:$F, 2, FALSE), "") | LX45: =IFERROR(VLOOKUP(LV45&"-"&LW45, Sheet2!$E:$F, 2, FALSE), "") | MG45: =IFERROR(VLOOKUP(ME45&"-"&MF45, Sheet2!$E:$F, 2, FALSE), "") | MM45: =IFERROR(VLOOKUP(MK45&"-"&ML45, Sheet2!$E:$F, 2, FALSE), "") | MW45: =IFERROR(VLOOKUP(MU45&"-"&MV45, Sheet2!$E:$F, 2, FALSE), "") | MZ45: No | NH45: =IFERROR(VLOOKUP(NF45&"-"&NG45, Sheet2!$E:$F, 2, FALSE), "") | NN45: =IFERROR(VLOOKUP(NL45&"-"&NM45, Sheet2!$E:$F, 2, FALSE), "") | NW45: =IFERROR(VLOOKUP(NU45&"-"&NV45, Sheet2!$E:$F, 2, FALSE), "") | OC45: =IFERROR(VLOOKUP(OA45&"-"&OB45, Sheet2!$E:$F, 2, FALSE), "") | OM45: =IFERROR(VLOOKUP(OK45&"-"&OL45, Sheet2!$E:$F, 2, FALSE), "") | OP45: No | OX45: =IFERROR(VLOOKUP(OV45&"-"&OW45, Sheet2!$E:$F, 2, FALSE), "") | PD45: =IFERROR(VLOOKUP(PB45&"-"&PC45, Sheet2!$E:$F, 2, FALSE), "") | PM45: =IFERROR(VLOOKUP(PK45&"-"&PL45, Sheet2!$E:$F, 2, FALSE), "") | PS45: =IFERROR(VLOOKUP(PQ45&"-"&PR45, Sheet2!$E:$F, 2, FALSE), "")
A46: Mayward Harold | B46: Blair | D46: 100047 | F46: Memorial | K46: =IFERROR(VLOOKUP(I46&"-"&J46, Sheet2!$E:$F, 2, FALSE), "") | L46: IL | M46: Norfolk | N46: =IFERROR(VLOOKUP(L46&"-"&M46, Sheet2!$E:$F, 2, FALSE), "") | R46: No | Y46: =IFERROR(VLOOKUP(W46&"-"&X46, Sheet2!$E:$F, 2, FALSE), "") | Z46: MA | AB46: =IFERROR(VLOOKUP(Z46&"-"&X46, Sheet2!$E:$F, 2, FALSE), "") | AJ46: =IFERROR(VLOOKUP(AH46&"-"&AI46, Sheet2!$E:$F, 2, FALSE), "") | AR46: =IFERROR(VLOOKUP(AP46&"-"&AQ46, Sheet2!$E:$F, 2, FALSE), "") | AZ46: =IFERROR(VLOOKUP(AX46&"-"&AY46, Sheet2!$E:$F, 2, FALSE), "") | BJ46: =IFERROR(VLOOKUP(BH46&"-"&BI46, Sheet2!$E:$F, 2, FALSE), "") | BN46: No | BV46: =IFERROR(VLOOKUP(BT46&"-"&BU46, Sheet2!$E:$F, 2, FALSE), "") | CB46: =IFERROR(VLOOKUP(BZ46&"-"&CA46, Sheet2!$E:$F, 2, FALSE), "") | CJ46: =IFERROR(VLOOKUP(CH46&"-"&CI46, Sheet2!$E:$F, 2, FALSE), "") | CP46: =IFERROR(VLOOKUP(CN46&"-"&CO46, Sheet2!$E:$F, 2, FALSE), "") | CZ46: =IFERROR(VLOOKUP(CX46&"-"&CY46, Sheet2!$E:$F, 2, FALSE), "") | DC46: No | DK46: =IFERROR(VLOOKUP(DI46&"-"&DJ46, Sheet2!$E:$F, 2, FALSE), "") | DQ46: =IFERROR(VLOOKUP(DO46&"-"&DP46, Sheet2!$E:$F, 2, FALSE), "") | DT46: No | EE46: =IFERROR(VLOOKUP(EC46&"-"&ED46, Sheet2!$E:$F, 2, FALSE), "") | EJ46: =IFERROR(VLOOKUP(EH46&"-"&EI46, Sheet2!$E:$F, 2, FALSE), "") | EU46: =IFERROR(VLOOKUP(ES46&"-"&ET46, Sheet2!$E:$F, 2, FALSE), "") | EX46: No | FF46: =IFERROR(VLOOKUP(FD46&"-"&FE46, Sheet2!$E:$F, 2, FALSE), "") | FL46: =IFERROR(VLOOKUP(FJ46&"-"&FK46, Sheet2!$E:$F, 2, FALSE), "") | FT46: =IFERROR(VLOOKUP(FR46&"-"&FS46, Sheet2!$E:$F, 2, FALSE), "") | FZ46: =IFERROR(VLOOKUP(FX46&"-"&FY46, Sheet2!$E:$F, 2, FALSE), "") | GK46: =IFERROR(VLOOKUP(GI46&"-"&GJ46, Sheet2!$E:$F, 2, FALSE), "") | GN46: No | GV46: =IFERROR(VLOOKUP(GT46&"-"&GU46, Sheet2!$E:$F, 2, FALSE), "") | HB46: =IFERROR(VLOOKUP(GZ46&"-"&HA46, Sheet2!$E:$F, 2, FALSE), "") | HK46: =IFERROR(VLOOKUP(HI46&"-"&HJ46, Sheet2!$E:$F, 2, FALSE), "") | HQ46: =IFERROR(VLOOKUP(HO46&"-"&HP46, Sheet2!$E:$F, 2, FALSE), "") | IC46: =IFERROR(VLOOKUP(IA46&"-"&IB46, Sheet2!$E:$F, 2, FALSE), "") | IK46: =IFERROR(VLOOKUP(II46&"-"&IJ46, Sheet2!$E:$F, 2, FALSE), "") | IQ46: =IFERROR(VLOOKUP(IO46&"-"&IP46, Sheet2!$E:$F, 2, FALSE), "") | IZ46: =IFERROR(VLOOKUP(IX46&"-"&IY46, Sheet2!$E:$F, 2, FALSE), "") | JF46: =IFERROR(VLOOKUP(JD46&"-"&JE46, Sheet2!$E:$F, 2, FALSE), "") | JR46: =IFERROR(VLOOKUP(JP46&"-"&JQ46, Sheet2!$E:$F, 2, FALSE), "") | JZ46: =IFERROR(VLOOKUP(JX46&"-"&JY46, Sheet2!$E:$F, 2, FALSE), "") | KH46: =IFERROR(VLOOKUP(KF46&"-"&KG46, Sheet2!$E:$F, 2, FALSE), "") | KQ46: =IFERROR(VLOOKUP(KO46&"-"&KP46, Sheet2!$E:$F, 2, FALSE), "") | KW46: =IFERROR(VLOOKUP(KU46&"-"&KV46, Sheet2!$E:$F, 2, FALSE), "") | LG46: =IFERROR(VLOOKUP(LE46&"-"&LF46, Sheet2!$E:$F, 2, FALSE), "") | LJ46: No | LR46: =IFERROR(VLOOKUP(LP46&"-"&LQ46, Sheet2!$E:$F, 2, FALSE), "") | LX46: =IFERROR(VLOOKUP(LV46&"-"&LW46, Sheet2!$E:$F, 2, FALSE), "") | MG46: =IFERROR(VLOOKUP(ME46&"-"&MF46, Sheet2!$E:$F, 2, FALSE), "") | MM46: =IFERROR(VLOOKUP(MK46&"-"&ML46, Sheet2!$E:$F, 2, FALSE), "") | MW46: =IFERROR(VLOOKUP(MU46&"-"&MV46, Sheet2!$E:$F, 2, FALSE), "") | MZ46: No | NH46: =IFERROR(VLOOKUP(NF46&"-"&NG46, Sheet2!$E:$F, 2, FALSE), "") | NN46: =IFERROR(VLOOKUP(NL46&"-"&NM46, Sheet2!$E:$F, 2, FALSE), "") | NW46: =IFERROR(VLOOKUP(NU46&"-"&NV46, Sheet2!$E:$F, 2, FALSE), "") | OC46: =IFERROR(VLOOKUP(OA46&"-"&OB46, Sheet2!$E:$F, 2, FALSE), "") | OM46: =IFERROR(VLOOKUP(OK46&"-"&OL46, Sheet2!$E:$F, 2, FALSE), "") | OP46: No | OX46: =IFERROR(VLOOKUP(OV46&"-"&OW46, Sheet2!$E:$F, 2, FALSE), "") | PD46: =IFERROR(VLOOKUP(PB46&"-"&PC46, Sheet2!$E:$F, 2, FALSE), "") | PM46: =IFERROR(VLOOKUP(PK46&"-"&PL46, Sheet2!$E:$F, 2, FALSE), "") | PS46: =IFERROR(VLOOKUP(PQ46&"-"&PR46, Sheet2!$E:$F, 2, FALSE), "")
