Workbook
Name S_AK: Sheet2!$A$2:$A$31
Name S_AL: Sheet2!$A$32:$A$98
Name S_AR: Sheet2!$A$99:$A$173
Name S_AZ: Sheet2!$A$174:$A$188
Name S_CA: Sheet2!$A$189:$A$246
Name S_CO: Sheet2!$A$247:$A$310
Name S_CT: Sheet2!$A$311:$A$319
Name S_DC: Sheet2!$A$320:$A$320
Name S_DE: Sheet2!$A$321:$A$323
Name S_FL: Sheet2!$A$324:$A$390
Name S_GA: Sheet2!$A$391:$A$549
Name S_HI: Sheet2!$A$550:$A$554
Name S_IA: Sheet2!$A$555:$A$653
Name S_ID: Sheet2!$A$654:$A$697
Name S_IL: Sheet2!$A$698:$A$799
Name S_IN: Sheet2!$A$800:$A$891
Name S_KS: Sheet2!$A$892:$A$996
Name S_KY: Sheet2!$A$997:$A$1116
Name S_LA: Sheet2!$A$1117:$A$1180
Name S_MA: Sheet2!$A$1181:$A$1194
Name S_MD: Sheet2!$A$1195:$A$1218
Name S_ME: Sheet2!$A$1219:$A$1234
Name S_MI: Sheet2!$A$1235:$A$1317
Name S_MN: Sheet2!$A$1318:$A$1404
Name S_MO: Sheet2!$A$1405:$A$1519
Name S_MS: Sheet2!$A$1520:$A$1601
Name S_MT: Sheet2!$A$1602:$A$1657
Name S_NC: Sheet2!$A$1658:$A$1757
Name S_ND: Sheet2!$A$1758:$A$1810
Name S_NE: Sheet2!$A$1811:$A$1903
Name S_NH: Sheet2!$A$1904:$A$1913
Name S_NJ: Sheet2!$A$1914:$A$1934
Name S_NM: Sheet2!$A$1935:$A$1967
Name S_NV: Sheet2!$A$1968:$A$1984
Name S_NY: Sheet2!$A$1985:$A$2046
Name S_OH: Sheet2!$A$2047:$A$2134
Name S_OK: Sheet2!$A$2135:$A$2211
Name S_OR: Sheet2!$A$2212:$A$2247
Name S_PA: Sheet2!$A$2248:$A$2314
Name S_RI: Sheet2!$A$2315:$A$2319
Name S_SC: Sheet2!$A$2320:$A$2365
Name S_SD: Sheet2!$A$2366:$A$2431
Name S_TN: Sheet2!$A$2432:$A$2526
Name S_TX: Sheet2!$A$2527:$A$2780
Name S_UT: Sheet2!$A$2781:$A$2809
Name S_VA: Sheet2!$A$2810:$A$2942
Name S_VT: Sheet2!$A$2943:$A$2956
Name S_WA: Sheet2!$A$2957:$A$2995
Name S_WI: Sheet2!$A$2996:$A$3067
Name S_WV: Sheet2!$A$3068:$A$3122
Name S_WY: Sheet2!$A$3123:$A$3145

Sheet Sheet1
A1: First Name | B1: Last Name | C1: Military_Personnel | D1: War | E1: State | F1: Contact Member # | G1: Email | H1: Contact Membership Type | I1: Gen 1: Birth Date | J1: City, County, State | K1: State | L1: County | M1: Coordinates | N1: Coordinate | O1: Gen 1: Death Date | P1: City, County, State.1 | Q1: State | R1: County | S1: Coordinates | T1: Coordinate.1 | U1: Documentation | V1: Gen 1: Marriage Date | W1: City, County, State.2 | X1: State | Y1: County | Z1: Coordinates | AA1: Coordinate.2 | AB1: Gen 1: Spouse First Name | AC1: Gen 1: Spouse Surname/Maiden Name | AD1: Military_Personnel | AE1: War | AF1: Spouse Gen 1: Birth Date | AG1: City, County, State.3 | AH1: State | AI1: County | AJ1: Coordinates | AK1: Coordinate.3 | AL1: Spouse Gen 1: Death Date | AM1: City, County, State.4 | AN1: State | AO1: County | AP1: Coordinates | AQ1: Coordinate.4 | AR1: Documentation.1 | AS1: Gen 2: Father's: First Name | AT1: Gen 2: Father's Surname | AU1: Military_Personnel | AV1: War | AW1: Gen 2: Father's Birth Date | AX1: City, County, State.5 | AY1: State | AZ1: County | BA1: Coordinates | BB1: Coordinate.5 | BC1: Documentation.2 | BD1: Gen 2: Father's Death Date | BE1: City, County, State.6 | BF1: State | BG1: County | BH1: Coordinates | BI1: Coordinate.6 | BJ1: Gen 2: Father, Mother's Marriage Date | BK1: City, County, State.7 | BL1: State | BM1: County | BN1: Coordinates | BO1: Coordinate.7 | BP1: Documentation.3 | BQ1: Gen 2: Mother's First Name | BR1: Gen 2: Mother's Surname/Maiden Name | BS1: Military_Personnel | BT1: War | BU1: Gen 2: Mother's Birth Date | BV1: City, County, State.8 | BW1: State | BX1: County | BY1: Coordinates | BZ1: Coordinate.8 | CA1: Documentation.4 | CB1: Gen 2: Mother's Death Date | CC1: City, County, State.9 | CD1: State | CE1: County | CF1: Coordinates | CG1: Coordinate.9 | CH1: Documentation.5 | CI1: Gen 3 Father: First Name | CJ1: Gen 3: Father Surname | CK1: Military_Personnel | CL1: War | CM1: Gen 3: Father's Birth Date | CN1: City, County, State.10 | CO1: State | CP1: County | CQ1: Coordinates | CR1: Coordinate.10 | CS1: Documentation.6 | CT1: Gen 3: Father's Death Date | CU1: City, County, State.11 | CV1: State | CW1: County | CX1: Coordinates | CY1: Coordinate.11 | CZ1: Documentation.7 | DA1: Gen 3: Father, Mother's Marriage Date | DB1: City, County, State.12 | DC1: State | DD1: County | DE1: Coordinates | DF1: Coordinate.12 | DG1: Documentation.8 | DH1: Gen 3: Mother's First Name | DI1: Gen 3: Mother's Surname/Maiden Name | DJ1: Military_Personnel | DK1: War | DL1: Alias Name | DM1: Gen 3: Mother's Birth Date | DN1: City, County, State.13 | DO1: State | DP1: County | DQ1: Coordinates | DR1: Gen 3: Mother's Death Date | DS1: City, County, State.14 | DT1: State | DU1: County | DV1: Coordinates | DW1: Coordinate.13 | DX1: Documentation.9 | DY1: Gen 4 Father: First Name | DZ1: Gen 4: Father Surname | EA1: Military_Personnel | EB1: War | EC1: Gen 4: Father's Birth Date | ED1: City, County, State.15 | EE1: State | EF1: County | EG1: Coordinates | EH1: Coordinate.14 | EI1: Documentation.10 | EJ1: Gen 4: Father's Death Date | EK1: City, County, State.16 | EL1: State | EM1: County | EN1: Coordinates | EO1: Coordinate.15 | EP1: Gen 4: Father, Mother's Marriage Date | EQ1: City, County, State.17 | ER1: State | ES1: County | ET1: Coordinates | EU1: Coordinate.16 | EV1: Gen 4: Mother's First Name | EW1: Gen 4: Mother's Surname/Maiden Name | EX1: Military_Personnel | EY1: War | EZ1: Gen 4: Mother's Birth Date | FA1: City, County, State.18 | FB1: State | FC1: County | FD1: Coordinates | FE1: Coordinate.17 | FF1: Gen 4: Mother's Death Date | FG1: City, County, State.19 | FH1: State | FI1: County | FJ1: Coordinates | FK1: Coordinate.18 | FL1: Documentation.11 | FM1: Gen 5 Father: First Name | FN1: Gen 5: Father Surname | FO1: Military_Personnel | FP1: War | FQ1: Gen 5: Father's Birth Date | FR1: City, County, State.20 | FS1: State | FT1: County | FU1: Coordinates | FV1: Coordinate.19 | FW1: Gen 5: Father's Death Date | FX1: City, County, State.21 | FY1: State | FZ1: County | GA1: Coordinates | GB1: Coordinate.20 | GC1: Gen 5: Father, Mother's Marriage Date | GD1: City, County, State.22 | GE1: State | GF1: County | GG1: Coordinates | GH1: Coordinate.21 | GI1: Gen 5: Mother's First Name | GJ1: Gen 5: Mother's Surname/Maiden Name | GK1: Military_Personnel | GL1: War | GM1: Alias Name.1 | GN1: Gen 5: Mother's Birth Date | GO1: City, County, State.23 | GP1: State | GQ1: County | GR1: Coordinates | GS1: Coordinate.22 | GT1: Gen 5: Mother's Death Date | GU1: City, County, State.24 | GV1: State | GW1: County | GX1: Coordinates | GY1: Coordinate.23 | GZ1: Documentation.12 | HA1: Gen 6 Father: First Name | HB1: Gen 6: Father Surname | HC1: Military_Personnel | HD1: War | HE1: Alias Name.2 | HF1: Gen 6: Father's Birth Date | HG1: City, County, State.25 | HH1: State | HI1: County | HJ1: Coordinates | HK1: Coordinate.24 | HL1: Gen 6: Father's Death Date | HM1: City, County, State.26 | HN1: State | HO1: County | HP1: Coordinates | HQ1: Coordinate.25 | HR1: Gen 6: Father, Mother's Marriage Date | HS1: City, County, State.27 | HT1: State | HU1: County | HV1: Coordinates | HW1: Coordinate.26 | HX1: Gen 6: Mother's First Name | HY1: Gen 6: Mother's Surname/Maiden Name | HZ1: Military_Personnel | IA1: War | IB1: Alias Name.3 | IC1: Gen 6: Mother's Birth Date | ID1: City, County, State.28 | IE1: State | IF1: County | IG1: Coordinates | IH1: Coordinate.27 | II1: Gen 6: Mother's Death Date | IJ1: City, County, State.29 | IK1: State | IL1: County | IM1: Coordinates | IN1: Coordinate.28 | IO1: Documentation.13 | IP1: Gen 7 Father: First Name | IQ1: Gen 7: Father Surname | IR1: Military_Personnel | IS1: War | IT1: Alias Name.4 | IU1: Gen 7: Father's Birth Date | IV1: City, County, State.30 | IW1: State | IX1: County | IY1: Coordinates | IZ1: Coordinate.29 | JA1: Gen 7: Father's Death Date | JB1: City, County, State.31 | JC1: State | JD1: County | JE1: Coordinates | JF1: Coordinate.30 | JG1: Gen 7: Father, Mother's Marriage Date | JH1: City, County, State.32 | JI1: State | JJ1: County | JK1: Coordinates | JL1: Coordinate.31 | JM1: Gen 7: Mother's First Name | JN1: Gen 7: Mother's Surname/Maiden Name | JO1: Military_Personnel | JP1: War | JQ1: Alias Name.5 | JR1: Gen 7: Mother's Birth Date | JS1: City, County, State.33 | JT1: State | JU1: County | JV1: Coordinates | JW1: Coordinate.32 | JX1: Gen 7: Mother's Death Date | JY1: City, County, State.34 | JZ1: State | KA1: County | KB1: Coordinates | KC1: Coordinate.33 | KD1: Documentation.14 | KE1: Gen 8 Father: First Name | KF1: Gen 8: Father Surname | KG1: Military_Personnel | KH1: War | KI1: Alias Name.6 | KJ1: Gen 8: Father's Birth Date | KK1: City, County, State.35 | KL1: State | KM1: County | KN1: Coordinates | KO1: Coordinate.34 | KP1: Gen 8: Father's Death Date | KQ1: City, County, State.36 | KR1: State | KS1: County | KT1: Coordinates | KU1: Coordinate.35 | KV1: Gen 8: Father, Mother's Marriage Date | KW1: City, County, State.37 | KX1: State | KY1: County | KZ1: Coordinates | LA1: Coordinate.36 | LB1: Gen 8: Mother's First Name | LC1: Gen 8: Mother's Surname/Maiden Name | LD1: Military_Personnel | LE1: War | LF1: Alias Name.7 | LG1: Gen 8: Mother's Birth Date | LH1: City, County, State.38 | LI1: State | LJ1: County | LK1: Coordinates | LL1: Coordinate.37 | LM1: Gen 8: Mother's Death Date | LN1: City, County, State.39 | LO1: State | LP1: County | LQ1: Coordinates | LR1: Coordinate.38 | LS1: Documentation.15 | LT1: Gen 9 Father: First Name | LU1: Gen 9: Father Surname | LV1: Military_Personnel | LW1: War | LX1: Alias Name.8 | LY1: Gen 9: Father's Birth Date | LZ1: City, County, State.40 | MA1: State | MB1: County | MC1: Coordinates | MD1: Coordinate.39 | ME1: Gen 9: Father's Death Date | MF1: City, County, State.41 | MG1: State | MH1: County | MI1: Coordinates | MJ1: Coordinate.40 | MK1: Gen 9: Father, Mother's Marriage Date | ML1: City, County, State.42 | MM1: State | MN1: County | MO1: Coordinates | MP1: Coordinate.41 | MQ1: Gen 9: Mother's First Name | MR1: Gen 9: Mother's Surname/Maiden Name | MS1: Military_Personnel | MT1: War | MU1: Alias Name.9 | MV1: Gen 9: Mother's Birth Date | MW1: City, County, State.43 | MX1: State | MY1: County | MZ1: Coordinates | NA1: Coordinate.42 | NB1: Gen 9: Mother's Death Date | NC1: City, County, State.44 | ND1: State | NE1: County | NF1: Coordinates | NG1: Coordinate.43 | NH1: Documentation.16 | NI1: Gen 10 Father: First Name | NJ1: Gen 10: Father Surname | NK1: Military_Personnel | NL1: War | NM1: Alias Name.10 | NN1: Gen 10: Father's Birth Date | NO1: City, County, State.45 | NP1: State | NQ1: County | NR1: Coordinates | NS1: Coordinate.44 | NT1: Gen 10: Father's Death Date | NU1: City, County, State.46 | NV1: State | NW1: County | NX1: Coordinates | NY1: Coordinate.45 | NZ1: Gen 10: Father, Mother's Marriage Date | OA1: City, County, State.47 | OB1: State | OC1: County | OD1: Coordinates | OE1: Coordinate.46 | OF1: Gen 10: Mother's First Name | OG1: Gen 10: Mother's Surname/Maiden Name | OH1: Military_Personnel | OI1: War | OJ1: Alias Name.11 | OK1: Gen 10: Mother's Birth Date | OL1: City, County, State.48 | OM1: State | ON1: County | OO1: Coordinates | OP1: Coordinate.47 | OQ1: Gen 10: Mother's Death Date | OR1: City, County, State.49 | OS1: State | OT1: County | OU1: Coordinates | OV1: Coordinate.48 | OW1: Documentation.17
C2: No | D2: - | M2: =IFERROR(VLOOKUP(K2&"-"&L2, Sheet2!$E:$F, 2, FALSE), "") | S2: =IFERROR(VLOOKUP(Q2&"-"&R2, Sheet2!$E:$F, 2, FALSE), "") | Z2: =IFERROR(VLOOKUP(X2&"-"&Y2, Sheet2!$E:$F, 2, FALSE), "") | AD2: No | AE2: - | AJ2: =IFERROR(VLOOKUP(AH2&"-"&AI2, Sheet2!$E:$F, 2, FALSE), "") | AP2: =IFERROR(VLOOKUP(AN2&"-"&AO2, Sheet2!$E:$F, 2, FALSE), "") | AU2: No | AV2: - | BA2: =IFERROR(VLOOKUP(AY2&"-"&AZ2, Sheet2!$E:$F, 2, FALSE), "") | BH2: =IFERROR(VLOOKUP(BF2&"-"&BG2, Sheet2!$E:$F, 2, FALSE), "") | BN2: =IFERROR(VLOOKUP(BL2&"-"&BM2, Sheet2!$E:$F, 2, FALSE), "") | BS2: No | BT2: - | BY2: =IFERROR(VLOOKUP(BW2&"-"&BX2, Sheet2!$E:$F, 2, FALSE), "") | CF2: =IFERROR(VLOOKUP(CD2&"-"&CE2, Sheet2!$E:$F, 2, FALSE), "") | CK2: No | CL2: - | CQ2: =IFERROR(VLOOKUP(CO2&"-"&CP2, Sheet2!$E:$F, 2, FALSE), "") | CX2: =IFERROR(VLOOKUP(CV2&"-"&CW2, Sheet2!$E:$F, 2, FALSE), "") | DE2: =IFERROR(VLOOKUP(DC2&"-"&DD2, Sheet2!$E:$F, 2, FALSE), "") | DJ2: No | DK2: - | DQ2: =IFERROR(VLOOKUP(DO2&"-"&DP2, Sheet2!$E:$F, 2, FALSE), "") | DV2: =IFERROR(VLOOKUP(DT2&"-"&DU2, Sheet2!$E:$F, 2, FALSE), "") | EA2: No | EB2: - | EG2: =IFERROR(VLOOKUP(EE2&"-"&EF2, Sheet2!$E:$F, 2, FALSE), "") | EN2: =IFERROR(VLOOKUP(EL2&"-"&EM2, Sheet2!$E:$F, 2, FALSE), "") | ET2: =IFERROR(VLOOKUP(ER2&"-"&ES2, Sheet2!$E:$F, 2, FALSE), "") | EX2: No | EY2: - | FD2: =IFERROR(VLOOKUP(FB2&"-"&FC2, Sheet2!$E:$F, 2, FALSE), "") | FJ2: =IFERROR(VLOOKUP(FH2&"-"&FI2, Sheet2!$E:$F, 2, FALSE), "") | FO2: No | FP2: - | FU2: =IFERROR(VLOOKUP(FS2&"-"&FT2, Sheet2!$E:$F, 2, FALSE), "") | GA2: =IFERROR(VLOOKUP(FY2&"-"&FZ2, Sheet2!$E:$F, 2, FALSE), "") | GG2: =IFERROR(VLOOKUP(GE2&"-"&GF2, Sheet2!$E:$F, 2, FALSE), "") | GK2: No | GL2: - | GR2: =IFERROR(VLOOKUP(GP2&"-"&GQ2, Sheet2!$E:$F, 2, FALSE), "") | GX2: =IFERROR(VLOOKUP(GV2&"-"&GW2, Sheet2!$E:$F, 2, FALSE), "") | HC2: No | HD2: - | HJ2: =IFERROR(VLOOKUP(HH2&"-"&HI2, Sheet2!$E:$F, 2, FALSE), "") | HP2: =IFERROR(VLOOKUP(HN2&"-"&HO2, Sheet2!$E:$F, 2, FALSE), "") | HV2: =IFERROR(VLOOKUP(HT2&"-"&HU2, Sheet2!$E:$F, 2, FALSE), "") | HZ2: No | IA2: - | IG2: =IFERROR(VLOOKUP(IE2&"-"&IF2, Sheet2!$E:$F, 2, FALSE), "") | IM2: =IFERROR(VLOOKUP(IK2&"-"&IL2, Sheet2!$E:$F, 2, FALSE), "") | IR2: No | IS2: - | IY2: =IFERROR(VLOOKUP(IW2&"-"&IX2, Sheet2!$E:$F, 2, FALSE), "") | JE2: =IFERROR(VLOOKUP(JC2&"-"&JD2, Sheet2!$E:$F, 2, FALSE), "") | JK2: =IFERROR(VLOOKUP(JI2&"-"&JJ2, Sheet2!$E:$F, 2, FALSE), "") | JO2: No | JP2: - | JV2: =IFERROR(VLOOKUP(JT2&"-"&JU2, Sheet2!$E:$F, 2, FALSE), "") | KB2: =IFERROR(VLOOKUP(JZ2&"-"&KA2, Sheet2!$E:$F, 2, FALSE), "") | KG2: No | KH2: - | KN2: =IFERROR(VLOOKUP(KL2&"-"&KM2, Sheet2!$E:$F, 2, FALSE), "") | KT2: =IFERROR(VLOOKUP(KR2&"-"&KS2, Sheet2!$E:$F, 2, FALSE), "") | KZ2: =IFERROR(VLOOKUP(KX2&"-"&KY2, Sheet2!$E:$F, 2, FALSE), "") | LD2: No | LE2: - | LK2: =IFERROR(VLOOKUP(LI2&"-"&LJ2, Sheet2!$E:$F, 2, FALSE), "") | LQ2: =IFERROR(VLOOKUP(LO2&"-"&LP2, Sheet2!$E:$F, 2, FALSE), "") | LV2: No | LW2: - | MC2: =IFERROR(VLOOKUP(MA2&"-"&MB2, Sheet2!$E:$F, 2, FALSE), "") | MI2: =IFERROR(VLOOKUP(MG2&"-"&MH2, Sheet2!$E:$F, 2, FALSE), "") | MO2: =IFERROR(VLOOKUP(MM2&"-"&MN2, Sheet2!$E:$F, 2, FALSE), "") | MS2: No | MT2: - | MZ2: =IFERROR(VLOOKUP(MX2&"-"&MY2, Sheet2!$E:$F, 2, FALSE), "") | NF2: =IFERROR(VLOOKUP(ND2&"-"&NE2, Sheet2!$E:$F, 2, FALSE), "") | NK2: No | NL2: - | NR2: =IFERROR(VLOOKUP(NP2&"-"&NQ2, Sheet2!$E:$F, 2, FALSE), "") | NX2: =IFERROR(VLOOKUP(NV2&"-"&NW2, Sheet2!$E:$F, 2, FALSE), "") | OD2: =IFERROR(VLOOKUP(OB2&"-"&OC2, Sheet2!$E:$F, 2, FALSE), "") | OH2: No | OI2: - | OO2: =IFERROR(VLOOKUP(OM2&"-"&ON2, Sheet2!$E:$F, 2, FALSE), "") | OU2: =IFERROR(VLOOKUP(OS2&"-"&OT2, Sheet2!$E:$F, 2, FALSE), "")
C3: No | D3: - | M3: =IFERROR(VLOOKUP(K3&"-"&L3, Sheet2!$E:$F, 2, FALSE), "") | S3: =IFERROR(VLOOKUP(Q3&"-"&R3, Sheet2!$E:$F, 2, FALSE), "") | Z3: =IFERROR(VLOOKUP(X3&"-"&Y3, Sheet2!$E:$F, 2, FALSE), "") | AD3: No | AE3: - | AJ3: =IFERROR(VLOOKUP(AH3&"-"&AI3, Sheet2!$E:$F, 2, FALSE), "") | AP3: =IFERROR(VLOOKUP(AN3&"-"&AO3, Sheet2!$E:$F, 2, FALSE), "") | AU3: No | AV3: - | BA3: =IFERROR(VLOOKUP(AY3&"-"&AZ3, Sheet2!$E:$F, 2, FALSE), "") | BH3: =IFERROR(VLOOKUP(BF3&"-"&BG3, Sheet2!$E:$F, 2, FALSE), "") | BN3: =IFERROR(VLOOKUP(BL3&"-"&BM3, Sheet2!$E:$F, 2, FALSE), "") | BS3: No | BT3: - | BY3: =IFERROR(VLOOKUP(BW3&"-"&BX3, Sheet2!$E:$F, 2, FALSE), "") | CF3: =IFERROR(VLOOKUP(CD3&"-"&CE3, Sheet2!$E:$F, 2, FALSE), "") | CK3: No | CL3: - | CQ3: =IFERROR(VLOOKUP(CO3&"-"&CP3, Sheet2!$E:$F, 2, FALSE), "") | CX3: =IFERROR(VLOOKUP(CV3&"-"&CW3, Sheet2!$E:$F, 2, FALSE), "") | DE3: =IFERROR(VLOOKUP(DC3&"-"&DD3, Sheet2!$E:$F, 2, FALSE), "") | DJ3: No | DK3: - | DQ3: =IFERROR(VLOOKUP(DO3&"-"&DP3, Sheet2!$E:$F, 2, FALSE), "") | DV3: =IFERROR(VLOOKUP(DT3&"-"&DU3, Sheet2!$E:$F, 2, FALSE), "") | EA3: No | EB3: - | EG3: =IFERROR(VLOOKUP(EE3&"-"&EF3, Sheet2!$E:$F, 2, FALSE), "") | EN3: =IFERROR(VLOOKUP(EL3&"-"&EM3, Sheet2!$E:$F, 2, FALSE), "") | ET3: =IFERROR(VLOOKUP(ER3&"-"&ES3, Sheet2!$E:$F, 2, FALSE), "") | EX3: No | EY3: - | FD3: =IFERROR(VLOOKUP(FB3&"-"&FC3, Sheet2!$E:$F, 2, FALSE), "") | FJ3: =IFERROR(VLOOKUP(FH3&"-"&FI3, Sheet2!$E:$F, 2, FALSE), "") | FO3: No | FP3: - | FU3: =IFERROR(VLOOKUP(FS3&"-"&FT3, Sheet2!$E:$F, 2, FALSE), "") | GA3: =IFERROR(VLOOKUP(FY3&"-"&FZ3, Sheet2!$E:$F, 2, FALSE), "") | GG3: =IFERROR(VLOOKUP(GE3&"-"&GF3, Sheet2!$E:$F, 2, FALSE), "") | GK3: No | GL3: - | GR3: =IFERROR(VLOOKUP(GP3&"-"&GQ3, Sheet2!$E:$F, 2, FALSE), "") | GX3: =IFERROR(VLOOKUP(GV3&"-"&GW3, Sheet2!$E:$F, 2, FALSE), "") | HC3: No | HD3: - | HJ3: =IFERROR(VLOOKUP(HH3&"-"&HI3, Sheet2!$E:$F, 2, FALSE), "") | HP3: =IFERROR(VLOOKUP(HN3&"-"&HO3, Sheet2!$E:$F, 2, FALSE), "") | HV3: =IFERROR(VLOOKUP(HT3&"-"&HU3, Sheet2!$E:$F, 2, FALSE), "") | HZ3: No | IA3: - | IG3: =IFERROR(VLOOKUP(IE3&"-"&IF3, Sheet2!$E:$F, 2, FALSE), "") | IM3: =IFERROR(VLOOKUP(IK3&"-"&IL3, Sheet2!$E:$F, 2, FALSE), "") | IR3: No | IS3: - | IY3: =IFERROR(VLOOKUP(IW3&"-"&IX3, Sheet2!$E:$F, 2, FALSE), "") | JE3: =IFERROR(VLOOKUP(JC3&"-"&JD3, Sheet2!$E:$F, 2, FALSE), "") | JK3: =IFERROR(VLOOKUP(JI3&"-"&JJ3, Sheet2!$E:$F, 2, FALSE), "") | JO3: No | JP3: - | JV3: =IFERROR(VLOOKUP(JT3&"-"&JU3, Sheet2!$E:$F, 2, FALSE), "") | KB3: =IFERROR(VLOOKUP(JZ3&"-"&KA3, Sheet2!$E:$F, 2, FALSE), "") | KG3: No | KH3: - | KN3: =IFERROR(VLOOKUP(KL3&"-"&KM3, Sheet2!$E:$F, 2, FALSE), "") | KT3: =IFERROR(VLOOKUP(KR3&"-"&KS3, Sheet2!$E:$F, 2, FALSE), "") | KZ3: =IFERROR(VLOOKUP(KX3&"-"&KY3, Sheet2!$E:$F, 2, FALSE), "") | LD3: No | LE3: - | LK3: =IFERROR(VLOOKUP(LI3&"-"&LJ3, Sheet2!$E:$F, 2, FALSE), "") | LQ3: =IFERROR(VLOOKUP(LO3&"-"&LP3, Sheet2!$E:$F, 2, FALSE), "") | LV3: No | LW3: - | MC3: =IFERROR(VLOOKUP(MA3&"-"&MB3, Sheet2!$E:$F, 2, FALSE), "") | MI3: =IFERROR(VLOOKUP(MG3&"-"&MH3, Sheet2!$E:$F, 2, FALSE), "") | MO3: =IFERROR(VLOOKUP(MM3&"-"&MN3, Sheet2!$E:$F, 2, FALSE), "") | MS3: No | MT3: - | MZ3: =IFERROR(VLOOKUP(MX3&"-"&MY3, Sheet2!$E:$F, 2, FALSE), "") | NF3: =IFERROR(VLOOKUP(ND3&"-"&NE3, Sheet2!$E:$F, 2, FALSE), "") | NK3: No | NL3: - | NR3: =IFERROR(VLOOKUP(NP3&"-"&NQ3, Sheet2!$E:$F, 2, FALSE), "") | NX3: =IFERROR(VLOOKUP(NV3&"-"&NW3, Sheet2!$E:$F, 2, FALSE), "") | OD3: =IFERROR(VLOOKUP(OB3&"-"&OC3, Sheet2!$E:$F, 2, FALSE), "") | OH3: No | OI3: - | OO3: =IFERROR(VLOOKUP(OM3&"-"&ON3, Sheet2!$E:$F, 2, FALSE), "") | OU3: =IFERROR(VLOOKUP(OS3&"-"&OT3, Sheet2!$E:$F, 2, FALSE), "")
C4: No | D4: - | M4: =IFERROR(VLOOKUP(K4&"-"&L4, Sheet2!$E:$F, 2, FALSE), "") | S4: =IFERROR(VLOOKUP(Q4&"-"&R4, Sheet2!$E:$F, 2, FALSE), "") | Z4: =IFERROR(VLOOKUP(X4&"-"&Y4, Sheet2!$E:$F, 2, FALSE), "") | AD4: No | AE4: - | AJ4: =IFERROR(VLOOKUP(AH4&"-"&AI4, Sheet2!$E:$F, 2, FALSE), "") | AP4: =IFERROR(VLOOKUP(AN4&"-"&AO4, Sheet2!$E:$F, 2, FALSE), "") | AU4: No | AV4: - | BA4: =IFERROR(VLOOKUP(AY4&"-"&AZ4, Sheet2!$E:$F, 2, FALSE), "") | BH4: =IFERROR(VLOOKUP(BF4&"-"&BG4, Sheet2!$E:$F, 2, FALSE), "") | BN4: =IFERROR(VLOOKUP(BL4&"-"&BM4, Sheet2!$E:$F, 2, FALSE), "") | BS4: No | BT4: - | BY4: =IFERROR(VLOOKUP(BW4&"-"&BX4, Sheet2!$E:$F, 2, FALSE), "") | CF4: =IFERROR(VLOOKUP(CD4&"-"&CE4, Sheet2!$E:$F, 2, FALSE), "") | CK4: No | CL4: - | CQ4: =IFERROR(VLOOKUP(CO4&"-"&CP4, Sheet2!$E:$F, 2, FALSE), "") | CX4: =IFERROR(VLOOKUP(CV4&"-"&CW4, Sheet2!$E:$F, 2, FALSE), "") | DE4: =IFERROR(VLOOKUP(DC4&"-"&DD4, Sheet2!$E:$F, 2, FALSE), "") | DJ4: No | DK4: - | DQ4: =IFERROR(VLOOKUP(DO4&"-"&DP4, Sheet2!$E:$F, 2, FALSE), "") | DV4: =IFERROR(VLOOKUP(DT4&"-"&DU4, Sheet2!$E:$F, 2, FALSE), "") | EA4: No | EB4: - | EG4: =IFERROR(VLOOKUP(EE4&"-"&EF4, Sheet2!$E:$F, 2, FALSE), "") | EN4: =IFERROR(VLOOKUP(EL4&"-"&EM4, Sheet2!$E:$F, 2, FALSE), "") | ET4: =IFERROR(VLOOKUP(ER4&"-"&ES4, Sheet2!$E:$F, 2, FALSE), "") | EX4: No | EY4: - | FD4: =IFERROR(VLOOKUP(FB4&"-"&FC4, Sheet2!$E:$F, 2, FALSE), "") | FJ4: =IFERROR(VLOOKUP(FH4&"-"&FI4, Sheet2!$E:$F, 2, FALSE), "") | FO4: No | FP4: - | FU4: =IFERROR(VLOOKUP(FS4&"-"&FT4, Sheet2!$E:$F, 2, FALSE), "") | GA4: =IFERROR(VLOOKUP(FY4&"-"&FZ4, Sheet2!$E:$F, 2, FALSE), "") | GG4: =IFERROR(VLOOKUP(GE4&"-"&GF4, Sheet2!$E:$F, 2, FALSE), "") | GK4: No | GL4: - | GR4: =IFERROR(VLOOKUP(GP4&"-"&GQ4, Sheet2!$E:$F, 2, FALSE), "") | GX4: =IFERROR(VLOOKUP(GV4&"-"&GW4, Sheet2!$E:$F, 2, FALSE), "") | HC4: No | HD4: - | HJ4: =IFERROR(VLOOKUP(HH4&"-"&HI4, Sheet2!$E:$F, 2, FALSE), "") | HP4: =IFERROR(VLOOKUP(HN4&"-"&HO4, Sheet2!$E:$F, 2, FALSE), "") | HV4: =IFERROR(VLOOKUP(HT4&"-"&HU4, Sheet2!$E:$F, 2, FALSE), "") | HZ4: No | IA4: - | IG4: =IFERROR(VLOOKUP(IE4&"-"&IF4, Sheet2!$E:$F, 2, FALSE), "") | IM4: =IFERROR(VLOOKUP(IK4&"-"&IL4, Sheet2!$E:$F, 2, FALSE), "") | IR4: No | IS4: - | IY4: =IFERROR(VLOOKUP(IW4&"-"&IX4, Sheet2!$E:$F, 2, FALSE), "") | JE4: =IFERROR(VLOOKUP(JC4&"-"&JD4, Sheet2!$E:$F, 2, FALSE), "") | JK4: =IFERROR(VLOOKUP(JI4&"-"&JJ4, Sheet2!$E:$F, 2, FALSE), "") | JO4: No | JP4: - | JV4: =IFERROR(VLOOKUP(JT4&"-"&JU4, Sheet2!$E:$F, 2, FALSE), "") | KB4: =IFERROR(VLOOKUP(JZ4&"-"&KA4, Sheet2!$E:$F, 2, FALSE), "") | KG4: No | KH4: - | KN4: =IFERROR(VLOOKUP(KL4&"-"&KM4, Sheet2!$E:$F, 2, FALSE), "") | KT4: =IFERROR(VLOOKUP(KR4&"-"&KS4, Sheet2!$E:$F, 2, FALSE), "") | KZ4: =IFERROR(VLOOKUP(KX4&"-"&KY4, Sheet2!$E:$F, 2, FALSE), "") | LD4: No | LE4: - | LK4: =IFERROR(VLOOKUP(LI4&"-"&LJ4, Sheet2!$E:$F, 2, FALSE), "") | LQ4: =IFERROR(VLOOKUP(LO4&"-"&LP4, Sheet2!$E:$F, 2, FALSE), "") | LV4: No | LW4: - | MC4: =IFERROR(VLOOKUP(MA4&"-"&MB4, Sheet2!$E:$F, 2, FALSE), "") | MI4: =IFERROR(VLOOKUP(MG4&"-"&MH4, Sheet2!$E:$F, 2, FALSE), "") | MO4: =IFERROR(VLOOKUP(MM4&"-"&MN4, Sheet2!$E:$F, 2, FALSE), "") | MS4: No | MT4: - | MZ4: =IFERROR(VLOOKUP(MX4&"-"&MY4, Sheet2!$E:$F, 2, FALSE), "") | NF4: =IFERROR(VLOOKUP(ND4&"-"&NE4, Sheet2!$E:$F, 2, FALSE), "") | NK4: No | NL4: - | NR4: =IFERROR(VLOOKUP(NP4&"-"&NQ4, Sheet2!$E:$F, 2, FALSE), "") | NX4: =IFERROR(VLOOKUP(NV4&"-"&NW4, Sheet2!$E:$F, 2, FALSE), "") | OD4: =IFERROR(VLOOKUP(OB4&"-"&OC4, Sheet2!$E:$F, 2, FALSE), "") | OH4: No | OI4: - | OO4: =IFERROR(VLOOKUP(OM4&"-"&ON4, Sheet2!$E:$F, 2, FALSE), "") | OU4: =IFERROR(VLOOKUP(OS4&"-"&OT4, Sheet2!$E:$F, 2, FALSE), "")
C5: No | D5: - | M5: =IFERROR(VLOOKUP(K5&"-"&L5, Sheet2!$E:$F, 2, FALSE), "") | S5: =IFERROR(VLOOKUP(Q5&"-"&R5, Sheet2!$E:$F, 2, FALSE), "") | Z5: =IFERROR(VLOOKUP(X5&"-"&Y5, Sheet2!$E:$F, 2, FALSE), "") | AD5: No | AE5: - | AJ5: =IFERROR(VLOOKUP(AH5&"-"&AI5, Sheet2!$E:$F, 2, FALSE), "") | AP5: =IFERROR(VLOOKUP(AN5&"-"&AO5, Sheet2!$E:$F, 2, FALSE), "") | AU5: No | AV5: - | BA5: =IFERROR(VLOOKUP(AY5&"-"&AZ5, Sheet2!$E:$F, 2, FALSE), "") | BH5: =IFERROR(VLOOKUP(BF5&"-"&BG5, Sheet2!$E:$F, 2, FALSE), "") | BN5: =IFERROR(VLOOKUP(BL5&"-"&BM5, Sheet2!$E:$F, 2, FALSE), "") | BS5: No | BT5: - | BY5: =IFERROR(VLOOKUP(BW5&"-"&BX5, Sheet2!$E:$F, 2, FALSE), "") | CF5: =IFERROR(VLOOKUP(CD5&"-"&CE5, Sheet2!$E:$F, 2, FALSE), "") | CK5: No | CL5: - | CQ5: =IFERROR(VLOOKUP(CO5&"-"&CP5, Sheet2!$E:$F, 2, FALSE), "") | CX5: =IFERROR(VLOOKUP(CV5&"-"&CW5, Sheet2!$E:$F, 2, FALSE), "") | DE5: =IFERROR(VLOOKUP(DC5&"-"&DD5, Sheet2!$E:$F, 2, FALSE), "") | DJ5: No | DK5: - | DQ5: =IFERROR(VLOOKUP(DO5&"-"&DP5, Sheet2!$E:$F, 2, FALSE), "") | DV5: =IFERROR(VLOOKUP(DT5&"-"&DU5, Sheet2!$E:$F, 2, FALSE), "") | EA5: No | EB5: - | EG5: =IFERROR(VLOOKUP(EE5&"-"&EF5, Sheet2!$E:$F, 2, FALSE), "") | EN5: =IFERROR(VLOOKUP(EL5&"-"&EM5, Sheet2!$E:$F, 2, FALSE), "") | ET5: =IFERROR(VLOOKUP(ER5&"-"&ES5, Sheet2!$E:$F, 2, FALSE), "") | EX5: No | EY5: - | FD5: =IFERROR(VLOOKUP(FB5&"-"&FC5, Sheet2!$E:$F, 2, FALSE), "") | FJ5: =IFERROR(VLOOKUP(FH5&"-"&FI5, Sheet2!$E:$F, 2, FALSE), "") | FO5: No | FP5: - | FU5: =IFERROR(VLOOKUP(FS5&"-"&FT5, Sheet2!$E:$F, 2, FALSE), "") | GA5: =IFERROR(VLOOKUP(FY5&"-"&FZ5, Sheet2!$E:$F, 2, FALSE), "") | GG5: =IFERROR(VLOOKUP(GE5&"-"&GF5, Sheet2!$E:$F, 2, FALSE), "") | GK5: No | GL5: - | GR5: =IFERROR(VLOOKUP(GP5&"-"&GQ5, Sheet2!$E:$F, 2, FALSE), "") | GX5: =IFERROR(VLOOKUP(GV5&"-"&GW5, Sheet2!$E:$F, 2, FALSE), "") | HC5: No | HD5: - | HJ5: =IFERROR(VLOOKUP(HH5&"-"&HI5, Sheet2!$E:$F, 2, FALSE), "") | HP5: =IFERROR(VLOOKUP(HN5&"-"&HO5, Sheet2!$E:$F, 2, FALSE), "") | HV5: =IFERROR(VLOOKUP(HT5&"-"&HU5, Sheet2!$E:$F, 2, FALSE), "") | HZ5: No | IA5: - | IG5: =IFERROR(VLOOKUP(IE5&"-"&IF5, Sheet2!$E:$F, 2, FALSE), "") | IM5: =IFERROR(VLOOKUP(IK5&"-"&IL5, Sheet2!$E:$F, 2, FALSE), "") | IR5: No | IS5: - | IY5: =IFERROR(VLOOKUP(IW5&"-"&IX5, Sheet2!$E:$F, 2, FALSE), "") | JE5: =IFERROR(VLOOKUP(JC5&"-"&JD5, Sheet2!$E:$F, 2, FALSE), "") | JK5: =IFERROR(VLOOKUP(JI5&"-"&JJ5, Sheet2!$E:$F, 2, FALSE), "") | JO5: No | JP5: - | JV5: =IFERROR(VLOOKUP(JT5&"-"&JU5, Sheet2!$E:$F, 2, FALSE), "") | KB5: =IFERROR(VLOOKUP(JZ5&"-"&KA5, Sheet2!$E:$F, 2, FALSE), "") | KG5: No | KH5: - | KN5: =IFERROR(VLOOKUP(KL5&"-"&KM5, Sheet2!$E:$F, 2, FALSE), "") | KT5: =IFERROR(VLOOKUP(KR5&"-"&KS5, Sheet2!$E:$F, 2, FALSE), "") | KZ5: =IFERROR(VLOOKUP(KX5&"-"&KY5, Sheet2!$E:$F, 2, FALSE), "") | LD5: No | LE5: - | LK5: =IFERROR(VLOOKUP(LI5&"-"&LJ5, Sheet2!$E:$F, 2, FALSE), "") | LQ5: =IFERROR(VLOOKUP(LO5&"-"&LP5, Sheet2!$E:$F, 2, FALSE), "") | LV5: No | LW5: - | MC5: =IFERROR(VLOOKUP(MA5&"-"&MB5, Sheet2!$E:$F, 2, FALSE), "") | MI5: =IFERROR(VLOOKUP(MG5&"-"&MH5, Sheet2!$E:$F, 2, FALSE), "") | MO5: =IFERROR(VLOOKUP(MM5&"-"&MN5, Sheet2!$E:$F, 2, FALSE), "") | MS5: No | MT5: - | MZ5: =IFERROR(VLOOKUP(MX5&"-"&MY5, Sheet2!$E:$F, 2, FALSE), "") | NF5: =IFERROR(VLOOKUP(ND5&"-"&NE5, Sheet2!$E:$F, 2, FALSE), "") | NK5: No | NL5: - | NR5: =IFERROR(VLOOKUP(NP5&"-"&NQ5, Sheet2!$E:$F, 2, FALSE), "") | NX5: =IFERROR(VLOOKUP(NV5&"-"&NW5, Sheet2!$E:$F, 2, FALSE), "") | OD5: =IFERROR(VLOOKUP(OB5&"-"&OC5, Sheet2!$E:$F, 2, FALSE), "") | OH5: No | OI5: - | OO5: =IFERROR(VLOOKUP(OM5&"-"&ON5, Sheet2!$E:$F, 2, FALSE), "") | OU5: =IFERROR(VLOOKUP(OS5&"-"&OT5, Sheet2!$E:$F, 2, FALSE), "")
A6: John | B6: Carter | C6: Yes | D6: Revolutionary | E6: FL | F6: 100012 | G6: spacemanspiff@tampabay.rr.com | H6: Founding Member | I6: 21485 | J6: Dover, Kent, DE | K6: FL | L6: Palm Beach | M6: =IFERROR(VLOOKUP(K6&"-"&L6, Sheet2!$E:$F, 2, FALSE), "") -> 26.6476, -80.4655 | S6: =IFERROR(VLOOKUP(Q6&"-"&R6, Sheet2!$E:$F, 2, FALSE), "") | Z6: =IFERROR(VLOOKUP(X6&"-"&Y6, Sheet2!$E:$F, 2, FALSE), "") | AD6: No | AE6: - | AJ6: =IFERROR(VLOOKUP(AH6&"-"&AI6, Sheet2!$E:$F, 2, FALSE), "") | AP6: =IFERROR(VLOOKUP(AN6&"-"&AO6, Sheet2!$E:$F, 2, FALSE), "") | AR6: Record copy, National Society Sons of the America Revolution application of John Cyrus Carter (National member #132102), showing descent from John Durham, Sr (SAR Patriot #P-151685; DAR Patriot #208659). | AS6: John Clayton | AT6: Carter | AU6: No | AV6: - | AW6: 11999 | AX6: Greenwich, Cumberland, NJ | BA6: =IFERROR(VLOOKUP(AY6&"-"&AZ6, Sheet2!$E:$F, 2, FALSE), "") | BD6: 36601 | BE6: Colorado Springs, El Paso, CO | BH6: =IFERROR(VLOOKUP(BF6&"-"&BG6, Sheet2!$E:$F, 2, FALSE), "") | BJ6: 21196 | BK6: Bridgeton, Cumberland, NJ | BN6: =IFERROR(VLOOKUP(BL6&"-"&BM6, Sheet2!$E:$F, 2, FALSE), "") | BQ6: Christine | BR6: Harris | BS6: No | BT6: - | BU6: 11172 | BV6: Coxton, Harlan Ce, KY | BY6: =IFERROR(VLOOKUP(BW6&"-"&BX6, Sheet2!$E:$F, 2, FALSE), "") | CB6: 35402 | CC6: Madison, Boone Co, WV | CF6: =IFERROR(VLOOKUP(CD6&"-"&CE6, Sheet2!$E:$F, 2, FALSE), "") | CH6: Record copy, National Society Sons of the America Revolution application of John Cyrus Carter (National member #132102), showing descent from John Durham, Sr (SAR Patriot #P-151685; DAR Patriot #208659). | CI6: Hopewell | CJ6: Carter | CK6: No | CL6: - | CM6: 3031 | CN6: Cheswold, Kent, DE | CQ6: =IFERROR(VLOOKUP(CO6&"-"&CP6, Sheet2!$E:$F, 2, FALSE), "") | CT6: 24775 | CU6: Winslow, Camden Co, NJ | CX6: =IFERROR(VLOOKUP(CV6&"-"&CW6, Sheet2!$E:$F, 2, FALSE), "") | DA6: 10740 | DB6: Bridgeton, Cumberland Co, NJ | DE6: =IFERROR(VLOOKUP(DC6&"-"&DD6, Sheet2!$E:$F, 2, FALSE), "") | DH6: Lethia Harriett | DI6: Coker | DJ6: No | DK6: - | DM6: 4597 | DN6: Dover, Kent Ca, DE | DQ6: =IFERROR(VLOOKUP(DO6&"-"&DP6, Sheet2!$E:$F, 2, FALSE), "") | DR6: 31721 | DS6: Bridgeton,C umberlandC o,N | DV6: =IFERROR(VLOOKUP(DT6&"-"&DU6, Sheet2!$E:$F, 2, FALSE), "") | DX6: Record copy, National Society Sons of the America Revolution application of John Cyrus Carter (National member #132102), showing descent from John Durham, Sr (SAR Patriot #P-151685; DAR Patriot #208659). | DY6: John Clayton | DZ6: Carter | EA6: No | EB6: - | EC6: 23 Apr 1884 | ED6: DE | EG6: =IFERROR(VLOOKUP(EE6&"-"&EF6, Sheet2!$E:$F, 2, FALSE), "") | EJ6: 5522 | EK6: Cheswotd, Kent Ce, DE | EN6: =IFERROR(VLOOKUP(EL6&"-"&EM6, Sheet2!$E:$F, 2, FALSE), "") | EP6: 2965 | EQ6: Kent Ce, DE | ET6: =IFERROR(VLOOKUP(ER6&"-"&ES6, Sheet2!$E:$F, 2, FALSE), "") | EV6: Phebe | EW6: Carney | EX6: No | EY6: - | EZ6: 14 Den 1889 | FA6: Cheswdd, Kent Ce, DE | FD6: =IFERROR(VLOOKUP(FB6&"-"&FC6, Sheet2!$E:$F, 2, FALSE), "") | FF6: 24241 | FG6: FairfietdTownship, Cumberland Co, NJ | FJ6: =IFERROR(VLOOKUP(FH6&"-"&FI6, Sheet2!$E:$F, 2, FALSE), "") | FL6: Record copy, National Society Sons of the America Revolution application of John Cyrus Carter (National member #132102), showing descent from John Durham, Sr (SAR Patriot #P-151685; DAR Patriot #208659). | FM6: James Perry | FN6: Carter | FO6: No | FP6: - | FQ6: 21 Jul 1847 | FR6: Kent County, DE | FU6: =IFERROR(VLOOKUP(FS6&"-"&FT6, Sheet2!$E:$F, 2, FALSE), "") | FW6: 12654 | FX6: Kent County, DE | GA6: =IFERROR(VLOOKUP(FY6&"-"&FZ6, Sheet2!$E:$F, 2, FALSE), "") | GG6: =IFERROR(VLOOKUP(GE6&"-"&GF6, Sheet2!$E:$F, 2, FALSE), "") | GI6: Harriet | GJ6: Durham | GK6: No | GL6: - | GN6: 20 May 1851 | GO6: Kent County, DE | GR6: =IFERROR(VLOOKUP(GP6&"-"&GQ6, Sheet2!$E:$F, 2, FALSE), "") | GT6: 7662 | GU6: Kent County, DE | GX6: =IFERROR(VLOOKUP(GV6&"-"&GW6, Sheet2!$E:$F, 2, FALSE), "") | GZ6: Record copy, National Society Sons of the America Revolution application of John Cyrus Carter (National member #132102), showing descent from John Durham, Sr (SAR Patriot #P-151685; DAR Patriot #208659). | HA6: Joel | HB6: Durham | HC6: No | HD6: - | HF6: Jul 1819 | HG6: Dover, Kent Co, De | HJ6: =IFERROR(VLOOKUP(HH6&"-"&HI6, Sheet2!$E:$F, 2, FALSE), "") | HL6: 2970 | HM6: Dover, Kent Co, DE | HP6: =IFERROR(VLOOKUP(HN6&"-"&HO6, Sheet2!$E:$F, 2, FALSE), "") | HR6: 1838 | HV6: =IFERROR(VLOOKUP(HT6&"-"&HU6, Sheet2!$E:$F, 2, FALSE), "") | HX6: Margaret | HY6: Munce | HZ6: No | IA6: - | IB6: Muntz | IC6: 1817 | ID6: DE | IG6: =IFERROR(VLOOKUP(IE6&"-"&IF6, Sheet2!$E:$F, 2, FALSE), "") | II6: 14 Apr 1895 | IJ6: Dover, Kent Co, DE | IM6: =IFERROR(VLOOKUP(IK6&"-"&IL6, Sheet2!$E:$F, 2, FALSE), "") | IP6: Elisha | IQ6: Durham Sr. | IR6: No | IS6: - | IT6: Elijah | IU6: Feb 1794 | IV6: Dover, Kent Co, DE | IY6: =IFERROR(VLOOKUP(IW6&"-"&IX6, Sheet2!$E:$F, 2, FALSE), "") | JA6: 15 May 1864 | JB6: Dover, Kent Co, DE | JE6: =IFERROR(VLOOKUP(JC6&"-"&JD6, Sheet2!$E:$F, 2, FALSE), "") | JG6: 1819 | JH6: Kent Co, DE | JK6: =IFERROR(VLOOKUP(JI6&"-"&JJ6, Sheet2!$E:$F, 2, FALSE), "") | JM6: Hester | JN6: Conselor | JO6: No | JP6: - | JQ6: Concealler | JR6: 1787 | JS6: Kent Co, DE | JV6: =IFERROR(VLOOKUP(JT6&"-"&JU6, Sheet2!$E:$F, 2, FALSE), "") | JX6: 1845 | JY6: Kent Co, DE | KB6: =IFERROR(VLOOKUP(JZ6&"-"&KA6, Sheet2!$E:$F, 2, FALSE), "") | KD6: Record copy, National Society Sons of the America Revolution application of John Cyrus Carter (National member #132102), showing descent from John Durham, Sr (SAR Patriot #P-151685; DAR Patriot #208659). | KE6: Jeremiah | KF6: Conselor | KG6: No | KH6: - | KI6: Concealler | KJ6: 1779 | KN6: =IFERROR(VLOOKUP(KL6&"-"&KM6, Sheet2!$E:$F, 2, FALSE), "") | KQ6: Kent Co, DE | KT6: =IFERROR(VLOOKUP(KR6&"-"&KS6, Sheet2!$E:$F, 2, FALSE), "") | KZ6: =IFERROR(VLOOKUP(KX6&"-"&KY6, Sheet2!$E:$F, 2, FALSE), "") | LB6: Elizabeth | LD6: No | LE6: - | LK6: =IFERROR(VLOOKUP(LI6&"-"&LJ6, Sheet2!$E:$F, 2, FALSE), "") | LQ6: =IFERROR(VLOOKUP(LO6&"-"&LP6, Sheet2!$E:$F, 2, FALSE), "") | LS6: Record copy, National Society Sons of the America Revolution application of John Cyrus Carter (National member #132102), showing descent from John Durham, Sr (SAR Patriot #P-151685; DAR Patriot #208659). | LT6: Elijah | LU6: Conselor | LV6: No | LW6: - | LX6: Concealler | LY6: 1762 | MC6: =IFERROR(VLOOKUP(MA6&"-"&MB6, Sheet2!$E:$F, 2, FALSE), "") | ME6: 29 Dec 1801 | MF6: Kent Co, DE | MI6: =IFERROR(VLOOKUP(MG6&"-"&MH6, Sheet2!$E:$F, 2, FALSE), "") | ML6: Kent Co, DE | MO6: =IFERROR(VLOOKUP(MM6&"-"&MN6, Sheet2!$E:$F, 2, FALSE), "") | MQ6: Hannah | MR6: Durham | MS6: No | MT6: - | MW6: Kent Co, DE | MZ6: =IFERROR(VLOOKUP(MX6&"-"&MY6, Sheet2!$E:$F, 2, FALSE), "") | NB6: 29 Jun 1841 | NC6: Kent Co, DE | NF6: =IFERROR(VLOOKUP(ND6&"-"&NE6, Sheet2!$E:$F, 2, FALSE), "") | NH6: Record copy, National Society Sons of the America Revolution application of John Cyrus Carter (National member #132102), showing descent from John Durham, Sr (SAR Patriot #P-151685; DAR Patriot #208659). | NI6: John | NJ6: Durham Sr. | NK6: No | NL6: - | NN6: 1720 | NR6: =IFERROR(VLOOKUP(NP6&"-"&NQ6, Sheet2!$E:$F, 2, FALSE), "") | NT6: 13 May 1788 | NU6: Little Creek Hundred, Kent Co, DE | NX6: =IFERROR(VLOOKUP(NV6&"-"&NW6, Sheet2!$E:$F, 2, FALSE), "") | OD6: =IFERROR(VLOOKUP(OB6&"-"&OC6, Sheet2!$E:$F, 2, FALSE), "") | OH6: No | OI6: - | OO6: =IFERROR(VLOOKUP(OM6&"-"&ON6, Sheet2!$E:$F, 2, FALSE), "") | OU6: =IFERROR(VLOOKUP(OS6&"-"&OT6, Sheet2!$E:$F, 2, FALSE), "") | OW6: Record copy, National Society Sons of the America Revolution application of John Cyrus Carter (National member #132102), showing descent from John Durham, Sr (SAR Patriot #P-151685; DAR Patriot #208659).

Sheet Sheet2
A1: county | B1: state_id | C1: lat | D1: lng | E1: Lookup_Key | F1: Formatted_Coords | Z1: AK
A2: Aleutians East | B2: AK | C2: 55.3669 | D2: -161.9805 | E2: AK-Aleutians East | F2: 55.3669, -161.9805 | Z2: AL
A3: Aleutians West | B3: AK | C3: 52.7985 | D3: -106.5633 | E3: AK-Aleutians West | F3: 52.7985, -106.5633 | Z3: AR
A4: Anchorage | B4: AK | C4: 61.1498 | D4: -149.1082 | E4: AK-Anchorage | F4: 61.1498, -149.1082 | Z4: AZ
A5: Bethel | B5: AK | C5: 60.9132 | D5: -159.8186 | E5: AK-Bethel | F5: 60.9132, -159.8186 | Z5: CA
A6: Bristol Bay | B6: AK | C6: 58.7431 | D6: -156.7015 | E6: AK-Bristol Bay | F6: 58.7431, -156.7015 | Z6: CO
A7: Chugach | B7: AK | C7: 60.7233 | D7: -145.7583 | E7: AK-Chugach | F7: 60.7233, -145.7583 | Z7: CT
A8: Copper River | B8: AK | C8: 61.8855 | D8: -143.97 | E8: AK-Copper River | F8: 61.8855, -143.97 | Z8: DC
A9: Denali | B9: AK | C9: 63.6714 | D9: -150.0118 | E9: AK-Denali | F9: 63.6714, -150.0118 | Z9: DE
A10: Dillingham | B10: AK | C10: 59.8003 | D10: -158.2346 | E10: AK-Dillingham | F10: 59.8003, -158.2346 | Z10: FL
A11: Fairbanks North Star | B11: AK | C11: 64.8078 | D11: -146.5654 | E11: AK-Fairbanks North Star | F11: 64.8078, -146.5654 | Z11: GA
A12: Haines | B12: AK | C12: 59.1186 | D12: -135.5007 | E12: AK-Haines | F12: 59.1186, -135.5007 | Z12: HI
A13: Hoonah-Angoon | B13: AK | C13: 58.287 | D13: -135.6393 | E13: AK-Hoonah-Angoon | F13: 58.287, -135.6393 | Z13: IA
... A51: Covington | B51: AL | C51: 31.2485 | D51: -86.4513 | E51: AL-Covington | F51: 31.2485, -86.4513 | Z51: WY
A52: Crenshaw | B52: AL | C52: 31.7315 | D52: -86.3136 | E52: AL-Crenshaw | F52: 31.7315, -86.3136
A53: Cullman | B53: AL | C53: 34.1319 | D53: -86.8676 | E53: AL-Cullman | F53: 34.1319, -86.8676
A54: Dale | B54: AL | C54: 31.4318 | D54: -85.611 | E54: AL-Dale | F54: 31.4318, -85.611
A55: Dallas | B55: AL | C55: 32.326 | D55: -87.1065 | E55: AL-Dallas | F55: 32.326, -87.1065
A56: DeKalb | B56: AL | C56: 34.4598 | D56: -85.8041 | E56: AL-DeKalb | F56: 34.4598, -85.8041
A57: Elmore | B57: AL | C57: 32.5966 | D57: -86.1492 | E57: AL-Elmore | F57: 32.5966, -86.1492
A58: Escambia | B58: AL | C58: 31.1261 | D58: -87.1615 | E58: AL-Escambia | F58: 31.1261, -87.1615
A59: Etowah | B59: AL | C59: 34.0453 | D59: -86.0348 | E59: AL-Etowah | F59: 34.0453, -86.0348
A60: Fayette | B60: AL | C60: 33.7212 | D60: -87.7388 | E60: AL-Fayette | F60: 33.7212, -87.7388
A61: Franklin | B61: AL | C61: 34.4417 | D61: -87.8437 | E61: AL-Franklin | F61: 34.4417, -87.8437
A62: Geneva | B62: AL | C62: 31.095 | D62: -85.8391 | E62: AL-Geneva | F62: 31.095, -85.8391
A63: Greene | B63: AL | C63: 32.8531 | D63: -87.9522 | E63: AL-Greene | F63: 32.8531, -87.9522
... A3145: Weston | B3145: WY | C3145: 43.8404 | D3145: -104.5677 | E3145: WY-Weston | F3145: 43.8404, -104.5677
