Workbook
Name S_AK: Sheet2!$A$2:$A$31
Name S_AL: Sheet2!$A$32:$A$98
Name S_AR: Sheet2!$A$99:$A$173
Name S_AZ: Sheet2!$A$174:$A$188
Name S_CA: Sheet2!$A$189:$A$246
Name S_CO: Sheet2!$A$247:$A$310
Name S_CT: Sheet2!$A$311:$A$319
Name S_DC: Sheet2!$A$320:$A$320
Name S_DE: Sheet2!$A$321:$A$323
Name S_FL: Sheet2!$A$324:$A$390
Name S_GA: Sheet2!$A$391:$A$549
Name S_HI: Sheet2!$A$550:$A$554
Name S_IA: Sheet2!$A$555:$A$653
Name S_ID: Sheet2!$A$654:$A$697
Name S_IL: Sheet2!$A$698:$A$799
Name S_IN: Sheet2!$A$800:$A$891
Name S_KS: Sheet2!$A$892:$A$996
Name S_KY: Sheet2!$A$997:$A$1116
Name S_LA: Sheet2!$A$1117:$A$1180
Name S_MA: Sheet2!$A$1181:$A$1194
Name S_MD: Sheet2!$A$1195:$A$1218
Name S_ME: Sheet2!$A$1219:$A$1234
Name S_MI: Sheet2!$A$1235:$A$1317
Name S_MN: Sheet2!$A$1318:$A$1404
Name S_MO: Sheet2!$A$1405:$A$1519
Name S_MS: Sheet2!$A$1520:$A$1601
Name S_MT: Sheet2!$A$1602:$A$1657
Name S_NC: Sheet2!$A$1658:$A$1757
Name S_ND: Sheet2!$A$1758:$A$1810
Name S_NE: Sheet2!$A$1811:$A$1903
Name S_NH: Sheet2!$A$1904:$A$1913
Name S_NJ: Sheet2!$A$1914:$A$1934
Name S_NM: Sheet2!$A$1935:$A$1967
Name S_NV: Sheet2!$A$1968:$A$1984
Name S_NY: Sheet2!$A$1985:$A$2046
Name S_OH: Sheet2!$A$2047:$A$2134
Name S_OK: Sheet2!$A$2135:$A$2211
Name S_OR: Sheet2!$A$2212:$A$2247
Name S_PA: Sheet2!$A$2248:$A$2314
Name S_RI: Sheet2!$A$2315:$A$2319
Name S_SC: Sheet2!$A$2320:$A$2365
Name S_SD: Sheet2!$A$2366:$A$2431
Name S_TN: Sheet2!$A$2432:$A$2526
Name S_TX: Sheet2!$A$2527:$A$2780
Name S_UT: Sheet2!$A$2781:$A$2809
Name S_VA: Sheet2!$A$2810:$A$2942
Name S_VT: Sheet2!$A$2943:$A$2956
Name S_WA: Sheet2!$A$2957:$A$2995
Name S_WI: Sheet2!$A$2996:$A$3067
Name S_WV: Sheet2!$A$3068:$A$3122
Name S_WY: Sheet2!$A$3123:$A$3145

Sheet Member Report
A1: First Name | B1: Last Name | C1: State | D1: Contact Member # | E1: Email | F1: Contact Membership Type | G1: Gen 1: Birth Date | H1: City, County, State | I1: State | J1: County | K1: Coordinates | L1: Coordinate | M1: Race | N1: Ethnicity | O1: Military Service | P1: Branch | Q1: War | R1: Gen 1: Death Date | S1: City, County, State | T1: State | V1: Coordinates | X1: Coordinate | Y1: Documentation | Z1: Gen 1: Marriage Date | AA1: City, County, State | AB1: Coordinate | AC1: Gen 1: Spouse First Name | AD1: Gen 1: Spouse Surname/Maiden Name | AE1: Spouse Gen 1: Birth Date | AF1: City, County, State | AG1: Race | AH1: Ethnicity | AI1: Coordinate | AJ1: Spouse Gen 1: Death Date | AK1: City, County, State | AL1: Coordinate | AM1: Race | AN1: Ethnicity | AO1: Gen 2: Father's: First Name | AP1: Gen 2: Father's Surname | AQ1: Gen 2: Father's Birth Date | AR1: City, County, State | AS1: Coordinate | AT1: Race | AU1: Ethnicity | AW1: Military Service | AX1: Branch | AY1: War | AZ1: Gen 2: Father's Death Date | BA1: City, County, State | BB1: Coordinate | BC1: Gen 2: Father, Mother's Marriage Date | BD1: City, County, State | BE1: Coordinate | BF1: Gen 2: Mother's First Name | BG1: Gen 2: Mother's Surname/Maiden Name | BH1: Gen 2: Mother's Birth Date | BI1: City, County, State | BJ1: Coordinate | BK1: Gen 2: Mother's Death Date | BL1: City, County, State | BM1: Coordinate | BN1: Race | BO1: Documentation | BP1: Gen 3 Father: First Name | BQ1: Gen 3: Father Surname | BR1: Gen 3: Father's Birth Date | BS1: City, County, State | BT1: Coordinate | BU1: Race | BV1: Ethnicity | BW1: Military Service | BX1: Branch | BY1: War | BZ1: Gen 3: Father's Death Date | CA1: City, County, State | CB1: Coordinate | CC1: Gen 3: Father, Mother's Marriage Date | CD1: City, County, State | CE1: Coordinate | CF1: Race | CG1: Ethnicity | CH1: Military Service | CI1: Branch | CJ1: War | CK1: Gen 3: Mother's First Name | CL1: Gen 3: Mother's Surname/Maiden Name | CM1: Alias Name | CN1: Gen 3: Mother's Birth Date | CO1: City, County, State | CP1: Gen 3: Mother's Death Date | CQ1: City, County, State | CR1: Coordinate | CS1: Race | CT1: Ethnicity | CU1: Documentation | CV1: Gen 4 Father: First Name | CW1: Gen 4: Father Surname | CX1: Gen 4: Father's Birth Date | CY1: City, County, State | CZ1: Coordinate | DA1: Race | DB1: Ethnicity | DC1: Military Service | DD1: Branch | DE1: War | DF1: Gen 4: Father's Death Date | DG1: City, County, State | DH1: Coordinate | DI1: Gen 4: Father, Mother's Marriage Date | DJ1: City, County, State | DK1: Coordinate | DL1: Gen 4: Mother's First Name | DM1: Gen 4: Mother's Surname/Maiden Name | DN1: Gen 4: Mother's Birth Date | DO1: City, County, State | DP1: Coordinate | DQ1: Gen 4: Mother's Death Date | DR1: City, County, State | DS1: Coordinate | DT1: Race | DU1: Ethnicity | DV1: Documentation | DW1: Gen 5 Father: First Name | DX1: Gen 5: Father Surname | DY1: Gen 5: Father's Birth Date | DZ1: City, County, State | EA1: Coordinate | EB1: Race | EC1: Ethnicity | ED1: Military Service | EE1: Branch | EF1: War | EG1: Gen 5: Father's Death Date | EH1: City, County, State | EI1: Coordinate | EJ1: Gen 5: Father, Mother's Marriage Date | EK1: City, County, State | EL1: Coordinate | EM1: Gen 5: Mother's First Name | EN1: Gen 5: Mother's Surname/Maiden Name | EO1: Alias Name | EP1: Gen 5: Mother's Birth Date | EQ1: City, County, State | ER1: Coordinate | ES1: Gen 5: Mother's Death Date | ET1: City, County, State | EU1: Coordinate | EV1: Race | EW1: Ethnicity | EX1: Documentation | EY1: Gen 6 Father: First Name | EZ1: Gen 6: Father Surname | FA1: Alias Name | FB1: Gen 6: Father's Birth Date | FC1: City, County, State | FD1: Coordinate | FE1: Race | FF1: Ethnicity | FG1: Gen 6: Father's Death Date | FH1: City, County, State | FI1: Coordinate | FJ1: Gen 6: Father, Mother's Marriage Date | FK1: City, County, State | FL1: Coordinate | FM1: Gen 6: Mother's First Name | FN1: Gen 6: Mother's Surname/Maiden Name | FO1: Alias Name | FP1: Gen 6: Mother's Birth Date | FQ1: City, County, State | FR1: Coordinate | FS1: Gen 6: Mother's Death Date | FT1: City, County, State | FU1: Coordinate | FV1: Race | FW1: Ethnicty | FX1: Documentation | FY1: Gen 7 Father: First Name | FZ1: Gen 7: Father Surname | GA1: Alias Name | GB1: Gen 7: Father's Birth Date | GC1: City, County, State | GD1: Coordinate | GE1: Race | GF1: Ethnicity | GG1: Gen 7: Father's Death Date | GH1: City, County, State | GI1: Coordinate | GJ1: Race | GK1: Ethnicity | GL1: Gen 7: Father, Mother's Marriage Date | GM1: City, County, State | GN1: Coordinate | GO1: Gen 7: Mother's First Name | GP1: Gen 7: Mother's Surname/Maiden Name | GQ1: Alias Name | GR1: Gen 7: Mother's Birth Date | GS1: City, County, State | GT1: Coordinate | GU1: Gen 7: Mother's Death Date | GV1: City, County, State | GW1: Coordinate | GX1: Documentation | GY1: Gen 8 Father: First Name | GZ1: Gen 8: Father Surname | HA1: Alias Name | HB1: Gen 8: Father's Birth Date | HC1: City, County, State | HD1: Coordinate | HE1: Race | HF1: Ethnicity | HG1: Military Service | HH1: Branch | HI1: War | HJ1: Gen 8: Father's Death Date | HK1: City, County, State | HL1: Coordinate | HM1: Gen 8: Father, Mother's Marriage Date | HN1: City, County, State | HO1: Coordinate | HP1: Gen 8: Mother's First Name | HQ1: Gen 8: Mother's Surname/Maiden Name | HR1: Alias Name | HS1: Gen 8: Mother's Birth Date | HT1: City, County, State | HU1: Coordinate | HV1: Gen 8: Mother's Death Date | HW1: City, County, State | HX1: Coordinate | HY1: Documentation | HZ1: Gen 9 Father: First Name | IA1: Gen 9: Father Surname | IB1: Alias Name | IC1: Gen 9: Father's Birth Date | ID1: City, County, State | IE1: Coordinate | IF1: Race | IG1: Ethnicity | IH1: Military Service | II1: Branch | IJ1: War | IK1: Gen 9: Father's Death Date | IL1: City, County, State | IM1: Coordinate | IN1: Gen 9: Father, Mother's Marriage Date | IO1: City, County, State | IP1: Coordinate | IQ1: Gen 9: Mother's First Name | IR1: Gen 9: Mother's Surname/Maiden Name | IS1: Alias Name | IT1: Gen 9: Mother's Birth Date | IU1: City, County, State | IV1: Coordinate | IW1: Gen 9: Mother's Death Date | IX1: City, County, State | IY1: Coordinate | IZ1: Documentation | JA1: Gen 10 Father: First Name | JB1: Gen 10: Father Surname | JC1: Alias Name | JD1: Gen 10: Father's Birth Date | JE1: City, County, State | JF1: Coordinate | JG1: Race | JH1: Ethnicity | JI1: Military Service | JJ1: Branch | JK1: War | JL1: Gen 10: Father's Death Date | JM1: City, County, State | JN1: Coordinate | JO1: Gen 10: Father, Mother's Marriage Date | JP1: City, County, State | JQ1: Coordinate | JR1: Gen 10: Mother's First Name | JS1: Gen 10: Mother's Surname/Maiden Name | JT1: Alias Name | JU1: Gen 10: Mother's Birth Date | JV1: City, County, State | JW1: Coordinate | JX1: Gen 10: Mother's Death Date | JY1: City, County, State | JZ1: Coordinate | KA1: Documentation
A2: Ric | B2: Murphy | C2: No | D2: - | E2: VA | F2: 100001 | G2: ricmurphy1@aol.com | H2: Founding Member | I2: 22479 | J2: Boston, Suffolk, MA | K2: MA | L2: Suffolk | M2: =IFERROR(VLOOKUP(K2&"-"&L2, Sheet2!$E:$F, 2, FALSE), "") -> 42.3329, -71.0735 | N2: AZ | O2: Norfolk | Q2: 42_21_37_N_71_3_28_W | R2: Black | S2: Afrrican American | T2: No | V2: - | AA2: =IFERROR(VLOOKUP(Y2&"-"&Z2, Sheet2!$E:$F, 2, FALSE), "") | AB2: MA | AC2: Norfolk | AD2: 42.1603, -71.2118 | AL2: =IFERROR(VLOOKUP(AJ2&"-"&AK2, Sheet2!$E:$F, 2, FALSE), "") | AP2: No | AQ2: - | AV2: =IFERROR(VLOOKUP(AT2&"-"&AU2, Sheet2!$E:$F, 2, FALSE), "") | BD2: =IFERROR(VLOOKUP(BB2&"-"&BC2, Sheet2!$E:$F, 2, FALSE), "") | BF2: Record Copy NSSAR #165111, Add ACN 51405 and Record Copy NSDAR # 672791, Add. Vol. 1043 | BG2: Robert | BH2: Murphy | BI2: 9951 | BJ2: No | BK2: - | BL2: Boston, Suffolk, MA | BM2: 42_21_37_N_71_3_28_W | BP2: =IFERROR(VLOOKUP(BN2&"-"&BO2, Sheet2!$E:$F, 2, FALSE), "") | BT2: No | BV2: - | BW2: 3, 3, 1966 | BX2: Milton, Norfolk, MA | BY2: 42°15′00″N 71°04′00″W | CB2: =IFERROR(VLOOKUP(BZ2&"-"&CA2, Sheet2!$E:$F, 2, FALSE), "") | CC2: 18635 | CD2: Brockton, Plymouth, MA | CE2: 42°05′00″N 71°01′08″W | CH2: =IFERROR(VLOOKUP(CF2&"-"&CG2, Sheet2!$E:$F, 2, FALSE), "") | CI2: Joan | CJ2: Cornwall | CK2: 3, 3, 1929 | CL2: No | CM2: - | CN2: Brockton, Plymouth, MA | CO2: 42°05′00″N 71°01′08″W | CR2: =IFERROR(VLOOKUP(CP2&"-"&CQ2, Sheet2!$E:$F, 2, FALSE), "") | CX2: =IFERROR(VLOOKUP(CV2&"-"&CW2, Sheet2!$E:$F, 2, FALSE), "") | CZ2: Record Copy NSSAR #165111, Add ACN 51405 and Record Copy NSDAR # 672791, Add. Vol. 1043 | DA2: Harold | DB2: Cornwall | DC2: 1, 1, 1901 | DD2: No | DE2: - | DF2: Brockton, Plymouth, MA | DJ2: =IFERROR(VLOOKUP(DH2&"-"&DI2, Sheet2!$E:$F, 2, FALSE), "") | DM2: No | DO2: - | DP2: 11, 8, 1991 | DQ2: Brockton, Plymouth, MA | DR2: 42°05′00″N 71°01′08″W | DU2: =IFERROR(VLOOKUP(DS2&"-"&DT2, Sheet2!$E:$F, 2, FALSE), "") | DV2: 7, 11, 1924 | DW2: Brockton, Plymouth, MA | DX2: 42°05′00″N 71°01′08″W | EA2: =IFERROR(VLOOKUP(DY2&"-"&DZ2, Sheet2!$E:$F, 2, FALSE), "") | ED2: No | EF2: - | EG2: Marie | EH2: Howell | EJ2: No | EK2: - | EL2: 2577 | EM2: Brockton, Plymouth, MA | EN2: 3, 1, 2022 | EQ2: =IFERROR(VLOOKUP(EO2&"-"&EP2, Sheet2!$E:$F, 2, FALSE), "") | ER2: Brockton, Plymouth, MA | ES2: 42°05′00″N 71°01′08″W | EV2: =IFERROR(VLOOKUP(ET2&"-"&EU2, Sheet2!$E:$F, 2, FALSE), "") | EY2: Record Copy NSSAR #165111, Add ACN 51405 and Record Copy NSDAR # 672791, Add. Vol. 1043 | EZ2: Benjamin | FA2: CORNWALL | FB2: 06 Oct 1869 | FC2: No | FD2: - | FE2: Boston, Suffolk, MA | FF2: 42_21_37_N_71_3_28_W | FI2: =IFERROR(VLOOKUP(FG2&"-"&FH2, Sheet2!$E:$F, 2, FALSE), "") | FL2: No | FN2: - | FO2: 6680 | FP2: Brockton, Plymouth, MA | FQ2: 42°05′00″N 71°01′08″W | FT2: =IFERROR(VLOOKUP(FR2&"-"&FS2, Sheet2!$E:$F, 2, FALSE), "") | FU2: 2, 18, 1901 | FV2: Brockton, Plymouth, MA | FW2: 42°05′00″N 71°01′08″W | FZ2: =IFERROR(VLOOKUP(FX2&"-"&FY2, Sheet2!$E:$F, 2, FALSE), "") | GA2: Grace | GB2: Jackson | GC2: 25 Mar 1877 | GD2: No | GE2: - | GF2: Huntington, Suffolk, NY | GG2: 40°51′36″N 73°21′8″W | GJ2: =IFERROR(VLOOKUP(GH2&"-"&GI2, Sheet2!$E:$F, 2, FALSE), "") | GK2: 2, 24, 1946 | GL2: Brockton, Plymouth, MA | GM2: 42°05′00″N 71°01′08″W | GP2: =IFERROR(VLOOKUP(GN2&"-"&GO2, Sheet2!$E:$F, 2, FALSE), "") | GS2: Record Copy NSSAR #165111, Add ACN 51405 and Record Copy NSDAR # 672791, Add. Vol. 1043 | GT2: William | GU2: Cornwall | GV2: 12 Nov 1844 | GW2: No | GX2: - | GY2: Brockton, Plymouth, MA | GZ2: 42°05′00″N 71°01′08″W | HC2: =IFERROR(VLOOKUP(HA2&"-"&HB2, Sheet2!$E:$F, 2, FALSE), "") | HF2: No | HH2: - | HI2: 8, 21, 1926 | HJ2: Bridgewater, Plymouth, MA | HK2: 41_59_25_N_70_58_32_W | HN2: =IFERROR(VLOOKUP(HL2&"-"&HM2, Sheet2!$E:$F, 2, FALSE), "") | HO2: 22 Nov 1866 | HP2: Taunton, Bristol, MA | HT2: =IFERROR(VLOOKUP(HR2&"-"&HS2, Sheet2!$E:$F, 2, FALSE), "") | HU2: Martha | HV2: Hill | HX2: No | HY2: - | HZ2: ---- 1842 | IA2: Cambridge, Middlesex, MA | IE2: =IFERROR(VLOOKUP(IC2&"-"&ID2, Sheet2!$E:$F, 2, FALSE), "") | IF2: 2823 | IG2: Bridgewater, Plymouth, MA | IH2: 41_59_25_N_70_58_32_W | IK2: =IFERROR(VLOOKUP(II2&"-"&IJ2, Sheet2!$E:$F, 2, FALSE), "") | IN2: Record Copy NSSAR #165111, Add ACN 51405 and Record Copy NSDAR # 672791, Add. Vol. 1043 | IO2: Flushing | IP2: Cornwall | IR2: No | IS2: - | IT2: 25 Dec 1801 | IU2: St. Johns Parish, News Bruniswick, Canada | IY2: =IFERROR(VLOOKUP(IW2&"-"&IX2, Sheet2!$E:$F, 2, FALSE), "") | JB2: 19 Aug 1888 | JC2: Bridgewater, Plymouth, MA | JD2: 41_59_25_N_70_58_32_W | JG2: =IFERROR(VLOOKUP(JE2&"-"&JF2, Sheet2!$E:$F, 2, FALSE), "") | JH2: 10 May 1817 | JI2: Bridgewater, Plymouth, MA | JJ2: 41_59_25_N_70_58_32_W | JM2: =IFERROR(VLOOKUP(JK2&"-"&JL2, Sheet2!$E:$F, 2, FALSE), "") | JN2: Harriet | JO2: BROOKER | JQ2: No | JR2: - | JS2: 586 | JT2: Bridgewater, Plymouth, MA | JU2: 41_59_25_N_70_58_32_W | JX2: =IFERROR(VLOOKUP(JV2&"-"&JW2, Sheet2!$E:$F, 2, FALSE), "") | JY2: 19 Apr 1840 | JZ2: Brockton, Plymouth, MA | KD2: =IFERROR(VLOOKUP(KB2&"-"&KC2, Sheet2!$E:$F, 2, FALSE), "") | KG2: Record Copy NSSAR #165111, Add ACN 51405 and Record Copy NSDAR # 672791, Add. Vol. 1043 | KH2: Samuel Stanley | KI2: Brooker | KJ2: Bruker | KK2: No | KL2: - | KM2: 12 May 1795 | KN2: Bridgewater, Plymouth, MA | KR2: =IFERROR(VLOOKUP(KP2&"-"&KQ2, Sheet2!$E:$F, 2, FALSE), "") | KU2: 26 Feb 1838 | KV2: Boston, Suffolk, MA | KW2: 42_21_37_N_71_3_28_W | KZ2: =IFERROR(VLOOKUP(KX2&"-"&KY2, Sheet2!$E:$F, 2, FALSE), "") | LA2: Black | LB2: African American | LC2: 18 Oct 1818 | LD2: Boston, Suffolk, MA | LE2: 42_21_37_N_71_3_28_W | LH2: =IFERROR(VLOOKUP(LF2&"-"&LG2, Sheet2!$E:$F, 2, FALSE), "") | LI2: Philinda | LJ2: Russell | LK2: Lender | LL2: No | LM2: - | LN2: 21 Jan 1799 | LO2: Beverly, Essex, MA | LS2: =IFERROR(VLOOKUP(LQ2&"-"&LR2, Sheet2!$E:$F, 2, FALSE), "") | LT2: 23 Apr 1848 | LU2: Tauton, Bristol, MA | LY2: =IFERROR(VLOOKUP(LW2&"-"&LX2, Sheet2!$E:$F, 2, FALSE), "") | LZ2: Record Copy NSSAR #165111, Add ACN 51405 and Record Copy NSDAR # 672791, Add. Vol. 1043 | MA2: Caesar | MB2: Russell | MD2: No | ME2: - | MF2: 1756 | MK2: =IFERROR(VLOOKUP(MI2&"-"&MJ2, Sheet2!$E:$F, 2, FALSE), "") | MN2: No | MP2: - | MQ2: 20 Oct 1861 | MR2: Tauton, Bristol, MA | MV2: =IFERROR(VLOOKUP(MT2&"-"&MU2, Sheet2!$E:$F, 2, FALSE), "") | NB2: =IFERROR(VLOOKUP(MZ2&"-"&NA2, Sheet2!$E:$F, 2, FALSE), "") | NC2: Sally | ND2: Richardson | NF2: No | NG2: - | NM2: =IFERROR(VLOOKUP(NK2&"-"&NL2, Sheet2!$E:$F, 2, FALSE), "") | NS2: =IFERROR(VLOOKUP(NQ2&"-"&NR2, Sheet2!$E:$F, 2, FALSE), "") | NT2: Record Copy NSSAR #165111, Add ACN 51405 and Record Copy NSDAR # 672791, Add. Vol. 1043 | NX2: No | NY2: - | OE2: =IFERROR(VLOOKUP(OC2&"-"&OD2, Sheet2!$E:$F, 2, FALSE), "") | OH2: No | OJ2: - | OP2: =IFERROR(VLOOKUP(ON2&"-"&OO2, Sheet2!$E:$F, 2, FALSE), "") | OV2: =IFERROR(VLOOKUP(OT2&"-"&OU2, Sheet2!$E:$F, 2, FALSE), "") | OZ2: No | PA2: - | PG2: =IFERROR(VLOOKUP(PE2&"-"&PF2, Sheet2!$E:$F, 2, FALSE), "") | PM2: =IFERROR(VLOOKUP(PK2&"-"&PL2, Sheet2!$E:$F, 2, FALSE), "") | PN2: Record Copy NSSAR #165111, Add ACN 51405 and Record Copy NSDAR # 672791, Add. Vol. 1043 | PR2: No | PS2: - | PY2: =IFERROR(VLOOKUP(PW2&"-"&PX2, Sheet2!$E:$F, 2, FALSE), "") | QB2: No | QD2: - | QJ2: =IFERROR(VLOOKUP(QH2&"-"&QI2, Sheet2!$E:$F, 2, FALSE), "") | QP2: =IFERROR(VLOOKUP(QN2&"-"&QO2, Sheet2!$E:$F, 2, FALSE), "") | QT2: No | QU2: - | RA2: =IFERROR(VLOOKUP(QY2&"-"&QZ2, Sheet2!$E:$F, 2, FALSE), "") | RG2: =IFERROR(VLOOKUP(RE2&"-"&RF2, Sheet2!$E:$F, 2, FALSE), "") | RH2: Record Copy NSSAR #165111, Add ACN 51405 and Record Copy NSDAR # 672791, Add. Vol. 1043
A3: Douglas | B3: Cornwall | C3: No | D3: - | E3: CA | F3: 100002 | G3: dcornwall@outlook.com | H3: Founding Member | M3: =IFERROR(VLOOKUP(K3&"-"&L3, Sheet2!$E:$F, 2, FALSE), "") | N3: CA | O3: Norfolk | P3: 42.1603, -71.2118 | T3: No | V3: - | AA3: =IFERROR(VLOOKUP(Y3&"-"&Z3, Sheet2!$E:$F, 2, FALSE), "") | AB3: MA | AC3: Norfolk | AD3: 42.1603, -71.2118 | AE3: Norfolk | AL3: =IFERROR(VLOOKUP(AJ3&"-"&AK3, Sheet2!$E:$F, 2, FALSE), "") | AP3: No | AQ3: - | AV3: =IFERROR(VLOOKUP(AT3&"-"&AU3, Sheet2!$E:$F, 2, FALSE), "") | BD3: =IFERROR(VLOOKUP(BB3&"-"&BC3, Sheet2!$E:$F, 2, FALSE), "") | BJ3: No | BK3: - | BP3: =IFERROR(VLOOKUP(BN3&"-"&BO3, Sheet2!$E:$F, 2, FALSE), "") | BT3: No | BV3: - | CB3: =IFERROR(VLOOKUP(BZ3&"-"&CA3, Sheet2!$E:$F, 2, FALSE), "") | CH3: =IFERROR(VLOOKUP(CF3&"-"&CG3, Sheet2!$E:$F, 2, FALSE), "") | CL3: No | CM3: - | CR3: =IFERROR(VLOOKUP(CP3&"-"&CQ3, Sheet2!$E:$F, 2, FALSE), "") | CX3: =IFERROR(VLOOKUP(CV3&"-"&CW3, Sheet2!$E:$F, 2, FALSE), "") | DD3: No | DE3: - | DJ3: =IFERROR(VLOOKUP(DH3&"-"&DI3, Sheet2!$E:$F, 2, FALSE), "") | DM3: No | DO3: - | DU3: =IFERROR(VLOOKUP(DS3&"-"&DT3, Sheet2!$E:$F, 2, FALSE), "") | EA3: =IFERROR(VLOOKUP(DY3&"-"&DZ3, Sheet2!$E:$F, 2, FALSE), "") | ED3: No | EF3: - | EJ3: No | EK3: - | EQ3: =IFERROR(VLOOKUP(EO3&"-"&EP3, Sheet2!$E:$F, 2, FALSE), "") | EV3: =IFERROR(VLOOKUP(ET3&"-"&EU3, Sheet2!$E:$F, 2, FALSE), "") | FC3: No | FD3: - | FI3: =IFERROR(VLOOKUP(FG3&"-"&FH3, Sheet2!$E:$F, 2, FALSE), "") | FL3: No | FN3: - | FT3: =IFERROR(VLOOKUP(FR3&"-"&FS3, Sheet2!$E:$F, 2, FALSE), "") | FZ3: =IFERROR(VLOOKUP(FX3&"-"&FY3, Sheet2!$E:$F, 2, FALSE), "") | GD3: No | GE3: - | GJ3: =IFERROR(VLOOKUP(GH3&"-"&GI3, Sheet2!$E:$F, 2, FALSE), "") | GP3: =IFERROR(VLOOKUP(GN3&"-"&GO3, Sheet2!$E:$F, 2, FALSE), "") | GW3: No | GX3: - | HC3: =IFERROR(VLOOKUP(HA3&"-"&HB3, Sheet2!$E:$F, 2, FALSE), "") | HF3: No | HH3: - | HN3: =IFERROR(VLOOKUP(HL3&"-"&HM3, Sheet2!$E:$F, 2, FALSE), "") | HT3: =IFERROR(VLOOKUP(HR3&"-"&HS3, Sheet2!$E:$F, 2, FALSE), "") | HX3: No | HY3: - | IE3: =IFERROR(VLOOKUP(IC3&"-"&ID3, Sheet2!$E:$F, 2, FALSE), "") | IK3: =IFERROR(VLOOKUP(II3&"-"&IJ3, Sheet2!$E:$F, 2, FALSE), "") | IR3: No | IS3: - | IY3: =IFERROR(VLOOKUP(IW3&"-"&IX3, Sheet2!$E:$F, 2, FALSE), "") | JG3: =IFERROR(VLOOKUP(JE3&"-"&JF3, Sheet2!$E:$F, 2, FALSE), "") | JM3: =IFERROR(VLOOKUP(JK3&"-"&JL3, Sheet2!$E:$F, 2, FALSE), "") | JQ3: No | JR3: - | JX3: =IFERROR(VLOOKUP(JV3&"-"&JW3, Sheet2!$E:$F, 2, FALSE), "") | KD3: =IFERROR(VLOOKUP(KB3&"-"&KC3, Sheet2!$E:$F, 2, FALSE), "") | KK3: No | KL3: - | KR3: =IFERROR(VLOOKUP(KP3&"-"&KQ3, Sheet2!$E:$F, 2, FALSE), "") | KZ3: =IFERROR(VLOOKUP(KX3&"-"&KY3, Sheet2!$E:$F, 2, FALSE), "") | LH3: =IFERROR(VLOOKUP(LF3&"-"&LG3, Sheet2!$E:$F, 2, FALSE), "") | LL3: No | LM3: - | LS3: =IFERROR(VLOOKUP(LQ3&"-"&LR3, Sheet2!$E:$F, 2, FALSE), "") | LY3: =IFERROR(VLOOKUP(LW3&"-"&LX3, Sheet2!$E:$F, 2, FALSE), "") | MD3: No | ME3: - | MK3: =IFERROR(VLOOKUP(MI3&"-"&MJ3, Sheet2!$E:$F, 2, FALSE), "") | MN3: No | MP3: - | MV3: =IFERROR(VLOOKUP(MT3&"-"&MU3, Sheet2!$E:$F, 2, FALSE), "") | NB3: =IFERROR(VLOOKUP(MZ3&"-"&NA3, Sheet2!$E:$F, 2, FALSE), "") | NF3: No | NG3: - | NM3: =IFERROR(VLOOKUP(NK3&"-"&NL3, Sheet2!$E:$F, 2, FALSE), "") | NS3: =IFERROR(VLOOKUP(NQ3&"-"&NR3, Sheet2!$E:$F, 2, FALSE), "") | NX3: No | NY3: - | OE3: =IFERROR(VLOOKUP(OC3&"-"&OD3, Sheet2!$E:$F, 2, FALSE), "") | OH3: No | OJ3: - | OP3: =IFERROR(VLOOKUP(ON3&"-"&OO3, Sheet2!$E:$F, 2, FALSE), "") | OV3: =IFERROR(VLOOKUP(OT3&"-"&OU3, Sheet2!$E:$F, 2, FALSE), "") | OZ3: No | PA3: - | PG3: =IFERROR(VLOOKUP(PE3&"-"&PF3, Sheet2!$E:$F, 2, FALSE), "") | PM3: =IFERROR(VLOOKUP(PK3&"-"&PL3, Sheet2!$E:$F, 2, FALSE), "") | PR3: No | PS3: - | PY3: =IFERROR(VLOOKUP(PW3&"-"&PX3, Sheet2!$E:$F, 2, FALSE), "") | QB3: No | QD3: - | QJ3: =IFERROR(VLOOKUP(QH3&"-"&QI3, Sheet2!$E:$F, 2, FALSE), "") | QP3: =IFERROR(VLOOKUP(QN3&"-"&QO3, Sheet2!$E:$F, 2, FALSE), "") | QT3: No | QU3: - | RA3: =IFERROR(VLOOKUP(QY3&"-"&QZ3, Sheet2!$E:$F, 2, FALSE), "") | RG3: =IFERROR(VLOOKUP(RE3&"-"&RF3, Sheet2!$E:$F, 2, FALSE), "")
A4: Shelley | B4: Murphy | C4: No | D4: - | E4: VA | F4: 100003 | G4: shelleyviola@gmail.com | H4: Founding Member | M4: =IFERROR(VLOOKUP(K4&"-"&L4, Sheet2!$E:$F, 2, FALSE), "") | N4: AZ | O4: Norfolk | P4: 42.1603, -71.2118 | T4: No | V4: - | AA4: =IFERROR(VLOOKUP(Y4&"-"&Z4, Sheet2!$E:$F, 2, FALSE), "") | AB4: MA | AC4: Suffolk | AD4: 42.3329, -71.0735 | AL4: =IFERROR(VLOOKUP(AJ4&"-"&AK4, Sheet2!$E:$F, 2, FALSE), "") | AP4: No | AQ4: - | AV4: =IFERROR(VLOOKUP(AT4&"-"&AU4, Sheet2!$E:$F, 2, FALSE), "") | BD4: =IFERROR(VLOOKUP(BB4&"-"&BC4, Sheet2!$E:$F, 2, FALSE), "") | BJ4: No | BK4: - | BP4: =IFERROR(VLOOKUP(BN4&"-"&BO4, Sheet2!$E:$F, 2, FALSE), "") | BT4: No | BV4: - | CB4: =IFERROR(VLOOKUP(BZ4&"-"&CA4, Sheet2!$E:$F, 2, FALSE), "") | CH4: =IFERROR(VLOOKUP(CF4&"-"&CG4, Sheet2!$E:$F, 2, FALSE), "") | CL4: No | CM4: - | CR4: =IFERROR(VLOOKUP(CP4&"-"&CQ4, Sheet2!$E:$F, 2, FALSE), "") | CX4: =IFERROR(VLOOKUP(CV4&"-"&CW4, Sheet2!$E:$F, 2, FALSE), "") | DD4: No | DE4: - | DJ4: =IFERROR(VLOOKUP(DH4&"-"&DI4, Sheet2!$E:$F, 2, FALSE), "") | DM4: No | DO4: - | DU4: =IFERROR(VLOOKUP(DS4&"-"&DT4, Sheet2!$E:$F, 2, FALSE), "") | EA4: =IFERROR(VLOOKUP(DY4&"-"&DZ4, Sheet2!$E:$F, 2, FALSE), "") | ED4: No | EF4: - | EJ4: No | EK4: - | EQ4: =IFERROR(VLOOKUP(EO4&"-"&EP4, Sheet2!$E:$F, 2, FALSE), "") | EV4: =IFERROR(VLOOKUP(ET4&"-"&EU4, Sheet2!$E:$F, 2, FALSE), "") | FC4: No | FD4: - | FI4: =IFERROR(VLOOKUP(FG4&"-"&FH4, Sheet2!$E:$F, 2, FALSE), "") | FL4: No | FN4: - | FT4: =IFERROR(VLOOKUP(FR4&"-"&FS4, Sheet2!$E:$F, 2, FALSE), "") | FZ4: =IFERROR(VLOOKUP(FX4&"-"&FY4, Sheet2!$E:$F, 2, FALSE), "") | GD4: No | GE4: - | GJ4: =IFERROR(VLOOKUP(GH4&"-"&GI4, Sheet2!$E:$F, 2, FALSE), "") | GP4: =IFERROR(VLOOKUP(GN4&"-"&GO4, Sheet2!$E:$F, 2, FALSE), "") | GW4: No | GX4: - | HC4: =IFERROR(VLOOKUP(HA4&"-"&HB4, Sheet2!$E:$F, 2, FALSE), "") | HF4: No | HH4: - | HN4: =IFERROR(VLOOKUP(HL4&"-"&HM4, Sheet2!$E:$F, 2, FALSE), "") | HT4: =IFERROR(VLOOKUP(HR4&"-"&HS4, Sheet2!$E:$F, 2, FALSE), "") | HX4: No | HY4: - | IE4: =IFERROR(VLOOKUP(IC4&"-"&ID4, Sheet2!$E:$F, 2, FALSE), "") | IK4: =IFERROR(VLOOKUP(II4&"-"&IJ4, Sheet2!$E:$F, 2, FALSE), "") | IR4: No | IS4: - | IY4: =IFERROR(VLOOKUP(IW4&"-"&IX4, Sheet2!$E:$F, 2, FALSE), "") | JG4: =IFERROR(VLOOKUP(JE4&"-"&JF4, Sheet2!$E:$F, 2, FALSE), "") | JM4: =IFERROR(VLOOKUP(JK4&"-"&JL4, Sheet2!$E:$F, 2, FALSE), "") | JQ4: No | JR4: - | JX4: =IFERROR(VLOOKUP(JV4&"-"&JW4, Sheet2!$E:$F, 2, FALSE), "") | KD4: =IFERROR(VLOOKUP(KB4&"-"&KC4, Sheet2!$E:$F, 2, FALSE), "") | KK4: No | KL4: - | KR4: =IFERROR(VLOOKUP(KP4&"-"&KQ4, Sheet2!$E:$F, 2, FALSE), "") | KZ4: =IFERROR(VLOOKUP(KX4&"-"&KY4, Sheet2!$E:$F, 2, FALSE), "") | LH4: =IFERROR(VLOOKUP(LF4&"-"&LG4, Sheet2!$E:$F, 2, FALSE), "") | LL4: No | LM4: - | LS4: =IFERROR(VLOOKUP(LQ4&"-"&LR4, Sheet2!$E:$F, 2, FALSE), "") | LY4: =IFERROR(VLOOKUP(LW4&"-"&LX4, Sheet2!$E:$F, 2, FALSE), "") | MD4: No | ME4: - | MK4: =IFERROR(VLOOKUP(MI4&"-"&MJ4, Sheet2!$E:$F, 2, FALSE), "") | MN4: No | MP4: - | MV4: =IFERROR(VLOOKUP(MT4&"-"&MU4, Sheet2!$E:$F, 2, FALSE), "") | NB4: =IFERROR(VLOOKUP(MZ4&"-"&NA4, Sheet2!$E:$F, 2, FALSE), "") | NF4: No | NG4: - | NM4: =IFERROR(VLOOKUP(NK4&"-"&NL4, Sheet2!$E:$F, 2, FALSE), "") | NS4: =IFERROR(VLOOKUP(NQ4&"-"&NR4, Sheet2!$E:$F, 2, FALSE), "") | NX4: No | NY4: - | OE4: =IFERROR(VLOOKUP(OC4&"-"&OD4, Sheet2!$E:$F, 2, FALSE), "") | OH4: No | OJ4: - | OP4: =IFERROR(VLOOKUP(ON4&"-"&OO4, Sheet2!$E:$F, 2, FALSE), "") | OV4: =IFERROR(VLOOKUP(OT4&"-"&OU4, Sheet2!$E:$F, 2, FALSE), "") | OZ4: No | PA4: - | PG4: =IFERROR(VLOOKUP(PE4&"-"&PF4, Sheet2!$E:$F, 2, FALSE), "") | PM4: =IFERROR(VLOOKUP(PK4&"-"&PL4, Sheet2!$E:$F, 2, FALSE), "") | PR4: No | PS4: - | PY4: =IFERROR(VLOOKUP(PW4&"-"&PX4, Sheet2!$E:$F, 2, FALSE), "") | QB4: No | QD4: - | QJ4: =IFERROR(VLOOKUP(QH4&"-"&QI4, Sheet2!$E:$F, 2, FALSE), "") | QP4: =IFERROR(VLOOKUP(QN4&"-"&QO4, Sheet2!$E:$F, 2, FALSE), "") | QT4: No | QU4: - | RA4: =IFERROR(VLOOKUP(QY4&"-"&QZ4, Sheet2!$E:$F, 2, FALSE), "") | RG4: =IFERROR(VLOOKUP(RE4&"-"&RF4, Sheet2!$E:$F, 2, FALSE), "")
A5: Joyce | B5: Mosley | C5: No | D5: - | E5: PA | F5: 100005 | G5: joycemos355@gmail.com | H5: Founding Member | M5: =IFERROR(VLOOKUP(K5&"-"&L5, Sheet2!$E:$F, 2, FALSE), "") | N5: IL | O5: Norfolk | P5: 42.1603, -71.2118 | T5: No | V5: - | AA5: =IFERROR(VLOOKUP(Y5&"-"&Z5, Sheet2!$E:$F, 2, FALSE), "") | AB5: MA | AL5: =IFERROR(VLOOKUP(AJ5&"-"&AK5, Sheet2!$E:$F, 2, FALSE), "") | AP5: No | AQ5: - | AV5: =IFERROR(VLOOKUP(AT5&"-"&AU5, Sheet2!$E:$F, 2, FALSE), "") | BD5: =IFERROR(VLOOKUP(BB5&"-"&BC5, Sheet2!$E:$F, 2, FALSE), "") | BJ5: No | BK5: - | BP5: =IFERROR(VLOOKUP(BN5&"-"&BO5, Sheet2!$E:$F, 2, FALSE), "") | BT5: No | BV5: - | CB5: =IFERROR(VLOOKUP(BZ5&"-"&CA5, Sheet2!$E:$F, 2, FALSE), "") | CH5: =IFERROR(VLOOKUP(CF5&"-"&CG5, Sheet2!$E:$F, 2, FALSE), "") | CL5: No | CM5: - | CR5: =IFERROR(VLOOKUP(CP5&"-"&CQ5, Sheet2!$E:$F, 2, FALSE), "") | CX5: =IFERROR(VLOOKUP(CV5&"-"&CW5, Sheet2!$E:$F, 2, FALSE), "") | DD5: No | DE5: - | DJ5: =IFERROR(VLOOKUP(DH5&"-"&DI5, Sheet2!$E:$F, 2, FALSE), "") | DM5: No | DO5: - | DU5: =IFERROR(VLOOKUP(DS5&"-"&DT5, Sheet2!$E:$F, 2, FALSE), "") | EA5: =IFERROR(VLOOKUP(DY5&"-"&DZ5, Sheet2!$E:$F, 2, FALSE), "") | ED5: No | EF5: - | EJ5: No | EK5: - | EQ5: =IFERROR(VLOOKUP(EO5&"-"&EP5, Sheet2!$E:$F, 2, FALSE), "") | EV5: =IFERROR(VLOOKUP(ET5&"-"&EU5, Sheet2!$E:$F, 2, FALSE), "") | FC5: No | FD5: - | FI5: =IFERROR(VLOOKUP(FG5&"-"&FH5, Sheet2!$E:$F, 2, FALSE), "") | FL5: No | FN5: - | FT5: =IFERROR(VLOOKUP(FR5&"-"&FS5, Sheet2!$E:$F, 2, FALSE), "") | FZ5: =IFERROR(VLOOKUP(FX5&"-"&FY5, Sheet2!$E:$F, 2, FALSE), "") | GD5: No | GE5: - | GJ5: =IFERROR(VLOOKUP(GH5&"-"&GI5, Sheet2!$E:$F, 2, FALSE), "") | GP5: =IFERROR(VLOOKUP(GN5&"-"&GO5, Sheet2!$E:$F, 2, FALSE), "") | GW5: No | GX5: - | HC5: =IFERROR(VLOOKUP(HA5&"-"&HB5, Sheet2!$E:$F, 2, FALSE), "") | HF5: No | HH5: - | HN5: =IFERROR(VLOOKUP(HL5&"-"&HM5, Sheet2!$E:$F, 2, FALSE), "") | HT5: =IFERROR(VLOOKUP(HR5&"-"&HS5, Sheet2!$E:$F, 2, FALSE), "") | HX5: No | HY5: - | IE5: =IFERROR(VLOOKUP(IC5&"-"&ID5, Sheet2!$E:$F, 2, FALSE), "") | IK5: =IFERROR(VLOOKUP(II5&"-"&IJ5, Sheet2!$E:$F, 2, FALSE), "") | IR5: No | IS5: - | IY5: =IFERROR(VLOOKUP(IW5&"-"&IX5, Sheet2!$E:$F, 2, FALSE), "") | JG5: =IFERROR(VLOOKUP(JE5&"-"&JF5, Sheet2!$E:$F, 2, FALSE), "") | JM5: =IFERROR(VLOOKUP(JK5&"-"&JL5, Sheet2!$E:$F, 2, FALSE), "") | JQ5: No | JR5: - | JX5: =IFERROR(VLOOKUP(JV5&"-"&JW5, Sheet2!$E:$F, 2, FALSE), "") | KD5: =IFERROR(VLOOKUP(KB5&"-"&KC5, Sheet2!$E:$F, 2, FALSE), "") | KK5: No | KL5: - | KR5: =IFERROR(VLOOKUP(KP5&"-"&KQ5, Sheet2!$E:$F, 2, FALSE), "") | KZ5: =IFERROR(VLOOKUP(KX5&"-"&KY5, Sheet2!$E:$F, 2, FALSE), "") | LH5: =IFERROR(VLOOKUP(LF5&"-"&LG5, Sheet2!$E:$F, 2, FALSE), "") | LL5: No | LM5: - | LS5: =IFERROR(VLOOKUP(LQ5&"-"&LR5, Sheet2!$E:$F, 2, FALSE), "") | LY5: =IFERROR(VLOOKUP(LW5&"-"&LX5, Sheet2!$E:$F, 2, FALSE), "") | MD5: No | ME5: - | MK5: =IFERROR(VLOOKUP(MI5&"-"&MJ5, Sheet2!$E:$F, 2, FALSE), "") | MN5: No | MP5: - | MV5: =IFERROR(VLOOKUP(MT5&"-"&MU5, Sheet2!$E:$F, 2, FALSE), "") | NB5: =IFERROR(VLOOKUP(MZ5&"-"&NA5, Sheet2!$E:$F, 2, FALSE), "") | NF5: No | NG5: - | NM5: =IFERROR(VLOOKUP(NK5&"-"&NL5, Sheet2!$E:$F, 2, FALSE), "") | NS5: =IFERROR(VLOOKUP(NQ5&"-"&NR5, Sheet2!$E:$F, 2, FALSE), "") | NX5: No | NY5: - | OE5: =IFERROR(VLOOKUP(OC5&"-"&OD5, Sheet2!$E:$F, 2, FALSE), "") | OH5: No | OJ5: - | OP5: =IFERROR(VLOOKUP(ON5&"-"&OO5, Sheet2!$E:$F, 2, FALSE), "") | OV5: =IFERROR(VLOOKUP(OT5&"-"&OU5, Sheet2!$E:$F, 2, FALSE), "") | OZ5: No | PA5: - | PG5: =IFERROR(VLOOKUP(PE5&"-"&PF5, Sheet2!$E:$F, 2, FALSE), "") | PM5: =IFERROR(VLOOKUP(PK5&"-"&PL5, Sheet2!$E:$F, 2, FALSE), "") | PR5: No | PS5: - | PY5: =IFERROR(VLOOKUP(PW5&"-"&PX5, Sheet2!$E:$F, 2, FALSE), "") | QB5: No | QD5: - | QJ5: =IFERROR(VLOOKUP(QH5&"-"&QI5, Sheet2!$E:$F, 2, FALSE), "") | QP5: =IFERROR(VLOOKUP(QN5&"-"&QO5, Sheet2!$E:$F, 2, FALSE), "") | QT5: No | QU5: - | RA5: =IFERROR(VLOOKUP(QY5&"-"&QZ5, Sheet2!$E:$F, 2, FALSE), "") | RG5: =IFERROR(VLOOKUP(RE5&"-"&RF5, Sheet2!$E:$F, 2, FALSE), "")
A6: Dean | B6: Henry | C6: No | D6: - | E6: PA | F6: 100006 | G6: deanhenry@comcast.net | H6: Founding Member | M6: =IFERROR(VLOOKUP(K6&"-"&L6, Sheet2!$E:$F, 2, FALSE), "") | N6: IL | O6: Norfolk | P6: 42.1603, -71.2118 | T6: No | V6: - | AA6: =IFERROR(VLOOKUP(Y6&"-"&Z6, Sheet2!$E:$F, 2, FALSE), "") | AB6: MA | AL6: =IFERROR(VLOOKUP(AJ6&"-"&AK6, Sheet2!$E:$F, 2, FALSE), "") | AP6: No | AQ6: - | AV6: =IFERROR(VLOOKUP(AT6&"-"&AU6, Sheet2!$E:$F, 2, FALSE), "") | BD6: =IFERROR(VLOOKUP(BB6&"-"&BC6, Sheet2!$E:$F, 2, FALSE), "") | BJ6: No | BK6: - | BP6: =IFERROR(VLOOKUP(BN6&"-"&BO6, Sheet2!$E:$F, 2, FALSE), "") | BT6: No | BV6: - | CB6: =IFERROR(VLOOKUP(BZ6&"-"&CA6, Sheet2!$E:$F, 2, FALSE), "") | CH6: =IFERROR(VLOOKUP(CF6&"-"&CG6, Sheet2!$E:$F, 2, FALSE), "") | CL6: No | CM6: - | CR6: =IFERROR(VLOOKUP(CP6&"-"&CQ6, Sheet2!$E:$F, 2, FALSE), "") | CX6: =IFERROR(VLOOKUP(CV6&"-"&CW6, Sheet2!$E:$F, 2, FALSE), "") | DD6: No | DE6: - | DJ6: =IFERROR(VLOOKUP(DH6&"-"&DI6, Sheet2!$E:$F, 2, FALSE), "") | DM6: No | DO6: - | DU6: =IFERROR(VLOOKUP(DS6&"-"&DT6, Sheet2!$E:$F, 2, FALSE), "") | EA6: =IFERROR(VLOOKUP(DY6&"-"&DZ6, Sheet2!$E:$F, 2, FALSE), "") | ED6: No | EF6: - | EJ6: No | EK6: - | EQ6: =IFERROR(VLOOKUP(EO6&"-"&EP6, Sheet2!$E:$F, 2, FALSE), "") | EV6: =IFERROR(VLOOKUP(ET6&"-"&EU6, Sheet2!$E:$F, 2, FALSE), "") | FC6: No | FD6: - | FI6: =IFERROR(VLOOKUP(FG6&"-"&FH6, Sheet2!$E:$F, 2, FALSE), "") | FL6: No | FN6: - | FT6: =IFERROR(VLOOKUP(FR6&"-"&FS6, Sheet2!$E:$F, 2, FALSE), "") | FZ6: =IFERROR(VLOOKUP(FX6&"-"&FY6, Sheet2!$E:$F, 2, FALSE), "") | GD6: No | GE6: - | GJ6: =IFERROR(VLOOKUP(GH6&"-"&GI6, Sheet2!$E:$F, 2, FALSE), "") | GP6: =IFERROR(VLOOKUP(GN6&"-"&GO6, Sheet2!$E:$F, 2, FALSE), "") | GW6: No | GX6: - | HC6: =IFERROR(VLOOKUP(HA6&"-"&HB6, Sheet2!$E:$F, 2, FALSE), "") | HF6: No | HH6: - | HN6: =IFERROR(VLOOKUP(HL6&"-"&HM6, Sheet2!$E:$F, 2, FALSE), "") | HT6: =IFERROR(VLOOKUP(HR6&"-"&HS6, Sheet2!$E:$F, 2, FALSE), "") | HX6: No | HY6: - | IE6: =IFERROR(VLOOKUP(IC6&"-"&ID6, Sheet2!$E:$F, 2, FALSE), "") | IK6: =IFERROR(VLOOKUP(II6&"-"&IJ6, Sheet2!$E:$F, 2, FALSE), "") | IR6: No | IS6: - | IY6: =IFERROR(VLOOKUP(IW6&"-"&IX6, Sheet2!$E:$F, 2, FALSE), "") | JG6: =IFERROR(VLOOKUP(JE6&"-"&JF6, Sheet2!$E:$F, 2, FALSE), "") | JM6: =IFERROR(VLOOKUP(JK6&"-"&JL6, Sheet2!$E:$F, 2, FALSE), "") | JQ6: No | JR6: - | JX6: =IFERROR(VLOOKUP(JV6&"-"&JW6, Sheet2!$E:$F, 2, FALSE), "") | KD6: =IFERROR(VLOOKUP(KB6&"-"&KC6, Sheet2!$E:$F, 2, FALSE), "") | KK6: No | KL6: - | KR6: =IFERROR(VLOOKUP(KP6&"-"&KQ6, Sheet2!$E:$F, 2, FALSE), "") | KZ6: =IFERROR(VLOOKUP(KX6&"-"&KY6, Sheet2!$E:$F, 2, FALSE), "") | LH6: =IFERROR(VLOOKUP(LF6&"-"&LG6, Sheet2!$E:$F, 2, FALSE), "") | LL6: No | LM6: - | LS6: =IFERROR(VLOOKUP(LQ6&"-"&LR6, Sheet2!$E:$F, 2, FALSE), "") | LY6: =IFERROR(VLOOKUP(LW6&"-"&LX6, Sheet2!$E:$F, 2, FALSE), "") | MD6: No | ME6: - | MK6: =IFERROR(VLOOKUP(MI6&"-"&MJ6, Sheet2!$E:$F, 2, FALSE), "") | MN6: No | MP6: - | MV6: =IFERROR(VLOOKUP(MT6&"-"&MU6, Sheet2!$E:$F, 2, FALSE), "") | NB6: =IFERROR(VLOOKUP(MZ6&"-"&NA6, Sheet2!$E:$F, 2, FALSE), "") | NF6: No | NG6: - | NM6: =IFERROR(VLOOKUP(NK6&"-"&NL6, Sheet2!$E:$F, 2, FALSE), "") | NS6: =IFERROR(VLOOKUP(NQ6&"-"&NR6, Sheet2!$E:$F, 2, FALSE), "") | NX6: No | NY6: - | OE6: =IFERROR(VLOOKUP(OC6&"-"&OD6, Sheet2!$E:$F, 2, FALSE), "") | OH6: No | OJ6: - | OP6: =IFERROR(VLOOKUP(ON6&"-"&OO6, Sheet2!$E:$F, 2, FALSE), "") | OV6: =IFERROR(VLOOKUP(OT6&"-"&OU6, Sheet2!$E:$F, 2, FALSE), "") | OZ6: No | PA6: - | PG6: =IFERROR(VLOOKUP(PE6&"-"&PF6, Sheet2!$E:$F, 2, FALSE), "") | PM6: =IFERROR(VLOOKUP(PK6&"-"&PL6, Sheet2!$E:$F, 2, FALSE), "") | PR6: No | PS6: - | PY6: =IFERROR(VLOOKUP(PW6&"-"&PX6, Sheet2!$E:$F, 2, FALSE), "") | QB6: No | QD6: - | QJ6: =IFERROR(VLOOKUP(QH6&"-"&QI6, Sheet2!$E:$F, 2, FALSE), "") | QP6: =IFERROR(VLOOKUP(QN6&"-"&QO6, Sheet2!$E:$F, 2, FALSE), "") | QT6: No | QU6: - | RA6: =IFERROR(VLOOKUP(QY6&"-"&QZ6, Sheet2!$E:$F, 2, FALSE), "") | RG6: =IFERROR(VLOOKUP(RE6&"-"&RF6, Sheet2!$E:$F, 2, FALSE), "")
A7: Cynthia | B7: Goins-Hoelscher | C7: No | D7: - | E7: TX | F7: 100007 | G7: Cynditha@hotmail.com | H7: Founding Member | M7: =IFERROR(VLOOKUP(K7&"-"&L7, Sheet2!$E:$F, 2, FALSE), "") | N7: IL | O7: Norfolk | P7: 42.1603, -71.2118 | T7: No | AA7: =IFERROR(VLOOKUP(Y7&"-"&Z7, Sheet2!$E:$F, 2, FALSE), "") | AB7: MA | AL7: =IFERROR(VLOOKUP(AJ7&"-"&AK7, Sheet2!$E:$F, 2, FALSE), "") | AP7: No | AQ7: - | AV7: =IFERROR(VLOOKUP(AT7&"-"&AU7, Sheet2!$E:$F, 2, FALSE), "") | BD7: =IFERROR(VLOOKUP(BB7&"-"&BC7, Sheet2!$E:$F, 2, FALSE), "") | BJ7: No | BK7: - | BP7: =IFERROR(VLOOKUP(BN7&"-"&BO7, Sheet2!$E:$F, 2, FALSE), "") | BT7: No | CB7: =IFERROR(VLOOKUP(BZ7&"-"&CA7, Sheet2!$E:$F, 2, FALSE), "") | CH7: =IFERROR(VLOOKUP(CF7&"-"&CG7, Sheet2!$E:$F, 2, FALSE), "") | CL7: No | CM7: - | CR7: =IFERROR(VLOOKUP(CP7&"-"&CQ7, Sheet2!$E:$F, 2, FALSE), "") | CX7: =IFERROR(VLOOKUP(CV7&"-"&CW7, Sheet2!$E:$F, 2, FALSE), "") | DD7: No | DE7: - | DJ7: =IFERROR(VLOOKUP(DH7&"-"&DI7, Sheet2!$E:$F, 2, FALSE), "") | DM7: No | DU7: =IFERROR(VLOOKUP(DS7&"-"&DT7, Sheet2!$E:$F, 2, FALSE), "") | EA7: =IFERROR(VLOOKUP(DY7&"-"&DZ7, Sheet2!$E:$F, 2, FALSE), "") | ED7: No | EJ7: No | EK7: - | EQ7: =IFERROR(VLOOKUP(EO7&"-"&EP7, Sheet2!$E:$F, 2, FALSE), "") | EV7: =IFERROR(VLOOKUP(ET7&"-"&EU7, Sheet2!$E:$F, 2, FALSE), "") | FC7: No | FD7: - | FI7: =IFERROR(VLOOKUP(FG7&"-"&FH7, Sheet2!$E:$F, 2, FALSE), "") | FL7: No | FT7: =IFERROR(VLOOKUP(FR7&"-"&FS7, Sheet2!$E:$F, 2, FALSE), "") | FZ7: =IFERROR(VLOOKUP(FX7&"-"&FY7, Sheet2!$E:$F, 2, FALSE), "") | GD7: No | GE7: - | GJ7: =IFERROR(VLOOKUP(GH7&"-"&GI7, Sheet2!$E:$F, 2, FALSE), "") | GP7: =IFERROR(VLOOKUP(GN7&"-"&GO7, Sheet2!$E:$F, 2, FALSE), "") | GW7: No | GX7: - | HC7: =IFERROR(VLOOKUP(HA7&"-"&HB7, Sheet2!$E:$F, 2, FALSE), "") | HF7: No | HN7: =IFERROR(VLOOKUP(HL7&"-"&HM7, Sheet2!$E:$F, 2, FALSE), "") | HT7: =IFERROR(VLOOKUP(HR7&"-"&HS7, Sheet2!$E:$F, 2, FALSE), "") | HX7: No | HY7: - | IE7: =IFERROR(VLOOKUP(IC7&"-"&ID7, Sheet2!$E:$F, 2, FALSE), "") | IK7: =IFERROR(VLOOKUP(II7&"-"&IJ7, Sheet2!$E:$F, 2, FALSE), "") | IR7: No | IS7: - | IY7: =IFERROR(VLOOKUP(IW7&"-"&IX7, Sheet2!$E:$F, 2, FALSE), "") | JG7: =IFERROR(VLOOKUP(JE7&"-"&JF7, Sheet2!$E:$F, 2, FALSE), "") | JM7: =IFERROR(VLOOKUP(JK7&"-"&JL7, Sheet2!$E:$F, 2, FALSE), "") | JQ7: No | JR7: - | JX7: =IFERROR(VLOOKUP(JV7&"-"&JW7, Sheet2!$E:$F, 2, FALSE), "") | KD7: =IFERROR(VLOOKUP(KB7&"-"&KC7, Sheet2!$E:$F, 2, FALSE), "") | KK7: No | KL7: - | KR7: =IFERROR(VLOOKUP(KP7&"-"&KQ7, Sheet2!$E:$F, 2, FALSE), "") | KZ7: =IFERROR(VLOOKUP(KX7&"-"&KY7, Sheet2!$E:$F, 2, FALSE), "") | LH7: =IFERROR(VLOOKUP(LF7&"-"&LG7, Sheet2!$E:$F, 2, FALSE), "") | LL7: No | LM7: - | LS7: =IFERROR(VLOOKUP(LQ7&"-"&LR7, Sheet2!$E:$F, 2, FALSE), "") | LY7: =IFERROR(VLOOKUP(LW7&"-"&LX7, Sheet2!$E:$F, 2, FALSE), "") | MD7: No | ME7: - | MK7: =IFERROR(VLOOKUP(MI7&"-"&MJ7, Sheet2!$E:$F, 2, FALSE), "") | MN7: No | MV7: =IFERROR(VLOOKUP(MT7&"-"&MU7, Sheet2!$E:$F, 2, FALSE), "") | NB7: =IFERROR(VLOOKUP(MZ7&"-"&NA7, Sheet2!$E:$F, 2, FALSE), "") | NF7: No | NG7: - | NM7: =IFERROR(VLOOKUP(NK7&"-"&NL7, Sheet2!$E:$F, 2, FALSE), "") | NS7: =IFERROR(VLOOKUP(NQ7&"-"&NR7, Sheet2!$E:$F, 2, FALSE), "") | NX7: No | NY7: - | OE7: =IFERROR(VLOOKUP(OC7&"-"&OD7, Sheet2!$E:$F, 2, FALSE), "") | OH7: No | OP7: =IFERROR(VLOOKUP(ON7&"-"&OO7, Sheet2!$E:$F, 2, FALSE), "") | OV7: =IFERROR(VLOOKUP(OT7&"-"&OU7, Sheet2!$E:$F, 2, FALSE), "") | OZ7: No | PA7: - | PG7: =IFERROR(VLOOKUP(PE7&"-"&PF7, Sheet2!$E:$F, 2, FALSE), "") | PM7: =IFERROR(VLOOKUP(PK7&"-"&PL7, Sheet2!$E:$F, 2, FALSE), "") | PR7: No | PS7: - | PY7: =IFERROR(VLOOKUP(PW7&"-"&PX7, Sheet2!$E:$F, 2, FALSE), "") | QB7: No | QJ7: =IFERROR(VLOOKUP(QH7&"-"&QI7, Sheet2!$E:$F, 2, FALSE), "") | QP7: =IFERROR(VLOOKUP(QN7&"-"&QO7, Sheet2!$E:$F, 2, FALSE), "") | QT7: No | QU7: - | RA7: =IFERROR(VLOOKUP(QY7&"-"&QZ7, Sheet2!$E:$F, 2, FALSE), "") | RG7: =IFERROR(VLOOKUP(RE7&"-"&RF7, Sheet2!$E:$F, 2, FALSE), "")
A8: Andre | B8: Kearns | C8: No | D8: - | E8: DC | F8: 100008 | G8: andrekearnsdc@gmail.com | H8: Founding Member | M8: =IFERROR(VLOOKUP(K8&"-"&L8, Sheet2!$E:$F, 2, FALSE), "") | N8: IL | O8: Norfolk | P8: 42.1603, -71.2118 | T8: No | AA8: =IFERROR(VLOOKUP(Y8&"-"&Z8, Sheet2!$E:$F, 2, FALSE), "") | AB8: MA | AL8: =IFERROR(VLOOKUP(AJ8&"-"&AK8, Sheet2!$E:$F, 2, FALSE), "") | AP8: No | AQ8: - | AV8: =IFERROR(VLOOKUP(AT8&"-"&AU8, Sheet2!$E:$F, 2, FALSE), "") | BD8: =IFERROR(VLOOKUP(BB8&"-"&BC8, Sheet2!$E:$F, 2, FALSE), "") | BJ8: No | BK8: - | BP8: =IFERROR(VLOOKUP(BN8&"-"&BO8, Sheet2!$E:$F, 2, FALSE), "") | BT8: No | CB8: =IFERROR(VLOOKUP(BZ8&"-"&CA8, Sheet2!$E:$F, 2, FALSE), "") | CH8: =IFERROR(VLOOKUP(CF8&"-"&CG8, Sheet2!$E:$F, 2, FALSE), "") | CL8: No | CM8: - | CR8: =IFERROR(VLOOKUP(CP8&"-"&CQ8, Sheet2!$E:$F, 2, FALSE), "") | CX8: =IFERROR(VLOOKUP(CV8&"-"&CW8, Sheet2!$E:$F, 2, FALSE), "") | DD8: No | DE8: - | DJ8: =IFERROR(VLOOKUP(DH8&"-"&DI8, Sheet2!$E:$F, 2, FALSE), "") | DM8: No | DU8: =IFERROR(VLOOKUP(DS8&"-"&DT8, Sheet2!$E:$F, 2, FALSE), "") | EA8: =IFERROR(VLOOKUP(DY8&"-"&DZ8, Sheet2!$E:$F, 2, FALSE), "") | ED8: No | EJ8: No | EK8: - | EQ8: =IFERROR(VLOOKUP(EO8&"-"&EP8, Sheet2!$E:$F, 2, FALSE), "") | EV8: =IFERROR(VLOOKUP(ET8&"-"&EU8, Sheet2!$E:$F, 2, FALSE), "") | FC8: No | FD8: - | FI8: =IFERROR(VLOOKUP(FG8&"-"&FH8, Sheet2!$E:$F, 2, FALSE), "") | FL8: No | FT8: =IFERROR(VLOOKUP(FR8&"-"&FS8, Sheet2!$E:$F, 2, FALSE), "") | FZ8: =IFERROR(VLOOKUP(FX8&"-"&FY8, Sheet2!$E:$F, 2, FALSE), "") | GD8: No | GE8: - | GJ8: =IFERROR(VLOOKUP(GH8&"-"&GI8, Sheet2!$E:$F, 2, FALSE), "") | GP8: =IFERROR(VLOOKUP(GN8&"-"&GO8, Sheet2!$E:$F, 2, FALSE), "") | GW8: No | GX8: - | HC8: =IFERROR(VLOOKUP(HA8&"-"&HB8, Sheet2!$E:$F, 2, FALSE), "") | HF8: No | HN8: =IFERROR(VLOOKUP(HL8&"-"&HM8, Sheet2!$E:$F, 2, FALSE), "") | HT8: =IFERROR(VLOOKUP(HR8&"-"&HS8, Sheet2!$E:$F, 2, FALSE), "") | HX8: No | HY8: - | IE8: =IFERROR(VLOOKUP(IC8&"-"&ID8, Sheet2!$E:$F, 2, FALSE), "") | IK8: =IFERROR(VLOOKUP(II8&"-"&IJ8, Sheet2!$E:$F, 2, FALSE), "") | IR8: No | IS8: - | IY8: =IFERROR(VLOOKUP(IW8&"-"&IX8, Sheet2!$E:$F, 2, FALSE), "") | JG8: =IFERROR(VLOOKUP(JE8&"-"&JF8, Sheet2!$E:$F, 2, FALSE), "") | JM8: =IFERROR(VLOOKUP(JK8&"-"&JL8, Sheet2!$E:$F, 2, FALSE), "") | JQ8: No | JR8: - | JX8: =IFERROR(VLOOKUP(JV8&"-"&JW8, Sheet2!$E:$F, 2, FALSE), "") | KD8: =IFERROR(VLOOKUP(KB8&"-"&KC8, Sheet2!$E:$F, 2, FALSE), "") | KK8: No | KL8: - | KR8: =IFERROR(VLOOKUP(KP8&"-"&KQ8, Sheet2!$E:$F, 2, FALSE), "") | KZ8: =IFERROR(VLOOKUP(KX8&"-"&KY8, Sheet2!$E:$F, 2, FALSE), "") | LH8: =IFERROR(VLOOKUP(LF8&"-"&LG8, Sheet2!$E:$F, 2, FALSE), "") | LL8: No | LM8: - | LS8: =IFERROR(VLOOKUP(LQ8&"-"&LR8, Sheet2!$E:$F, 2, FALSE), "") | LY8: =IFERROR(VLOOKUP(LW8&"-"&LX8, Sheet2!$E:$F, 2, FALSE), "") | MD8: No | ME8: - | MK8: =IFERROR(VLOOKUP(MI8&"-"&MJ8, Sheet2!$E:$F, 2, FALSE), "") | MN8: No | MV8: =IFERROR(VLOOKUP(MT8&"-"&MU8, Sheet2!$E:$F, 2, FALSE), "") | NB8: =IFERROR(VLOOKUP(MZ8&"-"&NA8, Sheet2!$E:$F, 2, FALSE), "") | NF8: No | NG8: - | NM8: =IFERROR(VLOOKUP(NK8&"-"&NL8, Sheet2!$E:$F, 2, FALSE), "") | NS8: =IFERROR(VLOOKUP(NQ8&"-"&NR8, Sheet2!$E:$F, 2, FALSE), "") | NX8: No | NY8: - | OE8: =IFERROR(VLOOKUP(OC8&"-"&OD8, Sheet2!$E:$F, 2, FALSE), "") | OH8: No | OP8: =IFERROR(VLOOKUP(ON8&"-"&OO8, Sheet2!$E:$F, 2, FALSE), "") | OV8: =IFERROR(VLOOKUP(OT8&"-"&OU8, Sheet2!$E:$F, 2, FALSE), "") | OZ8: No | PA8: - | PG8: =IFERROR(VLOOKUP(PE8&"-"&PF8, Sheet2!$E:$F, 2, FALSE), "") | PM8: =IFERROR(VLOOKUP(PK8&"-"&PL8, Sheet2!$E:$F, 2, FALSE), "") | PR8: No | PS8: - | PY8: =IFERROR(VLOOKUP(PW8&"-"&PX8, Sheet2!$E:$F, 2, FALSE), "") | QB8: No | QJ8: =IFERROR(VLOOKUP(QH8&"-"&QI8, Sheet2!$E:$F, 2, FALSE), "") | QP8: =IFERROR(VLOOKUP(QN8&"-"&QO8, Sheet2!$E:$F, 2, FALSE), "") | QT8: No | QU8: - | RA8: =IFERROR(VLOOKUP(QY8&"-"&QZ8, Sheet2!$E:$F, 2, FALSE), "") | RG8: =IFERROR(VLOOKUP(RE8&"-"&RF8, Sheet2!$E:$F, 2, FALSE), "")
A9: Stephani | B9: Miller | C9: No | D9: - | E9: FL | F9: 100009 | G9: dsmillertime84@aol.com | H9: Founding Member | M9: =IFERROR(VLOOKUP(K9&"-"&L9, Sheet2!$E:$F, 2, FALSE), "") | N9: IL | O9: Norfolk | P9: 42.1603, -71.2118 | T9: No | AA9: =IFERROR(VLOOKUP(Y9&"-"&Z9, Sheet2!$E:$F, 2, FALSE), "") | AB9: MA | AL9: =IFERROR(VLOOKUP(AJ9&"-"&AK9, Sheet2!$E:$F, 2, FALSE), "") | AP9: No | AQ9: - | AV9: =IFERROR(VLOOKUP(AT9&"-"&AU9, Sheet2!$E:$F, 2, FALSE), "") | BD9: =IFERROR(VLOOKUP(BB9&"-"&BC9, Sheet2!$E:$F, 2, FALSE), "") | BJ9: No | BK9: - | BP9: =IFERROR(VLOOKUP(BN9&"-"&BO9, Sheet2!$E:$F, 2, FALSE), "") | BT9: No | CB9: =IFERROR(VLOOKUP(BZ9&"-"&CA9, Sheet2!$E:$F, 2, FALSE), "") | CH9: =IFERROR(VLOOKUP(CF9&"-"&CG9, Sheet2!$E:$F, 2, FALSE), "") | CL9: No | CM9: - | CR9: =IFERROR(VLOOKUP(CP9&"-"&CQ9, Sheet2!$E:$F, 2, FALSE), "") | CX9: =IFERROR(VLOOKUP(CV9&"-"&CW9, Sheet2!$E:$F, 2, FALSE), "") | DD9: No | DE9: - | DJ9: =IFERROR(VLOOKUP(DH9&"-"&DI9, Sheet2!$E:$F, 2, FALSE), "") | DM9: No | DU9: =IFERROR(VLOOKUP(DS9&"-"&DT9, Sheet2!$E:$F, 2, FALSE), "") | EA9: =IFERROR(VLOOKUP(DY9&"-"&DZ9, Sheet2!$E:$F, 2, FALSE), "") | ED9: No | EJ9: No | EK9: - | EQ9: =IFERROR(VLOOKUP(EO9&"-"&EP9, Sheet2!$E:$F, 2, FALSE), "") | EV9: =IFERROR(VLOOKUP(ET9&"-"&EU9, Sheet2!$E:$F, 2, FALSE), "") | FC9: No | FD9: - | FI9: =IFERROR(VLOOKUP(FG9&"-"&FH9, Sheet2!$E:$F, 2, FALSE), "") | FL9: No | FT9: =IFERROR(VLOOKUP(FR9&"-"&FS9, Sheet2!$E:$F, 2, FALSE), "") | FZ9: =IFERROR(VLOOKUP(FX9&"-"&FY9, Sheet2!$E:$F, 2, FALSE), "") | GD9: No | GE9: - | GJ9: =IFERROR(VLOOKUP(GH9&"-"&GI9, Sheet2!$E:$F, 2, FALSE), "") | GP9: =IFERROR(VLOOKUP(GN9&"-"&GO9, Sheet2!$E:$F, 2, FALSE), "") | GW9: No | GX9: - | HC9: =IFERROR(VLOOKUP(HA9&"-"&HB9, Sheet2!$E:$F, 2, FALSE), "") | HF9: No | HN9: =IFERROR(VLOOKUP(HL9&"-"&HM9, Sheet2!$E:$F, 2, FALSE), "") | HT9: =IFERROR(VLOOKUP(HR9&"-"&HS9, Sheet2!$E:$F, 2, FALSE), "") | HX9: No | HY9: - | IE9: =IFERROR(VLOOKUP(IC9&"-"&ID9, Sheet2!$E:$F, 2, FALSE), "") | IK9: =IFERROR(VLOOKUP(II9&"-"&IJ9, Sheet2!$E:$F, 2, FALSE), "") | IR9: No | IS9: - | IY9: =IFERROR(VLOOKUP(IW9&"-"&IX9, Sheet2!$E:$F, 2, FALSE), "") | JG9: =IFERROR(VLOOKUP(JE9&"-"&JF9, Sheet2!$E:$F, 2, FALSE), "") | JM9: =IFERROR(VLOOKUP(JK9&"-"&JL9, Sheet2!$E:$F, 2, FALSE), "") | JQ9: No | JR9: - | JX9: =IFERROR(VLOOKUP(JV9&"-"&JW9, Sheet2!$E:$F, 2, FALSE), "") | KD9: =IFERROR(VLOOKUP(KB9&"-"&KC9, Sheet2!$E:$F, 2, FALSE), "") | KK9: No | KL9: - | KR9: =IFERROR(VLOOKUP(KP9&"-"&KQ9, Sheet2!$E:$F, 2, FALSE), "") | KZ9: =IFERROR(VLOOKUP(KX9&"-"&KY9, Sheet2!$E:$F, 2, FALSE), "") | LH9: =IFERROR(VLOOKUP(LF9&"-"&LG9, Sheet2!$E:$F, 2, FALSE), "") | LL9: No | LM9: - | LS9: =IFERROR(VLOOKUP(LQ9&"-"&LR9, Sheet2!$E:$F, 2, FALSE), "") | LY9: =IFERROR(VLOOKUP(LW9&"-"&LX9, Sheet2!$E:$F, 2, FALSE), "") | MD9: No | ME9: - | MK9: =IFERROR(VLOOKUP(MI9&"-"&MJ9, Sheet2!$E:$F, 2, FALSE), "") | MN9: No | MV9: =IFERROR(VLOOKUP(MT9&"-"&MU9, Sheet2!$E:$F, 2, FALSE), "") | NB9: =IFERROR(VLOOKUP(MZ9&"-"&NA9, Sheet2!$E:$F, 2, FALSE), "") | NF9: No | NG9: - | NM9: =IFERROR(VLOOKUP(NK9&"-"&NL9, Sheet2!$E:$F, 2, FALSE), "") | NS9: =IFERROR(VLOOKUP(NQ9&"-"&NR9, Sheet2!$E:$F, 2, FALSE), "") | NX9: No | NY9: - | OE9: =IFERROR(VLOOKUP(OC9&"-"&OD9, Sheet2!$E:$F, 2, FALSE), "") | OH9: No | OP9: =IFERROR(VLOOKUP(ON9&"-"&OO9, Sheet2!$E:$F, 2, FALSE), "") | OV9: =IFERROR(VLOOKUP(OT9&"-"&OU9, Sheet2!$E:$F, 2, FALSE), "") | OZ9: No | PA9: - | PG9: =IFERROR(VLOOKUP(PE9&"-"&PF9, Sheet2!$E:$F, 2, FALSE), "") | PM9: =IFERROR(VLOOKUP(PK9&"-"&PL9, Sheet2!$E:$F, 2, FALSE), "") | PR9: No | PS9: - | PY9: =IFERROR(VLOOKUP(PW9&"-"&PX9, Sheet2!$E:$F, 2, FALSE), "") | QB9: No | QJ9: =IFERROR(VLOOKUP(QH9&"-"&QI9, Sheet2!$E:$F, 2, FALSE), "") | QP9: =IFERROR(VLOOKUP(QN9&"-"&QO9, Sheet2!$E:$F, 2, FALSE), "") | QT9: No | QU9: - | RA9: =IFERROR(VLOOKUP(QY9&"-"&QZ9, Sheet2!$E:$F, 2, FALSE), "") | RG9: =IFERROR(VLOOKUP(RE9&"-"&RF9, Sheet2!$E:$F, 2, FALSE), "")
A10: Laurie | B10: Constantino | C10: No | D10: - | E10: WA | F10: 100010 | G10: lhconstantino@gmail.com | H10: Founding Member | M10: =IFERROR(VLOOKUP(K10&"-"&L10, Sheet2!$E:$F, 2, FALSE), "") | N10: IL | O10: Norfolk | P10: 42.1603, -71.2118 | T10: No | AA10: =IFERROR(VLOOKUP(Y10&"-"&Z10, Sheet2!$E:$F, 2, FALSE), "") | AB10: MA | AL10: =IFERROR(VLOOKUP(AJ10&"-"&AK10, Sheet2!$E:$F, 2, FALSE), "") | AP10: No | AQ10: - | AV10: =IFERROR(VLOOKUP(AT10&"-"&AU10, Sheet2!$E:$F, 2, FALSE), "") | BD10: =IFERROR(VLOOKUP(BB10&"-"&BC10, Sheet2!$E:$F, 2, FALSE), "") | BJ10: No | BK10: - | BP10: =IFERROR(VLOOKUP(BN10&"-"&BO10, Sheet2!$E:$F, 2, FALSE), "") | BT10: No | CB10: =IFERROR(VLOOKUP(BZ10&"-"&CA10, Sheet2!$E:$F, 2, FALSE), "") | CH10: =IFERROR(VLOOKUP(CF10&"-"&CG10, Sheet2!$E:$F, 2, FALSE), "") | CL10: No | CM10: - | CR10: =IFERROR(VLOOKUP(CP10&"-"&CQ10, Sheet2!$E:$F, 2, FALSE), "") | CX10: =IFERROR(VLOOKUP(CV10&"-"&CW10, Sheet2!$E:$F, 2, FALSE), "") | DD10: No | DE10: - | DJ10: =IFERROR(VLOOKUP(DH10&"-"&DI10, Sheet2!$E:$F, 2, FALSE), "") | DM10: No | DU10: =IFERROR(VLOOKUP(DS10&"-"&DT10, Sheet2!$E:$F, 2, FALSE), "") | EA10: =IFERROR(VLOOKUP(DY10&"-"&DZ10, Sheet2!$E:$F, 2, FALSE), "") | ED10: No | EJ10: No | EK10: - | EQ10: =IFERROR(VLOOKUP(EO10&"-"&EP10, Sheet2!$E:$F, 2, FALSE), "") | EV10: =IFERROR(VLOOKUP(ET10&"-"&EU10, Sheet2!$E:$F, 2, FALSE), "") | FC10: No | FD10: - | FI10: =IFERROR(VLOOKUP(FG10&"-"&FH10, Sheet2!$E:$F, 2, FALSE), "") | FL10: No | FT10: =IFERROR(VLOOKUP(FR10&"-"&FS10, Sheet2!$E:$F, 2, FALSE), "") | FZ10: =IFERROR(VLOOKUP(FX10&"-"&FY10, Sheet2!$E:$F, 2, FALSE), "") | GD10: No | GE10: - | GJ10: =IFERROR(VLOOKUP(GH10&"-"&GI10, Sheet2!$E:$F, 2, FALSE), "") | GP10: =IFERROR(VLOOKUP(GN10&"-"&GO10, Sheet2!$E:$F, 2, FALSE), "") | GW10: No | GX10: - | HC10: =IFERROR(VLOOKUP(HA10&"-"&HB10, Sheet2!$E:$F, 2, FALSE), "") | HF10: No | HN10: =IFERROR(VLOOKUP(HL10&"-"&HM10, Sheet2!$E:$F, 2, FALSE), "") | HT10: =IFERROR(VLOOKUP(HR10&"-"&HS10, Sheet2!$E:$F, 2, FALSE), "") | HX10: No | HY10: - | IE10: =IFERROR(VLOOKUP(IC10&"-"&ID10, Sheet2!$E:$F, 2, FALSE), "") | IK10: =IFERROR(VLOOKUP(II10&"-"&IJ10, Sheet2!$E:$F, 2, FALSE), "") | IR10: No | IS10: - | IY10: =IFERROR(VLOOKUP(IW10&"-"&IX10, Sheet2!$E:$F, 2, FALSE), "") | JG10: =IFERROR(VLOOKUP(JE10&"-"&JF10, Sheet2!$E:$F, 2, FALSE), "") | JM10: =IFERROR(VLOOKUP(JK10&"-"&JL10, Sheet2!$E:$F, 2, FALSE), "") | JQ10: No | JR10: - | JX10: =IFERROR(VLOOKUP(JV10&"-"&JW10, Sheet2!$E:$F, 2, FALSE), "") | KD10: =IFERROR(VLOOKUP(KB10&"-"&KC10, Sheet2!$E:$F, 2, FALSE), "") | KK10: No | KL10: - | KR10: =IFERROR(VLOOKUP(KP10&"-"&KQ10, Sheet2!$E:$F, 2, FALSE), "") | KZ10: =IFERROR(VLOOKUP(KX10&"-"&KY10, Sheet2!$E:$F, 2, FALSE), "") | LH10: =IFERROR(VLOOKUP(LF10&"-"&LG10, Sheet2!$E:$F, 2, FALSE), "") | LL10: No | LM10: - | LS10: =IFERROR(VLOOKUP(LQ10&"-"&LR10, Sheet2!$E:$F, 2, FALSE), "") | LY10: =IFERROR(VLOOKUP(LW10&"-"&LX10, Sheet2!$E:$F, 2, FALSE), "") | MD10: No | ME10: - | MK10: =IFERROR(VLOOKUP(MI10&"-"&MJ10, Sheet2!$E:$F, 2, FALSE), "") | MN10: No | MV10: =IFERROR(VLOOKUP(MT10&"-"&MU10, Sheet2!$E:$F, 2, FALSE), "") | NB10: =IFERROR(VLOOKUP(MZ10&"-"&NA10, Sheet2!$E:$F, 2, FALSE), "") | NF10: No | NG10: - | NM10: =IFERROR(VLOOKUP(NK10&"-"&NL10, Sheet2!$E:$F, 2, FALSE), "") | NS10: =IFERROR(VLOOKUP(NQ10&"-"&NR10, Sheet2!$E:$F, 2, FALSE), "") | NX10: No | NY10: - | OE10: =IFERROR(VLOOKUP(OC10&"-"&OD10, Sheet2!$E:$F, 2, FALSE), "") | OH10: No | OP10: =IFERROR(VLOOKUP(ON10&"-"&OO10, Sheet2!$E:$F, 2, FALSE), "") | OV10: =IFERROR(VLOOKUP(OT10&"-"&OU10, Sheet2!$E:$F, 2, FALSE), "") | OZ10: No | PA10: - | PG10: =IFERROR(VLOOKUP(PE10&"-"&PF10, Sheet2!$E:$F, 2, FALSE), "") | PM10: =IFERROR(VLOOKUP(PK10&"-"&PL10, Sheet2!$E:$F, 2, FALSE), "") | PR10: No | PS10: - | PY10: =IFERROR(VLOOKUP(PW10&"-"&PX10, Sheet2!$E:$F, 2, FALSE), "") | QB10: No | QJ10: =IFERROR(VLOOKUP(QH10&"-"&QI10, Sheet2!$E:$F, 2, FALSE), "") | QP10: =IFERROR(VLOOKUP(QN10&"-"&QO10, Sheet2!$E:$F, 2, FALSE), "") | QT10: No | QU10: - | RA10: =IFERROR(VLOOKUP(QY10&"-"&QZ10, Sheet2!$E:$F, 2, FALSE), "") | RG10: =IFERROR(VLOOKUP(RE10&"-"&RF10, Sheet2!$E:$F, 2, FALSE), "")
A11: Gigi | B11: Best-Richardson | C11: No | D11: - | E11: FL | F11: 100011 | G11: bradlcmuseum@gmail.com | H11: Founding Member | M11: =IFERROR(VLOOKUP(K11&"-"&L11, Sheet2!$E:$F, 2, FALSE), "") | N11: IL | O11: Norfolk | P11: 42.1603, -71.2118 | T11: No | AA11: =IFERROR(VLOOKUP(Y11&"-"&Z11, Sheet2!$E:$F, 2, FALSE), "") | AB11: MA | AL11: =IFERROR(VLOOKUP(AJ11&"-"&AK11, Sheet2!$E:$F, 2, FALSE), "") | AP11: No | AQ11: - | AV11: =IFERROR(VLOOKUP(AT11&"-"&AU11, Sheet2!$E:$F, 2, FALSE), "") | BD11: =IFERROR(VLOOKUP(BB11&"-"&BC11, Sheet2!$E:$F, 2, FALSE), "") | BJ11: No | BK11: - | BP11: =IFERROR(VLOOKUP(BN11&"-"&BO11, Sheet2!$E:$F, 2, FALSE), "") | BT11: No | CB11: =IFERROR(VLOOKUP(BZ11&"-"&CA11, Sheet2!$E:$F, 2, FALSE), "") | CH11: =IFERROR(VLOOKUP(CF11&"-"&CG11, Sheet2!$E:$F, 2, FALSE), "") | CL11: No | CM11: - | CR11: =IFERROR(VLOOKUP(CP11&"-"&CQ11, Sheet2!$E:$F, 2, FALSE), "") | CX11: =IFERROR(VLOOKUP(CV11&"-"&CW11, Sheet2!$E:$F, 2, FALSE), "") | DD11: No | DE11: - | DJ11: =IFERROR(VLOOKUP(DH11&"-"&DI11, Sheet2!$E:$F, 2, FALSE), "") | DM11: No | DU11: =IFERROR(VLOOKUP(DS11&"-"&DT11, Sheet2!$E:$F, 2, FALSE), "") | EA11: =IFERROR(VLOOKUP(DY11&"-"&DZ11, Sheet2!$E:$F, 2, FALSE), "") | ED11: No | EJ11: No | EK11: - | EQ11: =IFERROR(VLOOKUP(EO11&"-"&EP11, Sheet2!$E:$F, 2, FALSE), "") | EV11: =IFERROR(VLOOKUP(ET11&"-"&EU11, Sheet2!$E:$F, 2, FALSE), "") | FC11: No | FD11: - | FI11: =IFERROR(VLOOKUP(FG11&"-"&FH11, Sheet2!$E:$F, 2, FALSE), "") | FL11: No | FT11: =IFERROR(VLOOKUP(FR11&"-"&FS11, Sheet2!$E:$F, 2, FALSE), "") | FZ11: =IFERROR(VLOOKUP(FX11&"-"&FY11, Sheet2!$E:$F, 2, FALSE), "") | GD11: No | GE11: - | GJ11: =IFERROR(VLOOKUP(GH11&"-"&GI11, Sheet2!$E:$F, 2, FALSE), "") | GP11: =IFERROR(VLOOKUP(GN11&"-"&GO11, Sheet2!$E:$F, 2, FALSE), "") | GW11: No | GX11: - | HC11: =IFERROR(VLOOKUP(HA11&"-"&HB11, Sheet2!$E:$F, 2, FALSE), "") | HF11: No | HN11: =IFERROR(VLOOKUP(HL11&"-"&HM11, Sheet2!$E:$F, 2, FALSE), "") | HT11: =IFERROR(VLOOKUP(HR11&"-"&HS11, Sheet2!$E:$F, 2, FALSE), "") | HX11: No | HY11: - | IE11: =IFERROR(VLOOKUP(IC11&"-"&ID11, Sheet2!$E:$F, 2, FALSE), "") | IK11: =IFERROR(VLOOKUP(II11&"-"&IJ11, Sheet2!$E:$F, 2, FALSE), "") | IR11: No | IS11: - | IY11: =IFERROR(VLOOKUP(IW11&"-"&IX11, Sheet2!$E:$F, 2, FALSE), "") | JG11: =IFERROR(VLOOKUP(JE11&"-"&JF11, Sheet2!$E:$F, 2, FALSE), "") | JM11: =IFERROR(VLOOKUP(JK11&"-"&JL11, Sheet2!$E:$F, 2, FALSE), "") | JQ11: No | JR11: - | JX11: =IFERROR(VLOOKUP(JV11&"-"&JW11, Sheet2!$E:$F, 2, FALSE), "") | KD11: =IFERROR(VLOOKUP(KB11&"-"&KC11, Sheet2!$E:$F, 2, FALSE), "") | KK11: No | KL11: - | KR11: =IFERROR(VLOOKUP(KP11&"-"&KQ11, Sheet2!$E:$F, 2, FALSE), "") | KZ11: =IFERROR(VLOOKUP(KX11&"-"&KY11, Sheet2!$E:$F, 2, FALSE), "") | LH11: =IFERROR(VLOOKUP(LF11&"-"&LG11, Sheet2!$E:$F, 2, FALSE), "") | LL11: No | LM11: - | LS11: =IFERROR(VLOOKUP(LQ11&"-"&LR11, Sheet2!$E:$F, 2, FALSE), "") | LY11: =IFERROR(VLOOKUP(LW11&"-"&LX11, Sheet2!$E:$F, 2, FALSE), "") | MD11: No | ME11: - | MK11: =IFERROR(VLOOKUP(MI11&"-"&MJ11, Sheet2!$E:$F, 2, FALSE), "") | MN11: No | MV11: =IFERROR(VLOOKUP(MT11&"-"&MU11, Sheet2!$E:$F, 2, FALSE), "") | NB11: =IFERROR(VLOOKUP(MZ11&"-"&NA11, Sheet2!$E:$F, 2, FALSE), "") | NF11: No | NG11: - | NM11: =IFERROR(VLOOKUP(NK11&"-"&NL11, Sheet2!$E:$F, 2, FALSE), "") | NS11: =IFERROR(VLOOKUP(NQ11&"-"&NR11, Sheet2!$E:$F, 2, FALSE), "") | NX11: No | NY11: - | OE11: =IFERROR(VLOOKUP(OC11&"-"&OD11, Sheet2!$E:$F, 2, FALSE), "") | OH11: No | OP11: =IFERROR(VLOOKUP(ON11&"-"&OO11, Sheet2!$E:$F, 2, FALSE), "") | OV11: =IFERROR(VLOOKUP(OT11&"-"&OU11, Sheet2!$E:$F, 2, FALSE), "") | OZ11: No | PA11: - | PG11: =IFERROR(VLOOKUP(PE11&"-"&PF11, Sheet2!$E:$F, 2, FALSE), "") | PM11: =IFERROR(VLOOKUP(PK11&"-"&PL11, Sheet2!$E:$F, 2, FALSE), "") | PR11: No | PS11: - | PY11: =IFERROR(VLOOKUP(PW11&"-"&PX11, Sheet2!$E:$F, 2, FALSE), "") | QB11: No | QJ11: =IFERROR(VLOOKUP(QH11&"-"&QI11, Sheet2!$E:$F, 2, FALSE), "") | QP11: =IFERROR(VLOOKUP(QN11&"-"&QO11, Sheet2!$E:$F, 2, FALSE), "") | QT11: No | QU11: - | RA11: =IFERROR(VLOOKUP(QY11&"-"&QZ11, Sheet2!$E:$F, 2, FALSE), "") | RG11: =IFERROR(VLOOKUP(RE11&"-"&RF11, Sheet2!$E:$F, 2, FALSE), "")
A12: John | B12: Carter | C12: No | D12: - | E12: FL | F12: 100012 | G12: spacemanspiff@tampabay.rr.com | H12: Founding Member | I12: 21485 | J12: Dover, Kent, DE | M12: =IFERROR(VLOOKUP(K12&"-"&L12, Sheet2!$E:$F, 2, FALSE), "") | N12: IL | O12: Norfolk | P12: 42.1603, -71.2118 | T12: Yes | AA12: =IFERROR(VLOOKUP(Y12&"-"&Z12, Sheet2!$E:$F, 2, FALSE), "") | AB12: MA | AL12: =IFERROR(VLOOKUP(AJ12&"-"&AK12, Sheet2!$E:$F, 2, FALSE), "") | AP12: No | AQ12: - | AV12: =IFERROR(VLOOKUP(AT12&"-"&AU12, Sheet2!$E:$F, 2, FALSE), "") | BD12: =IFERROR(VLOOKUP(BB12&"-"&BC12, Sheet2!$E:$F, 2, FALSE), "") | BF12: Record copy, National Society Sons of the America Revolution application of John Cyrus Carter (National member #132102), showing descent from John Durham, Sr (SAR Patriot #P-151685; DAR Patriot #208659). | BG12: John Clayton | BH12: Carter | BI12: 11999 | BJ12: No | BK12: - | BL12: Greenwich, Cumberland, NJ | BP12: =IFERROR(VLOOKUP(BN12&"-"&BO12, Sheet2!$E:$F, 2, FALSE), "") | BT12: Yes | BW12: 36601 | BX12: Colorado Springs, El Paso, CO | CB12: =IFERROR(VLOOKUP(BZ12&"-"&CA12, Sheet2!$E:$F, 2, FALSE), "") | CC12: 21196 | CD12: Bridgeton, Cumberland, NJ | CH12: =IFERROR(VLOOKUP(CF12&"-"&CG12, Sheet2!$E:$F, 2, FALSE), "") | CI12: Christine | CJ12: Harris | CK12: 11172 | CL12: No | CM12: - | CN12: Coxton, Harlan Ce, KY | CR12: =IFERROR(VLOOKUP(CP12&"-"&CQ12, Sheet2!$E:$F, 2, FALSE), "") | CS12: 35402 | CT12: Madison, Boone Co, WV | CX12: =IFERROR(VLOOKUP(CV12&"-"&CW12, Sheet2!$E:$F, 2, FALSE), "") | CZ12: Record copy, National Society Sons of the America Revolution application of John Cyrus Carter (National member #132102), showing descent from John Durham, Sr (SAR Patriot #P-151685; DAR Patriot #208659). | DA12: Hopewell | DB12: Carter | DC12: 3031 | DD12: No | DE12: - | DF12: Cheswold, Kent, DE | DJ12: =IFERROR(VLOOKUP(DH12&"-"&DI12, Sheet2!$E:$F, 2, FALSE), "") | DM12: Yes | DP12: 24775 | DQ12: Winslow, Camden Co, NJ | DU12: =IFERROR(VLOOKUP(DS12&"-"&DT12, Sheet2!$E:$F, 2, FALSE), "") | DV12: 10740 | DW12: Bridgeton, Cumberland Co, NJ | EA12: =IFERROR(VLOOKUP(DY12&"-"&DZ12, Sheet2!$E:$F, 2, FALSE), "") | ED12: Yes | EG12: Lethia Harriett | EH12: Coker | EJ12: No | EK12: - | EL12: 4597 | EM12: Dover, Kent Ca, DE | EN12: 31721 | EQ12: =IFERROR(VLOOKUP(EO12&"-"&EP12, Sheet2!$E:$F, 2, FALSE), "") | ER12: Bridgeton,C umberlandC o,N | EV12: =IFERROR(VLOOKUP(ET12&"-"&EU12, Sheet2!$E:$F, 2, FALSE), "") | EY12: Record copy, National Society Sons of the America Revolution application of John Cyrus Carter (National member #132102), showing descent from John Durham, Sr (SAR Patriot #P-151685; DAR Patriot #208659). | EZ12: John Clayton | FA12: Carter | FB12: 23 Apr 1884 | FC12: No | FD12: - | FE12: DE | FI12: =IFERROR(VLOOKUP(FG12&"-"&FH12, Sheet2!$E:$F, 2, FALSE), "") | FL12: Yes | FO12: 5522 | FP12: Cheswotd, Kent Ce, DE | FT12: =IFERROR(VLOOKUP(FR12&"-"&FS12, Sheet2!$E:$F, 2, FALSE), "") | FU12: 2965 | FV12: Kent Ce, DE | FZ12: =IFERROR(VLOOKUP(FX12&"-"&FY12, Sheet2!$E:$F, 2, FALSE), "") | GA12: Phebe | GB12: Carney | GC12: 14 Den 1889 | GD12: No | GE12: - | GF12: Cheswdd, Kent Ce, DE | GJ12: =IFERROR(VLOOKUP(GH12&"-"&GI12, Sheet2!$E:$F, 2, FALSE), "") | GK12: 24241 | GL12: FairfietdTownship, Cumberland Co, NJ | GP12: =IFERROR(VLOOKUP(GN12&"-"&GO12, Sheet2!$E:$F, 2, FALSE), "") | GS12: Record copy, National Society Sons of the America Revolution application of John Cyrus Carter (National member #132102), showing descent from John Durham, Sr (SAR Patriot #P-151685; DAR Patriot #208659). | GT12: James Perry | GU12: Carter | GV12: 21 Jul 1847 | GW12: No | GX12: - | GY12: Kent County, DE | HC12: =IFERROR(VLOOKUP(HA12&"-"&HB12, Sheet2!$E:$F, 2, FALSE), "") | HF12: Yes | HI12: 12654 | HJ12: Kent County, DE | HN12: =IFERROR(VLOOKUP(HL12&"-"&HM12, Sheet2!$E:$F, 2, FALSE), "") | HT12: =IFERROR(VLOOKUP(HR12&"-"&HS12, Sheet2!$E:$F, 2, FALSE), "") | HU12: Harriet | HV12: Durham | HX12: No | HY12: - | HZ12: 20 May 1851 | IA12: Kent County, DE | IE12: =IFERROR(VLOOKUP(IC12&"-"&ID12, Sheet2!$E:$F, 2, FALSE), "") | IF12: 7662 | IG12: Kent County, DE | IK12: =IFERROR(VLOOKUP(II12&"-"&IJ12, Sheet2!$E:$F, 2, FALSE), "") | IN12: Record copy, National Society Sons of the America Revolution application of John Cyrus Carter (National member #132102), showing descent from John Durham, Sr (SAR Patriot #P-151685; DAR Patriot #208659). | IO12: Joel | IP12: Durham | IR12: No | IS12: - | IT12: Jul 1819 | IU12: Dover, Kent Co, De | IY12: =IFERROR(VLOOKUP(IW12&"-"&IX12, Sheet2!$E:$F, 2, FALSE), "") | JB12: 2970 | JC12: Dover, Kent Co, DE | JG12: =IFERROR(VLOOKUP(JE12&"-"&JF12, Sheet2!$E:$F, 2, FALSE), "") | JH12: 1838 | JM12: =IFERROR(VLOOKUP(JK12&"-"&JL12, Sheet2!$E:$F, 2, FALSE), "") | JN12: Margaret | JO12: Munce | JP12: Muntz | JQ12: No | JR12: - | JS12: 1817 | JT12: DE | JX12: =IFERROR(VLOOKUP(JV12&"-"&JW12, Sheet2!$E:$F, 2, FALSE), "") | JY12: 14 Apr 1895 | JZ12: Dover, Kent Co, DE | KD12: =IFERROR(VLOOKUP(KB12&"-"&KC12, Sheet2!$E:$F, 2, FALSE), "") | KH12: Elisha | KI12: Durham Sr. | KJ12: Elijah | KK12: No | KL12: - | KM12: Feb 1794 | KN12: Dover, Kent Co, DE | KR12: =IFERROR(VLOOKUP(KP12&"-"&KQ12, Sheet2!$E:$F, 2, FALSE), "") | KU12: 15 May 1864 | KV12: Dover, Kent Co, DE | KZ12: =IFERROR(VLOOKUP(KX12&"-"&KY12, Sheet2!$E:$F, 2, FALSE), "") | LC12: 1819 | LD12: Kent Co, DE | LH12: =IFERROR(VLOOKUP(LF12&"-"&LG12, Sheet2!$E:$F, 2, FALSE), "") | LI12: Hester | LJ12: Conselor | LK12: Concealler | LL12: No | LM12: - | LN12: 1787 | LO12: Kent Co, DE | LS12: =IFERROR(VLOOKUP(LQ12&"-"&LR12, Sheet2!$E:$F, 2, FALSE), "") | LT12: 1845 | LU12: Kent Co, DE | LY12: =IFERROR(VLOOKUP(LW12&"-"&LX12, Sheet2!$E:$F, 2, FALSE), "") | LZ12: Record copy, National Society Sons of the America Revolution application of John Cyrus Carter (National member #132102), showing descent from John Durham, Sr (SAR Patriot #P-151685; DAR Patriot #208659). | MA12: Jeremiah | MB12: Conselor | MC12: Concealler | MD12: No | ME12: - | MF12: 1779 | MK12: =IFERROR(VLOOKUP(MI12&"-"&MJ12, Sheet2!$E:$F, 2, FALSE), "") | MN12: Yes | MR12: Kent Co, DE | MV12: =IFERROR(VLOOKUP(MT12&"-"&MU12, Sheet2!$E:$F, 2, FALSE), "") | NB12: =IFERROR(VLOOKUP(MZ12&"-"&NA12, Sheet2!$E:$F, 2, FALSE), "") | NC12: Elizabeth | NF12: No | NG12: - | NM12: =IFERROR(VLOOKUP(NK12&"-"&NL12, Sheet2!$E:$F, 2, FALSE), "") | NS12: =IFERROR(VLOOKUP(NQ12&"-"&NR12, Sheet2!$E:$F, 2, FALSE), "") | NT12: Record copy, National Society Sons of the America Revolution application of John Cyrus Carter (National member #132102), showing descent from John Durham, Sr (SAR Patriot #P-151685; DAR Patriot #208659). | NU12: Elijah | NV12: Conselor | NW12: Concealler | NX12: No | NY12: - | NZ12: 1762 | OE12: =IFERROR(VLOOKUP(OC12&"-"&OD12, Sheet2!$E:$F, 2, FALSE), "") | OH12: Yes | OK12: 29 Dec 1801 | OL12: Kent Co, DE | OP12: =IFERROR(VLOOKUP(ON12&"-"&OO12, Sheet2!$E:$F, 2, FALSE), "") | OR12: Kent Co, DE | OV12: =IFERROR(VLOOKUP(OT12&"-"&OU12, Sheet2!$E:$F, 2, FALSE), "") | OW12: Hannah | OX12: Durham | OZ12: No | PA12: - | PC12: Kent Co, DE | PG12: =IFERROR(VLOOKUP(PE12&"-"&PF12, Sheet2!$E:$F, 2, FALSE), "") | PH12: 29 Jun 1841 | PI12: Kent Co, DE | PM12: =IFERROR(VLOOKUP(PK12&"-"&PL12, Sheet2!$E:$F, 2, FALSE), "") | PN12: Record copy, National Society Sons of the America Revolution application of John Cyrus Carter (National member #132102), showing descent from John Durham, Sr (SAR Patriot #P-151685; DAR Patriot #208659). | PO12: John | PP12: Durham Sr. | PR12: No | PS12: - | PT12: 1720 | PY12: =IFERROR(VLOOKUP(PW12&"-"&PX12, Sheet2!$E:$F, 2, FALSE), "") | QB12: Yes | QE12: 13 May 1788 | QF12: Little Creek Hundred, Kent Co, DE | QJ12: =IFERROR(VLOOKUP(QH12&"-"&QI12, Sheet2!$E:$F, 2, FALSE), "") | QP12: =IFERROR(VLOOKUP(QN12&"-"&QO12, Sheet2!$E:$F, 2, FALSE), "") | QT12: No | QU12: - | RA12: =IFERROR(VLOOKUP(QY12&"-"&QZ12, Sheet2!$E:$F, 2, FALSE), "") | RG12: =IFERROR(VLOOKUP(RE12&"-"&RF12, Sheet2!$E:$F, 2, FALSE), "") | RH12: Record copy, National Society Sons of the America Revolution application of John Cyrus Carter (National member #132102), showing descent from John Durham, Sr (SAR Patriot #P-151685; DAR Patriot #208659).
A13: Quincy | B13: Cornwall | C13: No | D13: - | E13: NY | F13: 100013 | G13: qjcornwall@yahoo.com | H13: Founding Member | M13: =IFERROR(VLOOKUP(K13&"-"&L13, Sheet2!$E:$F, 2, FALSE), "") | N13: IL | O13: Norfolk | P13: 42.1603, -71.2118 | T13: No | AA13: =IFERROR(VLOOKUP(Y13&"-"&Z13, Sheet2!$E:$F, 2, FALSE), "") | AB13: MA | AL13: =IFERROR(VLOOKUP(AJ13&"-"&AK13, Sheet2!$E:$F, 2, FALSE), "") | AP13: No | AQ13: - | AV13: =IFERROR(VLOOKUP(AT13&"-"&AU13, Sheet2!$E:$F, 2, FALSE), "") | BD13: =IFERROR(VLOOKUP(BB13&"-"&BC13, Sheet2!$E:$F, 2, FALSE), "") | BJ13: No | BK13: - | BP13: =IFERROR(VLOOKUP(BN13&"-"&BO13, Sheet2!$E:$F, 2, FALSE), "") | BT13: No | CB13: =IFERROR(VLOOKUP(BZ13&"-"&CA13, Sheet2!$E:$F, 2, FALSE), "") | CH13: =IFERROR(VLOOKUP(CF13&"-"&CG13, Sheet2!$E:$F, 2, FALSE), "") | CL13: No | CM13: - | CR13: =IFERROR(VLOOKUP(CP13&"-"&CQ13, Sheet2!$E:$F, 2, FALSE), "") | CX13: =IFERROR(VLOOKUP(CV13&"-"&CW13, Sheet2!$E:$F, 2, FALSE), "") | DD13: No | DE13: - | DJ13: =IFERROR(VLOOKUP(DH13&"-"&DI13, Sheet2!$E:$F, 2, FALSE), "") | DM13: No | DU13: =IFERROR(VLOOKUP(DS13&"-"&DT13, Sheet2!$E:$F, 2, FALSE), "") | EA13: =IFERROR(VLOOKUP(DY13&"-"&DZ13, Sheet2!$E:$F, 2, FALSE), "") | ED13: No | EJ13: No | EK13: - | EQ13: =IFERROR(VLOOKUP(EO13&"-"&EP13, Sheet2!$E:$F, 2, FALSE), "") | EV13: =IFERROR(VLOOKUP(ET13&"-"&EU13, Sheet2!$E:$F, 2, FALSE), "") | FC13: No | FD13: - | FI13: =IFERROR(VLOOKUP(FG13&"-"&FH13, Sheet2!$E:$F, 2, FALSE), "") | FL13: No | FT13: =IFERROR(VLOOKUP(FR13&"-"&FS13, Sheet2!$E:$F, 2, FALSE), "") | FZ13: =IFERROR(VLOOKUP(FX13&"-"&FY13, Sheet2!$E:$F, 2, FALSE), "") | GD13: No | GE13: - | GJ13: =IFERROR(VLOOKUP(GH13&"-"&GI13, Sheet2!$E:$F, 2, FALSE), "") | GP13: =IFERROR(VLOOKUP(GN13&"-"&GO13, Sheet2!$E:$F, 2, FALSE), "") | GW13: No | GX13: - | HC13: =IFERROR(VLOOKUP(HA13&"-"&HB13, Sheet2!$E:$F, 2, FALSE), "") | HF13: No | HN13: =IFERROR(VLOOKUP(HL13&"-"&HM13, Sheet2!$E:$F, 2, FALSE), "") | HT13: =IFERROR(VLOOKUP(HR13&"-"&HS13, Sheet2!$E:$F, 2, FALSE), "") | HX13: No | HY13: - | IE13: =IFERROR(VLOOKUP(IC13&"-"&ID13, Sheet2!$E:$F, 2, FALSE), "") | IK13: =IFERROR(VLOOKUP(II13&"-"&IJ13, Sheet2!$E:$F, 2, FALSE), "") | IR13: No | IS13: - | IY13: =IFERROR(VLOOKUP(IW13&"-"&IX13, Sheet2!$E:$F, 2, FALSE), "") | JG13: =IFERROR(VLOOKUP(JE13&"-"&JF13, Sheet2!$E:$F, 2, FALSE), "") | JM13: =IFERROR(VLOOKUP(JK13&"-"&JL13, Sheet2!$E:$F, 2, FALSE), "") | JQ13: No | JR13: - | JX13: =IFERROR(VLOOKUP(JV13&"-"&JW13, Sheet2!$E:$F, 2, FALSE), "") | KD13: =IFERROR(VLOOKUP(KB13&"-"&KC13, Sheet2!$E:$F, 2, FALSE), "") | KK13: No | KL13: - | KR13: =IFERROR(VLOOKUP(KP13&"-"&KQ13, Sheet2!$E:$F, 2, FALSE), "") | KZ13: =IFERROR(VLOOKUP(KX13&"-"&KY13, Sheet2!$E:$F, 2, FALSE), "") | LH13: =IFERROR(VLOOKUP(LF13&"-"&LG13, Sheet2!$E:$F, 2, FALSE), "") | LL13: No | LM13: - | LS13: =IFERROR(VLOOKUP(LQ13&"-"&LR13, Sheet2!$E:$F, 2, FALSE), "") | LY13: =IFERROR(VLOOKUP(LW13&"-"&LX13, Sheet2!$E:$F, 2, FALSE), "") | MD13: No | ME13: - | MK13: =IFERROR(VLOOKUP(MI13&"-"&MJ13, Sheet2!$E:$F, 2, FALSE), "") | MN13: No | MV13: =IFERROR(VLOOKUP(MT13&"-"&MU13, Sheet2!$E:$F, 2, FALSE), "") | NB13: =IFERROR(VLOOKUP(MZ13&"-"&NA13, Sheet2!$E:$F, 2, FALSE), "") | NF13: No | NG13: - | NM13: =IFERROR(VLOOKUP(NK13&"-"&NL13, Sheet2!$E:$F, 2, FALSE), "") | NS13: =IFERROR(VLOOKUP(NQ13&"-"&NR13, Sheet2!$E:$F, 2, FALSE), "") | NX13: No | NY13: - | OE13: =IFERROR(VLOOKUP(OC13&"-"&OD13, Sheet2!$E:$F, 2, FALSE), "") | OH13: No | OP13: =IFERROR(VLOOKUP(ON13&"-"&OO13, Sheet2!$E:$F, 2, FALSE), "") | OV13: =IFERROR(VLOOKUP(OT13&"-"&OU13, Sheet2!$E:$F, 2, FALSE), "") | OZ13: No | PA13: - | PG13: =IFERROR(VLOOKUP(PE13&"-"&PF13, Sheet2!$E:$F, 2, FALSE), "") | PM13: =IFERROR(VLOOKUP(PK13&"-"&PL13, Sheet2!$E:$F, 2, FALSE), "") | PR13: No | PS13: - | PY13: =IFERROR(VLOOKUP(PW13&"-"&PX13, Sheet2!$E:$F, 2, FALSE), "") | QB13: No | QJ13: =IFERROR(VLOOKUP(QH13&"-"&QI13, Sheet2!$E:$F, 2, FALSE), "") | QP13: =IFERROR(VLOOKUP(QN13&"-"&QO13, Sheet2!$E:$F, 2, FALSE), "") | QT13: No | QU13: - | RA13: =IFERROR(VLOOKUP(QY13&"-"&QZ13, Sheet2!$E:$F, 2, FALSE), "") | RG13: =IFERROR(VLOOKUP(RE13&"-"&RF13, Sheet2!$E:$F, 2, FALSE), "")
A14: Jackie | B14: Long | C14: No | D14: - | E14: NY | F14: 100014 | G14: jaclong11@gmail.com | H14: Founding Member | M14: =IFERROR(VLOOKUP(K14&"-"&L14, Sheet2!$E:$F, 2, FALSE), "") | N14: IL | O14: Norfolk | P14: 42.1603, -71.2118 | T14: No | AA14: =IFERROR(VLOOKUP(Y14&"-"&Z14, Sheet2!$E:$F, 2, FALSE), "") | AB14: MA | AL14: =IFERROR(VLOOKUP(AJ14&"-"&AK14, Sheet2!$E:$F, 2, FALSE), "") | AP14: No | AQ14: - | AV14: =IFERROR(VLOOKUP(AT14&"-"&AU14, Sheet2!$E:$F, 2, FALSE), "") | BD14: =IFERROR(VLOOKUP(BB14&"-"&BC14, Sheet2!$E:$F, 2, FALSE), "") | BJ14: No | BK14: - | BP14: =IFERROR(VLOOKUP(BN14&"-"&BO14, Sheet2!$E:$F, 2, FALSE), "") | BT14: No | CB14: =IFERROR(VLOOKUP(BZ14&"-"&CA14, Sheet2!$E:$F, 2, FALSE), "") | CH14: =IFERROR(VLOOKUP(CF14&"-"&CG14, Sheet2!$E:$F, 2, FALSE), "") | CL14: No | CM14: - | CR14: =IFERROR(VLOOKUP(CP14&"-"&CQ14, Sheet2!$E:$F, 2, FALSE), "") | CX14: =IFERROR(VLOOKUP(CV14&"-"&CW14, Sheet2!$E:$F, 2, FALSE), "") | DD14: No | DE14: - | DJ14: =IFERROR(VLOOKUP(DH14&"-"&DI14, Sheet2!$E:$F, 2, FALSE), "") | DM14: No | DU14: =IFERROR(VLOOKUP(DS14&"-"&DT14, Sheet2!$E:$F, 2, FALSE), "") | EA14: =IFERROR(VLOOKUP(DY14&"-"&DZ14, Sheet2!$E:$F, 2, FALSE), "") | ED14: No | EJ14: No | EK14: - | EQ14: =IFERROR(VLOOKUP(EO14&"-"&EP14, Sheet2!$E:$F, 2, FALSE), "") | EV14: =IFERROR(VLOOKUP(ET14&"-"&EU14, Sheet2!$E:$F, 2, FALSE), "") | FC14: No | FD14: - | FI14: =IFERROR(VLOOKUP(FG14&"-"&FH14, Sheet2!$E:$F, 2, FALSE), "") | FL14: No | FT14: =IFERROR(VLOOKUP(FR14&"-"&FS14, Sheet2!$E:$F, 2, FALSE), "") | FZ14: =IFERROR(VLOOKUP(FX14&"-"&FY14, Sheet2!$E:$F, 2, FALSE), "") | GD14: No | GE14: - | GJ14: =IFERROR(VLOOKUP(GH14&"-"&GI14, Sheet2!$E:$F, 2, FALSE), "") | GP14: =IFERROR(VLOOKUP(GN14&"-"&GO14, Sheet2!$E:$F, 2, FALSE), "") | GW14: No | GX14: - | HC14: =IFERROR(VLOOKUP(HA14&"-"&HB14, Sheet2!$E:$F, 2, FALSE), "") | HF14: No | HN14: =IFERROR(VLOOKUP(HL14&"-"&HM14, Sheet2!$E:$F, 2, FALSE), "") | HT14: =IFERROR(VLOOKUP(HR14&"-"&HS14, Sheet2!$E:$F, 2, FALSE), "") | HX14: No | HY14: - | IE14: =IFERROR(VLOOKUP(IC14&"-"&ID14, Sheet2!$E:$F, 2, FALSE), "") | IK14: =IFERROR(VLOOKUP(II14&"-"&IJ14, Sheet2!$E:$F, 2, FALSE), "") | IR14: No | IS14: - | IY14: =IFERROR(VLOOKUP(IW14&"-"&IX14, Sheet2!$E:$F, 2, FALSE), "") | JG14: =IFERROR(VLOOKUP(JE14&"-"&JF14, Sheet2!$E:$F, 2, FALSE), "") | JM14: =IFERROR(VLOOKUP(JK14&"-"&JL14, Sheet2!$E:$F, 2, FALSE), "") | JQ14: No | JR14: - | JX14: =IFERROR(VLOOKUP(JV14&"-"&JW14, Sheet2!$E:$F, 2, FALSE), "") | KD14: =IFERROR(VLOOKUP(KB14&"-"&KC14, Sheet2!$E:$F, 2, FALSE), "") | KK14: No | KL14: - | KR14: =IFERROR(VLOOKUP(KP14&"-"&KQ14, Sheet2!$E:$F, 2, FALSE), "") | KZ14: =IFERROR(VLOOKUP(KX14&"-"&KY14, Sheet2!$E:$F, 2, FALSE), "") | LH14: =IFERROR(VLOOKUP(LF14&"-"&LG14, Sheet2!$E:$F, 2, FALSE), "") | LL14: No | LM14: - | LS14: =IFERROR(VLOOKUP(LQ14&"-"&LR14, Sheet2!$E:$F, 2, FALSE), "") | LY14: =IFERROR(VLOOKUP(LW14&"-"&LX14, Sheet2!$E:$F, 2, FALSE), "") | MD14: No | ME14: - | MK14: =IFERROR(VLOOKUP(MI14&"-"&MJ14, Sheet2!$E:$F, 2, FALSE), "") | MN14: No | MV14: =IFERROR(VLOOKUP(MT14&"-"&MU14, Sheet2!$E:$F, 2, FALSE), "") | NB14: =IFERROR(VLOOKUP(MZ14&"-"&NA14, Sheet2!$E:$F, 2, FALSE), "") | NF14: No | NG14: - | NM14: =IFERROR(VLOOKUP(NK14&"-"&NL14, Sheet2!$E:$F, 2, FALSE), "") | NS14: =IFERROR(VLOOKUP(NQ14&"-"&NR14, Sheet2!$E:$F, 2, FALSE), "") | NX14: No | NY14: - | OE14: =IFERROR(VLOOKUP(OC14&"-"&OD14, Sheet2!$E:$F, 2, FALSE), "") | OH14: No | OP14: =IFERROR(VLOOKUP(ON14&"-"&OO14, Sheet2!$E:$F, 2, FALSE), "") | OV14: =IFERROR(VLOOKUP(OT14&"-"&OU14, Sheet2!$E:$F, 2, FALSE), "") | OZ14: No | PA14: - | PG14: =IFERROR(VLOOKUP(PE14&"-"&PF14, Sheet2!$E:$F, 2, FALSE), "") | PM14: =IFERROR(VLOOKUP(PK14&"-"&PL14, Sheet2!$E:$F, 2, FALSE), "") | PR14: No | PS14: - | PY14: =IFERROR(VLOOKUP(PW14&"-"&PX14, Sheet2!$E:$F, 2, FALSE), "") | QB14: No | QJ14: =IFERROR(VLOOKUP(QH14&"-"&QI14, Sheet2!$E:$F, 2, FALSE), "") | QP14: =IFERROR(VLOOKUP(QN14&"-"&QO14, Sheet2!$E:$F, 2, FALSE), "") | QT14: No | QU14: - | RA14: =IFERROR(VLOOKUP(QY14&"-"&QZ14, Sheet2!$E:$F, 2, FALSE), "") | RG14: =IFERROR(VLOOKUP(RE14&"-"&RF14, Sheet2!$E:$F, 2, FALSE), "")
A15: CONSTANCE ELAINE | B15: Curts | C15: No | D15: - | E15: MO | F15: 100015 | G15: curts-lawrence@hotmail.com | H15: Founding Member | I15: 21162 | J15: Islip Suffolk New York | M15: =IFERROR(VLOOKUP(K15&"-"&L15, Sheet2!$E:$F, 2, FALSE), "") | N15: IL | O15: Norfolk | R15: White | S15: European American | T15: No | AA15: =IFERROR(VLOOKUP(Y15&"-"&Z15, Sheet2!$E:$F, 2, FALSE), "") | AB15: MA | AG15: 36805 | AH15: Olathe, Johnson County, Kansas | AL15: =IFERROR(VLOOKUP(AJ15&"-"&AK15, Sheet2!$E:$F, 2, FALSE), "") | AM15: Brian F. | AN15: Lawrence | AP15: No | AQ15: - | AS15: White | AV15: =IFERROR(VLOOKUP(AT15&"-"&AU15, Sheet2!$E:$F, 2, FALSE), "") | AW15: European American | BD15: =IFERROR(VLOOKUP(BB15&"-"&BC15, Sheet2!$E:$F, 2, FALSE), "") | BG15: Calvin Aldrish | BH15: Smith | BI15: 12850 | BJ15: No | BK15: - | BL15: New York | BP15: =IFERROR(VLOOKUP(BN15&"-"&BO15, Sheet2!$E:$F, 2, FALSE), "") | BT15: No | BW15: 39392 | BX15: Roseville, PlacerCounty, California | CB15: =IFERROR(VLOOKUP(BZ15&"-"&CA15, Sheet2!$E:$F, 2, FALSE), "") | CC15: 19911 | CD15: Chesterfield, Chesterfield County, South Carolina | CH15: =IFERROR(VLOOKUP(CF15&"-"&CG15, Sheet2!$E:$F, 2, FALSE), "") | CI15: JUNE lONE | CJ15: CORNWELL | CK15: 13079 | CL15: No | CM15: - | CN15: Springfield, Hampden County, Massachusetts | CR15: =IFERROR(VLOOKUP(CP15&"-"&CQ15, Sheet2!$E:$F, 2, FALSE), "") | CS15: 28408 | CT15: St. Charles, St.Charles County, Missouri | CX15: =IFERROR(VLOOKUP(CV15&"-"&CW15, Sheet2!$E:$F, 2, FALSE), "") | DA15: ROBERT Flushing | DB15: Cornwell | DC15: 1614 | DD15: No | DE15: - | DF15: Brockton, Plymouth County, Massachusetts | DJ15: =IFERROR(VLOOKUP(DH15&"-"&DI15, Sheet2!$E:$F, 2, FALSE), "") | DM15: No | DP15: 36241 | DQ15: Troy, LincolnCounty, Missouri | DU15: =IFERROR(VLOOKUP(DS15&"-"&DT15, Sheet2!$E:$F, 2, FALSE), "") | DV15: 12464 | DW15: NewYorkCity, Bronx, NewYork | EA15: =IFERROR(VLOOKUP(DY15&"-"&DZ15, Sheet2!$E:$F, 2, FALSE), "") | EB15: White | EC15: European American | ED15: No | EG15: Despena | EH15: Parakeva | EJ15: No | EK15: - | EL15: 14 Feb 191 1 | EM15: Springfield, Hampden County, Massachusetts | EN15: 34582 | EQ15: =IFERROR(VLOOKUP(EO15&"-"&EP15, Sheet2!$E:$F, 2, FALSE), "") | ER15: Wentille, St. Charles Coun, Massachusetts | EV15: =IFERROR(VLOOKUP(ET15&"-"&EU15, Sheet2!$E:$F, 2, FALSE), "") | EW15: White | EX15: Greece | EZ15: SAMUEL BENJAMIN | FA15: Cornwell | FB15: 24 Feb 1859 | FC15: No | FD15: - | FE15: Bridgewater, Plymouth County, Massachusetts | FI15: =IFERROR(VLOOKUP(FG15&"-"&FH15, Sheet2!$E:$F, 2, FALSE), "") | FJ15: Black | FK15: African American | FL15: No | FO15: 19565 | FP15: Brockton, Plymouth County, Massachusetts | FT15: =IFERROR(VLOOKUP(FR15&"-"&FS15, Sheet2!$E:$F, 2, FALSE), "") | FU15: 208 | FV15: Bridgewater, Plymouth, MA | FZ15: =IFERROR(VLOOKUP(FX15&"-"&FY15, Sheet2!$E:$F, 2, FALSE), "") | GA15: Ione Isabel | GB15: Auten | GC15: 16 Mar 1869 | GD15: No | GE15: - | GF15: Manchester twp, Passaic, New Jersey | GJ15: =IFERROR(VLOOKUP(GH15&"-"&GI15, Sheet2!$E:$F, 2, FALSE), "") | GK15: 2837 | GL15: Brockton, Plymouth County, Massachusetts | GP15: =IFERROR(VLOOKUP(GN15&"-"&GO15, Sheet2!$E:$F, 2, FALSE), "") | GQ15: White | GR15: European American | GT15: Flushing | GU15: Cornwell | GV15: 25 Dec 1801 | GW15: No | GX15: - | GY15: St. Johns Parish, News Bruniswick, Canada | HC15: =IFERROR(VLOOKUP(HA15&"-"&HB15, Sheet2!$E:$F, 2, FALSE), "") | HF15: No | HI15: 19 Aug 1888 | HJ15: Bridgewater, Plymouth, MA | HK15: 41_59_25_N_70_58_32_W | HN15: =IFERROR(VLOOKUP(HL15&"-"&HM15, Sheet2!$E:$F, 2, FALSE), "") | HO15: 10 May 1817 | HP15: Bridgewater, Plymouth, MA | HQ15: 41_59_25_N_70_58_32_W | HT15: =IFERROR(VLOOKUP(HR15&"-"&HS15, Sheet2!$E:$F, 2, FALSE), "") | HU15: Harriet | HV15: BROOKER | HX15: No | HY15: - | HZ15: 586 | IA15: Bridgewater, Plymouth, MA | IB15: 41_59_25_N_70_58_32_W | IE15: =IFERROR(VLOOKUP(IC15&"-"&ID15, Sheet2!$E:$F, 2, FALSE), "") | IF15: 19 Apr 1840 | IG15: Brockton, Plymouth, MA | IK15: =IFERROR(VLOOKUP(II15&"-"&IJ15, Sheet2!$E:$F, 2, FALSE), "") | IL15: Black | IM15: African American | IN15: Record Copy NSSAR #165111, Add ACN 51405 and Record Copy NSDAR # 672791, Add. Vol. 1043 | IO15: Samuel Stanley | IP15: Brooker | IQ15: Bruker | IR15: No | IS15: - | IT15: 12 May 1795 | IU15: Bridgewater, Plymouth, MA | IY15: =IFERROR(VLOOKUP(IW15&"-"&IX15, Sheet2!$E:$F, 2, FALSE), "") | IZ15: Black | JA15: African American | JB15: 26 Feb 1838 | JC15: Boston, Suffolk, MA | JD15: 42_21_37_N_71_3_28_W | JG15: =IFERROR(VLOOKUP(JE15&"-"&JF15, Sheet2!$E:$F, 2, FALSE), "") | JH15: 18 Oct 1818 | JI15: Boston, Suffolk, MA | JJ15: 42_21_37_N_71_3_28_W | JM15: =IFERROR(VLOOKUP(JK15&"-"&JL15, Sheet2!$E:$F, 2, FALSE), "") | JN15: Philinda | JO15: Russell | JP15: Lender | JQ15: No | JR15: - | JS15: 21 Jan 1799 | JT15: Beverly, Essex, MA | JX15: =IFERROR(VLOOKUP(JV15&"-"&JW15, Sheet2!$E:$F, 2, FALSE), "") | JY15: 23 Apr 1848 | JZ15: Tauton, Bristol, MA | KD15: =IFERROR(VLOOKUP(KB15&"-"&KC15, Sheet2!$E:$F, 2, FALSE), "") | KE15: Black | KF15: African American | KG15: Record Copy NSSAR #165111, Add ACN 51405 and Record Copy NSDAR # 672791, Add. Vol. 1043 | KH15: Samuel Stanley | KI15: Brooker | KJ15: Bruker | KK15: No | KL15: - | KM15: 12 May 1795 | KN15: Bridgewater, Plymouth, MA | KR15: =IFERROR(VLOOKUP(KP15&"-"&KQ15, Sheet2!$E:$F, 2, FALSE), "") | KU15: 26 Feb 1838 | KV15: Boston, Suffolk, MA | KW15: 42_21_37_N_71_3_28_W | KZ15: =IFERROR(VLOOKUP(KX15&"-"&KY15, Sheet2!$E:$F, 2, FALSE), "") | LA15: Black | LB15: African American | LC15: 18 Oct 1818 | LD15: Boston, Suffolk, MA | LE15: 42_21_37_N_71_3_28_W | LH15: =IFERROR(VLOOKUP(LF15&"-"&LG15, Sheet2!$E:$F, 2, FALSE), "") | LI15: Philinda | LJ15: Russell | LK15: Lender | LL15: No | LM15: - | LN15: 21 Jan 1799 | LO15: Beverly, Essex, MA | LS15: =IFERROR(VLOOKUP(LQ15&"-"&LR15, Sheet2!$E:$F, 2, FALSE), "") | LT15: 23 Apr 1848 | LU15: Tauton, Bristol, MA | LY15: =IFERROR(VLOOKUP(LW15&"-"&LX15, Sheet2!$E:$F, 2, FALSE), "") | LZ15: Record Copy NSSAR #165111, Add ACN 51405 and Record Copy NSDAR # 672791, Add. Vol. 1043 | MA15: Caesar | MB15: Russell | MD15: No | ME15: - | MF15: 1756 | MK15: =IFERROR(VLOOKUP(MI15&"-"&MJ15, Sheet2!$E:$F, 2, FALSE), "") | MN15: No | MQ15: 20 Oct 1861 | MR15: Tauton, Bristol, MA | MV15: =IFERROR(VLOOKUP(MT15&"-"&MU15, Sheet2!$E:$F, 2, FALSE), "") | NB15: =IFERROR(VLOOKUP(MZ15&"-"&NA15, Sheet2!$E:$F, 2, FALSE), "") | NC15: Sally | ND15: Richardson | NF15: No | NG15: - | NM15: =IFERROR(VLOOKUP(NK15&"-"&NL15, Sheet2!$E:$F, 2, FALSE), "") | NS15: =IFERROR(VLOOKUP(NQ15&"-"&NR15, Sheet2!$E:$F, 2, FALSE), "") | NT15: Record Copy NSSAR #165111, Add ACN 51405 and Record Copy NSDAR # 672791, Add. Vol. 1043 | NX15: No | NY15: - | OE15: =IFERROR(VLOOKUP(OC15&"-"&OD15, Sheet2!$E:$F, 2, FALSE), "") | OH15: No | OP15: =IFERROR(VLOOKUP(ON15&"-"&OO15, Sheet2!$E:$F, 2, FALSE), "") | OV15: =IFERROR(VLOOKUP(OT15&"-"&OU15, Sheet2!$E:$F, 2, FALSE), "") | OZ15: No | PA15: - | PG15: =IFERROR(VLOOKUP(PE15&"-"&PF15, Sheet2!$E:$F, 2, FALSE), "") | PM15: =IFERROR(VLOOKUP(PK15&"-"&PL15, Sheet2!$E:$F, 2, FALSE), "") | PN15: Record Copy NSSAR #165111, Add ACN 51405 and Record Copy NSDAR # 672791, Add. Vol. 1043 | PR15: No | PS15: - | PY15: =IFERROR(VLOOKUP(PW15&"-"&PX15, Sheet2!$E:$F, 2, FALSE), "") | QB15: No | QJ15: =IFERROR(VLOOKUP(QH15&"-"&QI15, Sheet2!$E:$F, 2, FALSE), "") | QP15: =IFERROR(VLOOKUP(QN15&"-"&QO15, Sheet2!$E:$F, 2, FALSE), "") | QT15: No | QU15: - | RA15: =IFERROR(VLOOKUP(QY15&"-"&QZ15, Sheet2!$E:$F, 2, FALSE), "") | RG15: =IFERROR(VLOOKUP(RE15&"-"&RF15, Sheet2!$E:$F, 2, FALSE), "") | RH15: Record Copy NSSAR #165111, Add ACN 51405 and Record Copy NSDAR # 672791, Add. Vol. 1043
A16: Jay | B16: Carter | C16: No | D16: - | F16: 100016 | G16: jaylonac@yahoo.com | H16: Charter Member | I16: 19162 | J16: Grand Rapids, Kent, MI | M16: =IFERROR(VLOOKUP(K16&"-"&L16, Sheet2!$E:$F, 2, FALSE), "") | N16: IL | O16: Norfolk | P16: 42.1603, -71.2118 | T16: No | AA16: =IFERROR(VLOOKUP(Y16&"-"&Z16, Sheet2!$E:$F, 2, FALSE), "") | AB16: MA | AL16: =IFERROR(VLOOKUP(AJ16&"-"&AK16, Sheet2!$E:$F, 2, FALSE), "") | AP16: No | AQ16: - | AV16: =IFERROR(VLOOKUP(AT16&"-"&AU16, Sheet2!$E:$F, 2, FALSE), "") | BD16: =IFERROR(VLOOKUP(BB16&"-"&BC16, Sheet2!$E:$F, 2, FALSE), "") | BG16: Jaycee | BH16: Carter | BI16: 17321 | BJ16: No | BK16: - | BP16: =IFERROR(VLOOKUP(BN16&"-"&BO16, Sheet2!$E:$F, 2, FALSE), "") | BT16: No | BW16: 34113 | BX16: Ann Arbor | CB16: =IFERROR(VLOOKUP(BZ16&"-"&CA16, Sheet2!$E:$F, 2, FALSE), "") | CH16: =IFERROR(VLOOKUP(CF16&"-"&CG16, Sheet2!$E:$F, 2, FALSE), "") | CI16: Shelley Viola | CJ16: Murphy | CK16: 19162 | CL16: No | CM16: - | CN16: Grand Rapid, Kent, MI | CR16: =IFERROR(VLOOKUP(CP16&"-"&CQ16, Sheet2!$E:$F, 2, FALSE), "") | CX16: =IFERROR(VLOOKUP(CV16&"-"&CW16, Sheet2!$E:$F, 2, FALSE), "") | DA16: Calvin | DB16: Murphy | DC16: 9095 | DD16: No | DE16: - | DF16: Ft. Wayne, Allen, IN | DJ16: =IFERROR(VLOOKUP(DH16&"-"&DI16, Sheet2!$E:$F, 2, FALSE), "") | DM16: No | DP16: 35647 | DQ16: Tallahassee, Leon, FL, Leon, FL | DU16: =IFERROR(VLOOKUP(DS16&"-"&DT16, Sheet2!$E:$F, 2, FALSE), "") | DV16: 00 00 1947 | DW16: Grand Rapid, Kent, MI | EA16: =IFERROR(VLOOKUP(DY16&"-"&DZ16, Sheet2!$E:$F, 2, FALSE), "") | ED16: No | EG16: Verna Mai | EH16: Worden | EJ16: No | EK16: - | EL16: 11102 | EM16: Grand Rapid, Kent, MI | EQ16: =IFERROR(VLOOKUP(EO16&"-"&EP16, Sheet2!$E:$F, 2, FALSE), "") | EV16: =IFERROR(VLOOKUP(ET16&"-"&EU16, Sheet2!$E:$F, 2, FALSE), "") | EZ16: Arthur | FA16: Worden | FB16: 00 Oct 1904 | FC16: No | FD16: - | FE16: - , Benzie, MI | FI16: =IFERROR(VLOOKUP(FG16&"-"&FH16, Sheet2!$E:$F, 2, FALSE), "") | FL16: No | FO16: 0 0 1959 | FP16: Grand Rapids, Kent, MI | FT16: =IFERROR(VLOOKUP(FR16&"-"&FS16, Sheet2!$E:$F, 2, FALSE), "") | FU16: 0 0 1927 | FZ16: =IFERROR(VLOOKUP(FX16&"-"&FY16, Sheet2!$E:$F, 2, FALSE), "") | GA16: Irene Arlington | GB16: Davis | GC16: 0 Oct 1904 | GD16: No | GE16: - | GF16: - , Benzie, MI | GJ16: =IFERROR(VLOOKUP(GH16&"-"&GI16, Sheet2!$E:$F, 2, FALSE), "") | GK16: 0 0 1990 | GP16: =IFERROR(VLOOKUP(GN16&"-"&GO16, Sheet2!$E:$F, 2, FALSE), "") | GT16: George | GU16: Marsh | GV16: 1834 | GW16: No | GX16: - | GY16: VA | HC16: =IFERROR(VLOOKUP(HA16&"-"&HB16, Sheet2!$E:$F, 2, FALSE), "") | HF16: No | HI16: 0 0 1895 | HJ16: Manistee, MI | HN16: =IFERROR(VLOOKUP(HL16&"-"&HM16, Sheet2!$E:$F, 2, FALSE), "") | HO16: 19 Jun 1863 | HP16: Jefferson, VA | HT16: =IFERROR(VLOOKUP(HR16&"-"&HS16, Sheet2!$E:$F, 2, FALSE), "") | HU16: Mary Catherine | HV16: Goens | HW16: Goins/Goings/Gowen | HX16: No | HY16: - | HZ16: 0 0 1840 | IA16: Jefferson, VA | IE16: =IFERROR(VLOOKUP(IC16&"-"&ID16, Sheet2!$E:$F, 2, FALSE), "") | IF16: 0 0 1905 | IG16: Manistee, MI | IK16: =IFERROR(VLOOKUP(II16&"-"&IJ16, Sheet2!$E:$F, 2, FALSE), "") | IO16: Lawson | IP16: Goings | IQ16: Goins/Goens/Gowen | IR16: No | IS16: - | IT16: 0 0 1807 | IU16: Clarke, VA | IY16: =IFERROR(VLOOKUP(IW16&"-"&IX16, Sheet2!$E:$F, 2, FALSE), "") | JB16: 12 Jul 1874 | JC16: Clarke, VA | JG16: =IFERROR(VLOOKUP(JE16&"-"&JF16, Sheet2!$E:$F, 2, FALSE), "") | JH16: 0 0 1830 | JM16: =IFERROR(VLOOKUP(JK16&"-"&JL16, Sheet2!$E:$F, 2, FALSE), "") | JN16: Sarah Ann | JO16: Hart | JQ16: No | JR16: - | JS16: 0 0 1810 | JT16: VA | JX16: =IFERROR(VLOOKUP(JV16&"-"&JW16, Sheet2!$E:$F, 2, FALSE), "") | JY16: 0 0 1886 | JZ16: Jefferson, WV | KD16: =IFERROR(VLOOKUP(KB16&"-"&KC16, Sheet2!$E:$F, 2, FALSE), "") | KH16: Joseph | KI16: Goings | KK16: No | KL16: - | KN16: VA | KR16: =IFERROR(VLOOKUP(KP16&"-"&KQ16, Sheet2!$E:$F, 2, FALSE), "") | KZ16: =IFERROR(VLOOKUP(KX16&"-"&KY16, Sheet2!$E:$F, 2, FALSE), "") | LC16: 0 0 1801 | LH16: =IFERROR(VLOOKUP(LF16&"-"&LG16, Sheet2!$E:$F, 2, FALSE), "") | LI16: Nancy | LJ16: Winsor | LL16: No | LM16: - | LS16: =IFERROR(VLOOKUP(LQ16&"-"&LR16, Sheet2!$E:$F, 2, FALSE), "") | LY16: =IFERROR(VLOOKUP(LW16&"-"&LX16, Sheet2!$E:$F, 2, FALSE), "") | MA16: Luke | MB16: Goings | MD16: No | ME16: - | MK16: =IFERROR(VLOOKUP(MI16&"-"&MJ16, Sheet2!$E:$F, 2, FALSE), "") | MN16: No | MR16: Loudoun, VA | MV16: =IFERROR(VLOOKUP(MT16&"-"&MU16, Sheet2!$E:$F, 2, FALSE), "") | NB16: =IFERROR(VLOOKUP(MZ16&"-"&NA16, Sheet2!$E:$F, 2, FALSE), "") | NC16: Margaret | NF16: No | NG16: - | NM16: =IFERROR(VLOOKUP(NK16&"-"&NL16, Sheet2!$E:$F, 2, FALSE), "") | NS16: =IFERROR(VLOOKUP(NQ16&"-"&NR16, Sheet2!$E:$F, 2, FALSE), "") | NX16: No | NY16: - | OE16: =IFERROR(VLOOKUP(OC16&"-"&OD16, Sheet2!$E:$F, 2, FALSE), "") | OH16: No | OP16: =IFERROR(VLOOKUP(ON16&"-"&OO16, Sheet2!$E:$F, 2, FALSE), "") | OV16: =IFERROR(VLOOKUP(OT16&"-"&OU16, Sheet2!$E:$F, 2, FALSE), "") | OZ16: No | PA16: - | PG16: =IFERROR(VLOOKUP(PE16&"-"&PF16, Sheet2!$E:$F, 2, FALSE), "") | PM16: =IFERROR(VLOOKUP(PK16&"-"&PL16, Sheet2!$E:$F, 2, FALSE), "") | PR16: No | PS16: - | PY16: =IFERROR(VLOOKUP(PW16&"-"&PX16, Sheet2!$E:$F, 2, FALSE), "") | QB16: No | QJ16: =IFERROR(VLOOKUP(QH16&"-"&QI16, Sheet2!$E:$F, 2, FALSE), "") | QP16: =IFERROR(VLOOKUP(QN16&"-"&QO16, Sheet2!$E:$F, 2, FALSE), "") | QT16: No | QU16: - | RA16: =IFERROR(VLOOKUP(QY16&"-"&QZ16, Sheet2!$E:$F, 2, FALSE), "") | RG16: =IFERROR(VLOOKUP(RE16&"-"&RF16, Sheet2!$E:$F, 2, FALSE), "")
A17: Harold | B17: Cornwall | C17: No | D17: - | E17: NY | F17: 100017 | G17: harcol@hotmail.com | H17: Founding Member | M17: =IFERROR(VLOOKUP(K17&"-"&L17, Sheet2!$E:$F, 2, FALSE), "") | N17: IL | O17: Norfolk | P17: 42.1603, -71.2118 | T17: No | AA17: =IFERROR(VLOOKUP(Y17&"-"&Z17, Sheet2!$E:$F, 2, FALSE), "") | AB17: MA | AL17: =IFERROR(VLOOKUP(AJ17&"-"&AK17, Sheet2!$E:$F, 2, FALSE), "") | AP17: No | AQ17: - | AV17: =IFERROR(VLOOKUP(AT17&"-"&AU17, Sheet2!$E:$F, 2, FALSE), "") | BD17: =IFERROR(VLOOKUP(BB17&"-"&BC17, Sheet2!$E:$F, 2, FALSE), "") | BJ17: No | BK17: - | BP17: =IFERROR(VLOOKUP(BN17&"-"&BO17, Sheet2!$E:$F, 2, FALSE), "") | BT17: No | CB17: =IFERROR(VLOOKUP(BZ17&"-"&CA17, Sheet2!$E:$F, 2, FALSE), "") | CH17: =IFERROR(VLOOKUP(CF17&"-"&CG17, Sheet2!$E:$F, 2, FALSE), "") | CL17: No | CM17: - | CR17: =IFERROR(VLOOKUP(CP17&"-"&CQ17, Sheet2!$E:$F, 2, FALSE), "") | CX17: =IFERROR(VLOOKUP(CV17&"-"&CW17, Sheet2!$E:$F, 2, FALSE), "") | DD17: No | DE17: - | DJ17: =IFERROR(VLOOKUP(DH17&"-"&DI17, Sheet2!$E:$F, 2, FALSE), "") | DM17: No | DU17: =IFERROR(VLOOKUP(DS17&"-"&DT17, Sheet2!$E:$F, 2, FALSE), "") | EA17: =IFERROR(VLOOKUP(DY17&"-"&DZ17, Sheet2!$E:$F, 2, FALSE), "") | ED17: No | EJ17: No | EK17: - | EQ17: =IFERROR(VLOOKUP(EO17&"-"&EP17, Sheet2!$E:$F, 2, FALSE), "") | EV17: =IFERROR(VLOOKUP(ET17&"-"&EU17, Sheet2!$E:$F, 2, FALSE), "") | FC17: No | FD17: - | FI17: =IFERROR(VLOOKUP(FG17&"-"&FH17, Sheet2!$E:$F, 2, FALSE), "") | FL17: No | FT17: =IFERROR(VLOOKUP(FR17&"-"&FS17, Sheet2!$E:$F, 2, FALSE), "") | FZ17: =IFERROR(VLOOKUP(FX17&"-"&FY17, Sheet2!$E:$F, 2, FALSE), "") | GD17: No | GE17: - | GJ17: =IFERROR(VLOOKUP(GH17&"-"&GI17, Sheet2!$E:$F, 2, FALSE), "") | GP17: =IFERROR(VLOOKUP(GN17&"-"&GO17, Sheet2!$E:$F, 2, FALSE), "") | GW17: No | GX17: - | HC17: =IFERROR(VLOOKUP(HA17&"-"&HB17, Sheet2!$E:$F, 2, FALSE), "") | HF17: No | HN17: =IFERROR(VLOOKUP(HL17&"-"&HM17, Sheet2!$E:$F, 2, FALSE), "") | HT17: =IFERROR(VLOOKUP(HR17&"-"&HS17, Sheet2!$E:$F, 2, FALSE), "") | HX17: No | HY17: - | IE17: =IFERROR(VLOOKUP(IC17&"-"&ID17, Sheet2!$E:$F, 2, FALSE), "") | IK17: =IFERROR(VLOOKUP(II17&"-"&IJ17, Sheet2!$E:$F, 2, FALSE), "") | IR17: No | IS17: - | IY17: =IFERROR(VLOOKUP(IW17&"-"&IX17, Sheet2!$E:$F, 2, FALSE), "") | JG17: =IFERROR(VLOOKUP(JE17&"-"&JF17, Sheet2!$E:$F, 2, FALSE), "") | JM17: =IFERROR(VLOOKUP(JK17&"-"&JL17, Sheet2!$E:$F, 2, FALSE), "") | JQ17: No | JR17: - | JX17: =IFERROR(VLOOKUP(JV17&"-"&JW17, Sheet2!$E:$F, 2, FALSE), "") | KD17: =IFERROR(VLOOKUP(KB17&"-"&KC17, Sheet2!$E:$F, 2, FALSE), "") | KK17: No | KL17: - | KR17: =IFERROR(VLOOKUP(KP17&"-"&KQ17, Sheet2!$E:$F, 2, FALSE), "") | KZ17: =IFERROR(VLOOKUP(KX17&"-"&KY17, Sheet2!$E:$F, 2, FALSE), "") | LH17: =IFERROR(VLOOKUP(LF17&"-"&LG17, Sheet2!$E:$F, 2, FALSE), "") | LL17: No | LM17: - | LS17: =IFERROR(VLOOKUP(LQ17&"-"&LR17, Sheet2!$E:$F, 2, FALSE), "") | LY17: =IFERROR(VLOOKUP(LW17&"-"&LX17, Sheet2!$E:$F, 2, FALSE), "") | MD17: No | ME17: - | MK17: =IFERROR(VLOOKUP(MI17&"-"&MJ17, Sheet2!$E:$F, 2, FALSE), "") | MN17: No | MV17: =IFERROR(VLOOKUP(MT17&"-"&MU17, Sheet2!$E:$F, 2, FALSE), "") | NB17: =IFERROR(VLOOKUP(MZ17&"-"&NA17, Sheet2!$E:$F, 2, FALSE), "") | NF17: No | NG17: - | NM17: =IFERROR(VLOOKUP(NK17&"-"&NL17, Sheet2!$E:$F, 2, FALSE), "") | NS17: =IFERROR(VLOOKUP(NQ17&"-"&NR17, Sheet2!$E:$F, 2, FALSE), "") | NX17: No | NY17: - | OE17: =IFERROR(VLOOKUP(OC17&"-"&OD17, Sheet2!$E:$F, 2, FALSE), "") | OH17: No | OP17: =IFERROR(VLOOKUP(ON17&"-"&OO17, Sheet2!$E:$F, 2, FALSE), "") | OV17: =IFERROR(VLOOKUP(OT17&"-"&OU17, Sheet2!$E:$F, 2, FALSE), "") | OZ17: No | PA17: - | PG17: =IFERROR(VLOOKUP(PE17&"-"&PF17, Sheet2!$E:$F, 2, FALSE), "") | PM17: =IFERROR(VLOOKUP(PK17&"-"&PL17, Sheet2!$E:$F, 2, FALSE), "") | PR17: No | PS17: - | PY17: =IFERROR(VLOOKUP(PW17&"-"&PX17, Sheet2!$E:$F, 2, FALSE), "") | QB17: No | QJ17: =IFERROR(VLOOKUP(QH17&"-"&QI17, Sheet2!$E:$F, 2, FALSE), "") | QP17: =IFERROR(VLOOKUP(QN17&"-"&QO17, Sheet2!$E:$F, 2, FALSE), "") | QT17: No | QU17: - | RA17: =IFERROR(VLOOKUP(QY17&"-"&QZ17, Sheet2!$E:$F, 2, FALSE), "") | RG17: =IFERROR(VLOOKUP(RE17&"-"&RF17, Sheet2!$E:$F, 2, FALSE), "")
A18: Joan | B18: Murphy | C18: No | D18: - | E18: VA | F18: 100018 | G18: evsundrive@yahoo.com | H18: Charter Member | I18: 10655 | J18: Brockton, Plymouth, MA | M18: =IFERROR(VLOOKUP(K18&"-"&L18, Sheet2!$E:$F, 2, FALSE), "") | N18: IL | O18: Norfolk | P18: 42.1603, -71.2118 | Q18: 42°05′00″N 71°01′08″W | T18: No | AA18: =IFERROR(VLOOKUP(Y18&"-"&Z18, Sheet2!$E:$F, 2, FALSE), "") | AB18: MA | AF18: Record Copy NSSAR #165111, Add ACN 51405 and Record Copy NSDAR # 672791, Add. Vol. 1043 | AG18: 18635 | AH18: Brockton, Plymouth, MA | AI18: 42°05′00″N 71°01′08″W | AL18: =IFERROR(VLOOKUP(AJ18&"-"&AK18, Sheet2!$E:$F, 2, FALSE), "") | AM18: Robert | AN18: Murphy | AO18: 30 Mar 1927 | AP18: No | AQ18: - | AR18: Boston, Suffolk, MA | AV18: =IFERROR(VLOOKUP(AT18&"-"&AU18, Sheet2!$E:$F, 2, FALSE), "") | AX18: 42_21_37_N_71_3_28_W | AY18: 24169 | AZ18: Milton, Norfolk, MA | BA18: 42°15′00″N 71°04′00″W | BD18: =IFERROR(VLOOKUP(BB18&"-"&BC18, Sheet2!$E:$F, 2, FALSE), "") | BF18: Record Copy NSSAR #165111, Add ACN 51405 and Record Copy NSDAR # 672791, Add. Vol. 1043 | BG18: Harold | BH18: Cornwall | BI18: 518 | BJ18: No | BK18: - | BL18: Brockton, Plymouth, MA | BM18: 42°05′00″N 71°01′08″W | BP18: =IFERROR(VLOOKUP(BN18&"-"&BO18, Sheet2!$E:$F, 2, FALSE), "") | BT18: No | BW18: 33550 | BX18: Brockton, Plymouth, MA | BY18: 42°05′00″N 71°01′08″W | CB18: =IFERROR(VLOOKUP(BZ18&"-"&CA18, Sheet2!$E:$F, 2, FALSE), "") | CC18: 8959 | CD18: Brockton, Plymouth, MA | CE18: 42°05′00″N 71°01′08″W | CH18: =IFERROR(VLOOKUP(CF18&"-"&CG18, Sheet2!$E:$F, 2, FALSE), "") | CI18: Marie | CJ18: Howell | CK18: 1, 20, 1907 | CL18: No | CM18: - | CN18: Brockton, Plymouth, MA | CO18: 42°05′00″N 71°01′08″W | CR18: =IFERROR(VLOOKUP(CP18&"-"&CQ18, Sheet2!$E:$F, 2, FALSE), "") | CS18: 3, 1, 2022 | CT18: Brockton, Plymouth, MA | CU18: 42°05′00″N 71°01′08″W | CX18: =IFERROR(VLOOKUP(CV18&"-"&CW18, Sheet2!$E:$F, 2, FALSE), "") | CZ18: Record Copy NSSAR #165111, Add ACN 51405 and Record Copy NSDAR # 672791, Add. Vol. 1043 | DA18: Benjamin | DB18: CORNWALL | DC18: 06 Oct 1869 | DD18: No | DE18: - | DF18: Boston, Suffolk, MA | DJ18: =IFERROR(VLOOKUP(DH18&"-"&DI18, Sheet2!$E:$F, 2, FALSE), "") | DM18: No | DP18: 6649 | DQ18: Brockton, Plymouth, MA | DR18: 42°05′00″N 71°01′08″W | DU18: =IFERROR(VLOOKUP(DS18&"-"&DT18, Sheet2!$E:$F, 2, FALSE), "") | DV18: 2, 18, 1901 | DW18: Brockton, Plymouth, MA | DX18: 42°05′00″N 71°01′08″W | EA18: =IFERROR(VLOOKUP(DY18&"-"&DZ18, Sheet2!$E:$F, 2, FALSE), "") | ED18: No | EG18: Grace | EH18: Jackson | EJ18: No | EK18: - | EL18: 25 Mar 1877 | EM18: Huntington, Suffolk, NY | EN18: 2, 24, 1946 | EQ18: =IFERROR(VLOOKUP(EO18&"-"&EP18, Sheet2!$E:$F, 2, FALSE), "") | ER18: Brockton, Plymouth, MA | ES18: 42°05′00″N 71°01′08″W | EV18: =IFERROR(VLOOKUP(ET18&"-"&EU18, Sheet2!$E:$F, 2, FALSE), "") | EY18: Record Copy NSSAR #165111, Add ACN 51405 and Record Copy NSDAR # 672791, Add. Vol. 1043 | EZ18: William | FA18: Cornwall | FB18: 12 Nov 1844 | FC18: No | FD18: - | FE18: Brockton, Plymouth, MA | FF18: 42°05′00″N 71°01′08″W | FI18: =IFERROR(VLOOKUP(FG18&"-"&FH18, Sheet2!$E:$F, 2, FALSE), "") | FL18: No | FO18: 21 Aug 1926 | FP18: Bridgewater, Plymouth, MA | FQ18: 41_59_25_N_70_58_32_W | FT18: =IFERROR(VLOOKUP(FR18&"-"&FS18, Sheet2!$E:$F, 2, FALSE), "") | FU18: 22 Nov 1866 | FV18: Taunton, Bristol, MA | FZ18: =IFERROR(VLOOKUP(FX18&"-"&FY18, Sheet2!$E:$F, 2, FALSE), "") | GA18: Martha | GB18: Hill | GC18: ---- 1842 | GD18: No | GE18: - | GF18: Cambridge, Middlesex, MA, | GJ18: =IFERROR(VLOOKUP(GH18&"-"&GI18, Sheet2!$E:$F, 2, FALSE), "") | GK18: 2823 | GL18: Bridgewater, Plymouth, MA | GM18: 41_59_25_N_70_58_32_W | GP18: =IFERROR(VLOOKUP(GN18&"-"&GO18, Sheet2!$E:$F, 2, FALSE), "") | GS18: Record Copy NSSAR #165111, Add ACN 51405 and Record Copy NSDAR # 672791, Add. Vol. 1043 | GT18: Flushing | GU18: Cornwall | GV18: 25 Dec 1801 | GW18: No | GX18: - | GY18: St. Johns Parish, News Bruniswick, Canada | HC18: =IFERROR(VLOOKUP(HA18&"-"&HB18, Sheet2!$E:$F, 2, FALSE), "") | HF18: No | HI18: 19 Aug 1888 | HJ18: Bridgewater, Plymouth, MA | HK18: 41_59_25_N_70_58_32_W | HN18: =IFERROR(VLOOKUP(HL18&"-"&HM18, Sheet2!$E:$F, 2, FALSE), "") | HO18: 10 May 1817 | HP18: Bridgewater, Plymouth, MA | HQ18: 41_59_25_N_70_58_32_W | HT18: =IFERROR(VLOOKUP(HR18&"-"&HS18, Sheet2!$E:$F, 2, FALSE), "") | HU18: Harriet | HV18: BROOKER | HX18: No | HY18: - | HZ18: 586 | IA18: Bridgewater, Plymouth, MA | IB18: 41_59_25_N_70_58_32_W | IE18: =IFERROR(VLOOKUP(IC18&"-"&ID18, Sheet2!$E:$F, 2, FALSE), "") | IF18: 19 Apr 1840 | IG18: Brockton, Plymouth, MA | IK18: =IFERROR(VLOOKUP(II18&"-"&IJ18, Sheet2!$E:$F, 2, FALSE), "") | IL18: Black | IM18: African American | IN18: Record Copy NSSAR #165111, Add ACN 51405 and Record Copy NSDAR # 672791, Add. Vol. 1043 | IO18: Samuel Stanley | IP18: Brooker | IQ18: Bruker | IR18: No | IS18: - | IT18: 12 May 1795 | IU18: Bridgewater, Plymouth, MA | IY18: =IFERROR(VLOOKUP(IW18&"-"&IX18, Sheet2!$E:$F, 2, FALSE), "") | IZ18: Black | JA18: African American | JB18: 26 Feb 1838 | JC18: Boston, Suffolk, MA | JD18: 42_21_37_N_71_3_28_W | JG18: =IFERROR(VLOOKUP(JE18&"-"&JF18, Sheet2!$E:$F, 2, FALSE), "") | JH18: 18 Oct 1818 | JI18: Boston, Suffolk, MA | JJ18: 42_21_37_N_71_3_28_W | JM18: =IFERROR(VLOOKUP(JK18&"-"&JL18, Sheet2!$E:$F, 2, FALSE), "") | JN18: Philinda | JO18: Russell | JP18: Lender | JQ18: No | JR18: - | JS18: 21 Jan 1799 | JT18: Beverly, Essex, MA | JX18: =IFERROR(VLOOKUP(JV18&"-"&JW18, Sheet2!$E:$F, 2, FALSE), "") | JY18: 23 Apr 1848 | JZ18: Tauton, Bristol, MA | KD18: =IFERROR(VLOOKUP(KB18&"-"&KC18, Sheet2!$E:$F, 2, FALSE), "") | KE18: Black | KF18: African American | KG18: Record Copy NSSAR #165111, Add ACN 51405 and Record Copy NSDAR # 672791, Add. Vol. 1043 | KH18: Caesar | KI18: Russell | KK18: No | KL18: - | KM18: 1756 | KR18: =IFERROR(VLOOKUP(KP18&"-"&KQ18, Sheet2!$E:$F, 2, FALSE), "") | KU18: 20 Oct 1861 | KV18: Tauton, Bristol, MA | KZ18: =IFERROR(VLOOKUP(KX18&"-"&KY18, Sheet2!$E:$F, 2, FALSE), "") | LA18: Black | LB18: African American | LH18: =IFERROR(VLOOKUP(LF18&"-"&LG18, Sheet2!$E:$F, 2, FALSE), "") | LI18: Sally | LJ18: Richardson | LL18: No | LM18: - | LS18: =IFERROR(VLOOKUP(LQ18&"-"&LR18, Sheet2!$E:$F, 2, FALSE), "") | LY18: =IFERROR(VLOOKUP(LW18&"-"&LX18, Sheet2!$E:$F, 2, FALSE), "") | LZ18: Record Copy NSSAR #165111, Add ACN 51405 and Record Copy NSDAR # 672791, Add. Vol. 1043 | MD18: No | ME18: - | MK18: =IFERROR(VLOOKUP(MI18&"-"&MJ18, Sheet2!$E:$F, 2, FALSE), "") | MN18: No | MV18: =IFERROR(VLOOKUP(MT18&"-"&MU18, Sheet2!$E:$F, 2, FALSE), "") | NB18: =IFERROR(VLOOKUP(MZ18&"-"&NA18, Sheet2!$E:$F, 2, FALSE), "") | NF18: No | NG18: - | NM18: =IFERROR(VLOOKUP(NK18&"-"&NL18, Sheet2!$E:$F, 2, FALSE), "") | NS18: =IFERROR(VLOOKUP(NQ18&"-"&NR18, Sheet2!$E:$F, 2, FALSE), "") | NT18: Record Copy NSSAR #165111, Add ACN 51405 and Record Copy NSDAR # 672791, Add. Vol. 1043 | NX18: No | NY18: - | OE18: =IFERROR(VLOOKUP(OC18&"-"&OD18, Sheet2!$E:$F, 2, FALSE), "") | OH18: No | OP18: =IFERROR(VLOOKUP(ON18&"-"&OO18, Sheet2!$E:$F, 2, FALSE), "") | OV18: =IFERROR(VLOOKUP(OT18&"-"&OU18, Sheet2!$E:$F, 2, FALSE), "") | OZ18: No | PA18: - | PG18: =IFERROR(VLOOKUP(PE18&"-"&PF18, Sheet2!$E:$F, 2, FALSE), "") | PM18: =IFERROR(VLOOKUP(PK18&"-"&PL18, Sheet2!$E:$F, 2, FALSE), "") | PN18: Record Copy NSSAR #165111, Add ACN 51405 and Record Copy NSDAR # 672791, Add. Vol. 1043 | PR18: No | PS18: - | PY18: =IFERROR(VLOOKUP(PW18&"-"&PX18, Sheet2!$E:$F, 2, FALSE), "") | QB18: No | QJ18: =IFERROR(VLOOKUP(QH18&"-"&QI18, Sheet2!$E:$F, 2, FALSE), "") | QP18: =IFERROR(VLOOKUP(QN18&"-"&QO18, Sheet2!$E:$F, 2, FALSE), "") | QT18: No | QU18: - | RA18: =IFERROR(VLOOKUP(QY18&"-"&QZ18, Sheet2!$E:$F, 2, FALSE), "") | RG18: =IFERROR(VLOOKUP(RE18&"-"&RF18, Sheet2!$E:$F, 2, FALSE), "")
A19: Verna | B19: Murphy | C19: No | D19: - | E19: VA | F19: 100019 | G19: vernamaiworden@gmail.com | H19: Charter Member | M19: =IFERROR(VLOOKUP(K19&"-"&L19, Sheet2!$E:$F, 2, FALSE), "") | N19: IL | O19: Norfolk | P19: 42.1603, -71.2118 | T19: No | AA19: =IFERROR(VLOOKUP(Y19&"-"&Z19, Sheet2!$E:$F, 2, FALSE), "") | AB19: MA | AL19: =IFERROR(VLOOKUP(AJ19&"-"&AK19, Sheet2!$E:$F, 2, FALSE), "") | AP19: No | AQ19: - | AV19: =IFERROR(VLOOKUP(AT19&"-"&AU19, Sheet2!$E:$F, 2, FALSE), "") | BD19: =IFERROR(VLOOKUP(BB19&"-"&BC19, Sheet2!$E:$F, 2, FALSE), "") | BJ19: No | BK19: - | BP19: =IFERROR(VLOOKUP(BN19&"-"&BO19, Sheet2!$E:$F, 2, FALSE), "") | BT19: No | CB19: =IFERROR(VLOOKUP(BZ19&"-"&CA19, Sheet2!$E:$F, 2, FALSE), "") | CH19: =IFERROR(VLOOKUP(CF19&"-"&CG19, Sheet2!$E:$F, 2, FALSE), "") | CL19: No | CM19: - | CR19: =IFERROR(VLOOKUP(CP19&"-"&CQ19, Sheet2!$E:$F, 2, FALSE), "") | CX19: =IFERROR(VLOOKUP(CV19&"-"&CW19, Sheet2!$E:$F, 2, FALSE), "") | DD19: No | DE19: - | DJ19: =IFERROR(VLOOKUP(DH19&"-"&DI19, Sheet2!$E:$F, 2, FALSE), "") | DM19: No | DU19: =IFERROR(VLOOKUP(DS19&"-"&DT19, Sheet2!$E:$F, 2, FALSE), "") | EA19: =IFERROR(VLOOKUP(DY19&"-"&DZ19, Sheet2!$E:$F, 2, FALSE), "") | ED19: No | EJ19: No | EK19: - | EQ19: =IFERROR(VLOOKUP(EO19&"-"&EP19, Sheet2!$E:$F, 2, FALSE), "") | EV19: =IFERROR(VLOOKUP(ET19&"-"&EU19, Sheet2!$E:$F, 2, FALSE), "") | FC19: No | FD19: - | FI19: =IFERROR(VLOOKUP(FG19&"-"&FH19, Sheet2!$E:$F, 2, FALSE), "") | FL19: No | FT19: =IFERROR(VLOOKUP(FR19&"-"&FS19, Sheet2!$E:$F, 2, FALSE), "") | FZ19: =IFERROR(VLOOKUP(FX19&"-"&FY19, Sheet2!$E:$F, 2, FALSE), "") | GD19: No | GE19: - | GJ19: =IFERROR(VLOOKUP(GH19&"-"&GI19, Sheet2!$E:$F, 2, FALSE), "") | GP19: =IFERROR(VLOOKUP(GN19&"-"&GO19, Sheet2!$E:$F, 2, FALSE), "") | GW19: No | GX19: - | HC19: =IFERROR(VLOOKUP(HA19&"-"&HB19, Sheet2!$E:$F, 2, FALSE), "") | HF19: No | HN19: =IFERROR(VLOOKUP(HL19&"-"&HM19, Sheet2!$E:$F, 2, FALSE), "") | HT19: =IFERROR(VLOOKUP(HR19&"-"&HS19, Sheet2!$E:$F, 2, FALSE), "") | HX19: No | HY19: - | IE19: =IFERROR(VLOOKUP(IC19&"-"&ID19, Sheet2!$E:$F, 2, FALSE), "") | IK19: =IFERROR(VLOOKUP(II19&"-"&IJ19, Sheet2!$E:$F, 2, FALSE), "") | IR19: No | IS19: - | IY19: =IFERROR(VLOOKUP(IW19&"-"&IX19, Sheet2!$E:$F, 2, FALSE), "") | JG19: =IFERROR(VLOOKUP(JE19&"-"&JF19, Sheet2!$E:$F, 2, FALSE), "") | JM19: =IFERROR(VLOOKUP(JK19&"-"&JL19, Sheet2!$E:$F, 2, FALSE), "") | JQ19: No | JR19: - | JX19: =IFERROR(VLOOKUP(JV19&"-"&JW19, Sheet2!$E:$F, 2, FALSE), "") | KD19: =IFERROR(VLOOKUP(KB19&"-"&KC19, Sheet2!$E:$F, 2, FALSE), "") | KK19: No | KL19: - | KR19: =IFERROR(VLOOKUP(KP19&"-"&KQ19, Sheet2!$E:$F, 2, FALSE), "") | KZ19: =IFERROR(VLOOKUP(KX19&"-"&KY19, Sheet2!$E:$F, 2, FALSE), "") | LH19: =IFERROR(VLOOKUP(LF19&"-"&LG19, Sheet2!$E:$F, 2, FALSE), "") | LL19: No | LM19: - | LS19: =IFERROR(VLOOKUP(LQ19&"-"&LR19, Sheet2!$E:$F, 2, FALSE), "") | LY19: =IFERROR(VLOOKUP(LW19&"-"&LX19, Sheet2!$E:$F, 2, FALSE), "") | MD19: No | ME19: - | MK19: =IFERROR(VLOOKUP(MI19&"-"&MJ19, Sheet2!$E:$F, 2, FALSE), "") | MN19: No | MV19: =IFERROR(VLOOKUP(MT19&"-"&MU19, Sheet2!$E:$F, 2, FALSE), "") | NB19: =IFERROR(VLOOKUP(MZ19&"-"&NA19, Sheet2!$E:$F, 2, FALSE), "") | NF19: No | NG19: - | NM19: =IFERROR(VLOOKUP(NK19&"-"&NL19, Sheet2!$E:$F, 2, FALSE), "") | NS19: =IFERROR(VLOOKUP(NQ19&"-"&NR19, Sheet2!$E:$F, 2, FALSE), "") | NX19: No | NY19: - | OE19: =IFERROR(VLOOKUP(OC19&"-"&OD19, Sheet2!$E:$F, 2, FALSE), "") | OH19: No | OP19: =IFERROR(VLOOKUP(ON19&"-"&OO19, Sheet2!$E:$F, 2, FALSE), "") | OV19: =IFERROR(VLOOKUP(OT19&"-"&OU19, Sheet2!$E:$F, 2, FALSE), "") | OZ19: No | PA19: - | PG19: =IFERROR(VLOOKUP(PE19&"-"&PF19, Sheet2!$E:$F, 2, FALSE), "") | PM19: =IFERROR(VLOOKUP(PK19&"-"&PL19, Sheet2!$E:$F, 2, FALSE), "") | PR19: No | PS19: - | PY19: =IFERROR(VLOOKUP(PW19&"-"&PX19, Sheet2!$E:$F, 2, FALSE), "") | QB19: No | QJ19: =IFERROR(VLOOKUP(QH19&"-"&QI19, Sheet2!$E:$F, 2, FALSE), "") | QP19: =IFERROR(VLOOKUP(QN19&"-"&QO19, Sheet2!$E:$F, 2, FALSE), "") | QT19: No | QU19: - | RA19: =IFERROR(VLOOKUP(QY19&"-"&QZ19, Sheet2!$E:$F, 2, FALSE), "") | RG19: =IFERROR(VLOOKUP(RE19&"-"&RF19, Sheet2!$E:$F, 2, FALSE), "")
A20: Jeneane | B20: Carter | C20: No | D20: - | E20: FL | F20: 100020 | G20: kini3@hotmail.com | H20: Charter Member | M20: =IFERROR(VLOOKUP(K20&"-"&L20, Sheet2!$E:$F, 2, FALSE), "") | N20: IL | O20: Norfolk | P20: 42.1603, -71.2118 | T20: No | AA20: =IFERROR(VLOOKUP(Y20&"-"&Z20, Sheet2!$E:$F, 2, FALSE), "") | AB20: MA | AL20: =IFERROR(VLOOKUP(AJ20&"-"&AK20, Sheet2!$E:$F, 2, FALSE), "") | AP20: No | AQ20: - | AV20: =IFERROR(VLOOKUP(AT20&"-"&AU20, Sheet2!$E:$F, 2, FALSE), "") | BD20: =IFERROR(VLOOKUP(BB20&"-"&BC20, Sheet2!$E:$F, 2, FALSE), "") | BG20: Jaycee | BH20: Carter | BI20: 17321 | BJ20: No | BK20: - | BP20: =IFERROR(VLOOKUP(BN20&"-"&BO20, Sheet2!$E:$F, 2, FALSE), "") | BT20: No | BW20: 34113 | BX20: Ann Arbor, MI | CB20: =IFERROR(VLOOKUP(BZ20&"-"&CA20, Sheet2!$E:$F, 2, FALSE), "") | CH20: =IFERROR(VLOOKUP(CF20&"-"&CG20, Sheet2!$E:$F, 2, FALSE), "") | CI20: Shelley Viola | CJ20: Murphy | CK20: 19162 | CL20: No | CM20: - | CN20: Grand Rapid, Kent, MI | CR20: =IFERROR(VLOOKUP(CP20&"-"&CQ20, Sheet2!$E:$F, 2, FALSE), "") | CX20: =IFERROR(VLOOKUP(CV20&"-"&CW20, Sheet2!$E:$F, 2, FALSE), "") | DA20: Calvin | DB20: Murphy | DC20: 9095 | DD20: No | DE20: - | DF20: Ft. Wayne, Allen, IN | DJ20: =IFERROR(VLOOKUP(DH20&"-"&DI20, Sheet2!$E:$F, 2, FALSE), "") | DM20: No | DP20: 35647 | DQ20: Tallahassee, Leon, FL | DU20: =IFERROR(VLOOKUP(DS20&"-"&DT20, Sheet2!$E:$F, 2, FALSE), "") | DV20: 00 00 1947 | DW20: Grand Rapids, Kent, MI | EA20: =IFERROR(VLOOKUP(DY20&"-"&DZ20, Sheet2!$E:$F, 2, FALSE), "") | ED20: No | EG20: Verna Mai | EH20: Worden | EJ20: No | EK20: - | EL20: 11102 | EM20: Grand Rapids, Kent, MI | EQ20: =IFERROR(VLOOKUP(EO20&"-"&EP20, Sheet2!$E:$F, 2, FALSE), "") | EV20: =IFERROR(VLOOKUP(ET20&"-"&EU20, Sheet2!$E:$F, 2, FALSE), "") | EZ20: Arthur | FA20: Worden | FB20: 00 Oct 1904 | FC20: No | FD20: - | FE20: - , Benzie, MI | FI20: =IFERROR(VLOOKUP(FG20&"-"&FH20, Sheet2!$E:$F, 2, FALSE), "") | FL20: No | FO20: 0 0 1959 | FP20: Grand Rapids, Kent, MI | FT20: =IFERROR(VLOOKUP(FR20&"-"&FS20, Sheet2!$E:$F, 2, FALSE), "") | FU20: 0 0 1927 | FZ20: =IFERROR(VLOOKUP(FX20&"-"&FY20, Sheet2!$E:$F, 2, FALSE), "") | GA20: Irene Arlington | GB20: Davis | GC20: 0 Oct 1904 | GD20: No | GE20: - | GF20: - , Benzie, MI | GJ20: =IFERROR(VLOOKUP(GH20&"-"&GI20, Sheet2!$E:$F, 2, FALSE), "") | GK20: 0 0 1990 | GP20: =IFERROR(VLOOKUP(GN20&"-"&GO20, Sheet2!$E:$F, 2, FALSE), "") | GT20: George | GU20: Marsh | GV20: 1834 | GW20: No | GX20: - | GY20: VA | HC20: =IFERROR(VLOOKUP(HA20&"-"&HB20, Sheet2!$E:$F, 2, FALSE), "") | HF20: No | HI20: 0 0 1895 | HJ20: Manistee, MI | HN20: =IFERROR(VLOOKUP(HL20&"-"&HM20, Sheet2!$E:$F, 2, FALSE), "") | HO20: 19 Jun 1863 | HP20: Jefferson, VA | HT20: =IFERROR(VLOOKUP(HR20&"-"&HS20, Sheet2!$E:$F, 2, FALSE), "") | HU20: Mary Catherine | HV20: Goens | HW20: Goins/Goings/Gowen | HX20: No | HY20: - | HZ20: 0 0 1840 | IA20: Jefferson, VA | IE20: =IFERROR(VLOOKUP(IC20&"-"&ID20, Sheet2!$E:$F, 2, FALSE), "") | IF20: 0 0 1905 | IG20: Manistee, MI | IK20: =IFERROR(VLOOKUP(II20&"-"&IJ20, Sheet2!$E:$F, 2, FALSE), "") | IO20: Lawson | IP20: Goings | IQ20: Goins/Goens/Gowen | IR20: No | IS20: - | IT20: 0 0 1807 | IU20: Clarke, VA | IY20: =IFERROR(VLOOKUP(IW20&"-"&IX20, Sheet2!$E:$F, 2, FALSE), "") | JB20: 12 Jul 1874 | JC20: Clarke, VA | JG20: =IFERROR(VLOOKUP(JE20&"-"&JF20, Sheet2!$E:$F, 2, FALSE), "") | JH20: 0 0 1830 | JM20: =IFERROR(VLOOKUP(JK20&"-"&JL20, Sheet2!$E:$F, 2, FALSE), "") | JN20: Sarah Ann | JO20: Hart | JQ20: No | JR20: - | JS20: 0 0 1810 | JT20: VA | JX20: =IFERROR(VLOOKUP(JV20&"-"&JW20, Sheet2!$E:$F, 2, FALSE), "") | JY20: 0 0 1886 | JZ20: Jefferson, WV | KD20: =IFERROR(VLOOKUP(KB20&"-"&KC20, Sheet2!$E:$F, 2, FALSE), "") | KH20: Joseph | KI20: Goings | KK20: No | KL20: - | KN20: VA | KR20: =IFERROR(VLOOKUP(KP20&"-"&KQ20, Sheet2!$E:$F, 2, FALSE), "") | KZ20: =IFERROR(VLOOKUP(KX20&"-"&KY20, Sheet2!$E:$F, 2, FALSE), "") | LC20: 0 0 1801 | LH20: =IFERROR(VLOOKUP(LF20&"-"&LG20, Sheet2!$E:$F, 2, FALSE), "") | LI20: Nancy | LJ20: Winsor | LL20: No | LM20: - | LS20: =IFERROR(VLOOKUP(LQ20&"-"&LR20, Sheet2!$E:$F, 2, FALSE), "") | LY20: =IFERROR(VLOOKUP(LW20&"-"&LX20, Sheet2!$E:$F, 2, FALSE), "") | MA20: Luke | MB20: Goings | MD20: No | ME20: - | MK20: =IFERROR(VLOOKUP(MI20&"-"&MJ20, Sheet2!$E:$F, 2, FALSE), "") | MN20: No | MR20: Loudoun, VA | MV20: =IFERROR(VLOOKUP(MT20&"-"&MU20, Sheet2!$E:$F, 2, FALSE), "") | NB20: =IFERROR(VLOOKUP(MZ20&"-"&NA20, Sheet2!$E:$F, 2, FALSE), "") | NC20: Margaret | NF20: No | NG20: - | NM20: =IFERROR(VLOOKUP(NK20&"-"&NL20, Sheet2!$E:$F, 2, FALSE), "") | NS20: =IFERROR(VLOOKUP(NQ20&"-"&NR20, Sheet2!$E:$F, 2, FALSE), "") | NX20: No | NY20: - | OE20: =IFERROR(VLOOKUP(OC20&"-"&OD20, Sheet2!$E:$F, 2, FALSE), "") | OH20: No | OP20: =IFERROR(VLOOKUP(ON20&"-"&OO20, Sheet2!$E:$F, 2, FALSE), "") | OV20: =IFERROR(VLOOKUP(OT20&"-"&OU20, Sheet2!$E:$F, 2, FALSE), "") | OZ20: No | PA20: - | PG20: =IFERROR(VLOOKUP(PE20&"-"&PF20, Sheet2!$E:$F, 2, FALSE), "") | PM20: =IFERROR(VLOOKUP(PK20&"-"&PL20, Sheet2!$E:$F, 2, FALSE), "") | PR20: No | PS20: - | PY20: =IFERROR(VLOOKUP(PW20&"-"&PX20, Sheet2!$E:$F, 2, FALSE), "") | QB20: No | QJ20: =IFERROR(VLOOKUP(QH20&"-"&QI20, Sheet2!$E:$F, 2, FALSE), "") | QP20: =IFERROR(VLOOKUP(QN20&"-"&QO20, Sheet2!$E:$F, 2, FALSE), "") | QT20: No | QU20: - | RA20: =IFERROR(VLOOKUP(QY20&"-"&QZ20, Sheet2!$E:$F, 2, FALSE), "") | RG20: =IFERROR(VLOOKUP(RE20&"-"&RF20, Sheet2!$E:$F, 2, FALSE), "")
A21: Khadijah | B21: Matin | C21: No | D21: - | E21: NY | F21: 100021 | G21: khadijah.matin@gmail.com | H21: Founding Member | M21: =IFERROR(VLOOKUP(K21&"-"&L21, Sheet2!$E:$F, 2, FALSE), "") | N21: IL | O21: Norfolk | P21: 42.1603, -71.2118 | T21: No | AA21: =IFERROR(VLOOKUP(Y21&"-"&Z21, Sheet2!$E:$F, 2, FALSE), "") | AB21: MA | AL21: =IFERROR(VLOOKUP(AJ21&"-"&AK21, Sheet2!$E:$F, 2, FALSE), "") | AP21: No | AQ21: - | AV21: =IFERROR(VLOOKUP(AT21&"-"&AU21, Sheet2!$E:$F, 2, FALSE), "") | BD21: =IFERROR(VLOOKUP(BB21&"-"&BC21, Sheet2!$E:$F, 2, FALSE), "") | BJ21: No | BK21: - | BP21: =IFERROR(VLOOKUP(BN21&"-"&BO21, Sheet2!$E:$F, 2, FALSE), "") | BT21: No | CB21: =IFERROR(VLOOKUP(BZ21&"-"&CA21, Sheet2!$E:$F, 2, FALSE), "") | CH21: =IFERROR(VLOOKUP(CF21&"-"&CG21, Sheet2!$E:$F, 2, FALSE), "") | CL21: No | CM21: - | CR21: =IFERROR(VLOOKUP(CP21&"-"&CQ21, Sheet2!$E:$F, 2, FALSE), "") | CX21: =IFERROR(VLOOKUP(CV21&"-"&CW21, Sheet2!$E:$F, 2, FALSE), "") | DD21: No | DE21: - | DJ21: =IFERROR(VLOOKUP(DH21&"-"&DI21, Sheet2!$E:$F, 2, FALSE), "") | DM21: No | DU21: =IFERROR(VLOOKUP(DS21&"-"&DT21, Sheet2!$E:$F, 2, FALSE), "") | EA21: =IFERROR(VLOOKUP(DY21&"-"&DZ21, Sheet2!$E:$F, 2, FALSE), "") | ED21: No | EJ21: No | EK21: - | EQ21: =IFERROR(VLOOKUP(EO21&"-"&EP21, Sheet2!$E:$F, 2, FALSE), "") | EV21: =IFERROR(VLOOKUP(ET21&"-"&EU21, Sheet2!$E:$F, 2, FALSE), "") | FC21: No | FD21: - | FI21: =IFERROR(VLOOKUP(FG21&"-"&FH21, Sheet2!$E:$F, 2, FALSE), "") | FL21: No | FT21: =IFERROR(VLOOKUP(FR21&"-"&FS21, Sheet2!$E:$F, 2, FALSE), "") | FZ21: =IFERROR(VLOOKUP(FX21&"-"&FY21, Sheet2!$E:$F, 2, FALSE), "") | GD21: No | GE21: - | GJ21: =IFERROR(VLOOKUP(GH21&"-"&GI21, Sheet2!$E:$F, 2, FALSE), "") | GP21: =IFERROR(VLOOKUP(GN21&"-"&GO21, Sheet2!$E:$F, 2, FALSE), "") | GW21: No | GX21: - | HC21: =IFERROR(VLOOKUP(HA21&"-"&HB21, Sheet2!$E:$F, 2, FALSE), "") | HF21: No | HN21: =IFERROR(VLOOKUP(HL21&"-"&HM21, Sheet2!$E:$F, 2, FALSE), "") | HT21: =IFERROR(VLOOKUP(HR21&"-"&HS21, Sheet2!$E:$F, 2, FALSE), "") | HX21: No | HY21: - | IE21: =IFERROR(VLOOKUP(IC21&"-"&ID21, Sheet2!$E:$F, 2, FALSE), "") | IK21: =IFERROR(VLOOKUP(II21&"-"&IJ21, Sheet2!$E:$F, 2, FALSE), "") | IR21: No | IS21: - | IY21: =IFERROR(VLOOKUP(IW21&"-"&IX21, Sheet2!$E:$F, 2, FALSE), "") | JG21: =IFERROR(VLOOKUP(JE21&"-"&JF21, Sheet2!$E:$F, 2, FALSE), "") | JM21: =IFERROR(VLOOKUP(JK21&"-"&JL21, Sheet2!$E:$F, 2, FALSE), "") | JQ21: No | JR21: - | JX21: =IFERROR(VLOOKUP(JV21&"-"&JW21, Sheet2!$E:$F, 2, FALSE), "") | KD21: =IFERROR(VLOOKUP(KB21&"-"&KC21, Sheet2!$E:$F, 2, FALSE), "") | KK21: No | KL21: - | KR21: =IFERROR(VLOOKUP(KP21&"-"&KQ21, Sheet2!$E:$F, 2, FALSE), "") | KZ21: =IFERROR(VLOOKUP(KX21&"-"&KY21, Sheet2!$E:$F, 2, FALSE), "") | LH21: =IFERROR(VLOOKUP(LF21&"-"&LG21, Sheet2!$E:$F, 2, FALSE), "") | LL21: No | LM21: - | LS21: =IFERROR(VLOOKUP(LQ21&"-"&LR21, Sheet2!$E:$F, 2, FALSE), "") | LY21: =IFERROR(VLOOKUP(LW21&"-"&LX21, Sheet2!$E:$F, 2, FALSE), "") | MD21: No | ME21: - | MK21: =IFERROR(VLOOKUP(MI21&"-"&MJ21, Sheet2!$E:$F, 2, FALSE), "") | MN21: No | MV21: =IFERROR(VLOOKUP(MT21&"-"&MU21, Sheet2!$E:$F, 2, FALSE), "") | NB21: =IFERROR(VLOOKUP(MZ21&"-"&NA21, Sheet2!$E:$F, 2, FALSE), "") | NF21: No | NG21: - | NM21: =IFERROR(VLOOKUP(NK21&"-"&NL21, Sheet2!$E:$F, 2, FALSE), "") | NS21: =IFERROR(VLOOKUP(NQ21&"-"&NR21, Sheet2!$E:$F, 2, FALSE), "") | NX21: No | NY21: - | OE21: =IFERROR(VLOOKUP(OC21&"-"&OD21, Sheet2!$E:$F, 2, FALSE), "") | OH21: No | OP21: =IFERROR(VLOOKUP(ON21&"-"&OO21, Sheet2!$E:$F, 2, FALSE), "") | OV21: =IFERROR(VLOOKUP(OT21&"-"&OU21, Sheet2!$E:$F, 2, FALSE), "") | OZ21: No | PA21: - | PG21: =IFERROR(VLOOKUP(PE21&"-"&PF21, Sheet2!$E:$F, 2, FALSE), "") | PM21: =IFERROR(VLOOKUP(PK21&"-"&PL21, Sheet2!$E:$F, 2, FALSE), "") | PR21: No | PS21: - | PY21: =IFERROR(VLOOKUP(PW21&"-"&PX21, Sheet2!$E:$F, 2, FALSE), "") | QB21: No | QJ21: =IFERROR(VLOOKUP(QH21&"-"&QI21, Sheet2!$E:$F, 2, FALSE), "") | QP21: =IFERROR(VLOOKUP(QN21&"-"&QO21, Sheet2!$E:$F, 2, FALSE), "") | QT21: No | QU21: - | RA21: =IFERROR(VLOOKUP(QY21&"-"&QZ21, Sheet2!$E:$F, 2, FALSE), "") | RG21: =IFERROR(VLOOKUP(RE21&"-"&RF21, Sheet2!$E:$F, 2, FALSE), "")
A22: Joyceann | B22: Gray | C22: No | D22: - | E22: SC | F22: 100022 | G22: grayja2010@gmail.com | H22: Charter Member | M22: =IFERROR(VLOOKUP(K22&"-"&L22, Sheet2!$E:$F, 2, FALSE), "") | N22: IL | O22: Norfolk | P22: 42.1603, -71.2118 | T22: No | AA22: =IFERROR(VLOOKUP(Y22&"-"&Z22, Sheet2!$E:$F, 2, FALSE), "") | AB22: MA | AL22: =IFERROR(VLOOKUP(AJ22&"-"&AK22, Sheet2!$E:$F, 2, FALSE), "") | AP22: No | AQ22: - | AV22: =IFERROR(VLOOKUP(AT22&"-"&AU22, Sheet2!$E:$F, 2, FALSE), "") | BD22: =IFERROR(VLOOKUP(BB22&"-"&BC22, Sheet2!$E:$F, 2, FALSE), "") | BJ22: No | BK22: - | BP22: =IFERROR(VLOOKUP(BN22&"-"&BO22, Sheet2!$E:$F, 2, FALSE), "") | BT22: No | CB22: =IFERROR(VLOOKUP(BZ22&"-"&CA22, Sheet2!$E:$F, 2, FALSE), "") | CH22: =IFERROR(VLOOKUP(CF22&"-"&CG22, Sheet2!$E:$F, 2, FALSE), "") | CL22: No | CM22: - | CR22: =IFERROR(VLOOKUP(CP22&"-"&CQ22, Sheet2!$E:$F, 2, FALSE), "") | CX22: =IFERROR(VLOOKUP(CV22&"-"&CW22, Sheet2!$E:$F, 2, FALSE), "") | DD22: No | DE22: - | DJ22: =IFERROR(VLOOKUP(DH22&"-"&DI22, Sheet2!$E:$F, 2, FALSE), "") | DM22: No | DU22: =IFERROR(VLOOKUP(DS22&"-"&DT22, Sheet2!$E:$F, 2, FALSE), "") | EA22: =IFERROR(VLOOKUP(DY22&"-"&DZ22, Sheet2!$E:$F, 2, FALSE), "") | ED22: No | EJ22: No | EK22: - | EQ22: =IFERROR(VLOOKUP(EO22&"-"&EP22, Sheet2!$E:$F, 2, FALSE), "") | EV22: =IFERROR(VLOOKUP(ET22&"-"&EU22, Sheet2!$E:$F, 2, FALSE), "") | FC22: No | FD22: - | FI22: =IFERROR(VLOOKUP(FG22&"-"&FH22, Sheet2!$E:$F, 2, FALSE), "") | FL22: No | FT22: =IFERROR(VLOOKUP(FR22&"-"&FS22, Sheet2!$E:$F, 2, FALSE), "") | FZ22: =IFERROR(VLOOKUP(FX22&"-"&FY22, Sheet2!$E:$F, 2, FALSE), "") | GD22: No | GE22: - | GJ22: =IFERROR(VLOOKUP(GH22&"-"&GI22, Sheet2!$E:$F, 2, FALSE), "") | GP22: =IFERROR(VLOOKUP(GN22&"-"&GO22, Sheet2!$E:$F, 2, FALSE), "") | GW22: No | GX22: - | HC22: =IFERROR(VLOOKUP(HA22&"-"&HB22, Sheet2!$E:$F, 2, FALSE), "") | HF22: No | HN22: =IFERROR(VLOOKUP(HL22&"-"&HM22, Sheet2!$E:$F, 2, FALSE), "") | HT22: =IFERROR(VLOOKUP(HR22&"-"&HS22, Sheet2!$E:$F, 2, FALSE), "") | HX22: No | HY22: - | IE22: =IFERROR(VLOOKUP(IC22&"-"&ID22, Sheet2!$E:$F, 2, FALSE), "") | IK22: =IFERROR(VLOOKUP(II22&"-"&IJ22, Sheet2!$E:$F, 2, FALSE), "") | IR22: No | IS22: - | IY22: =IFERROR(VLOOKUP(IW22&"-"&IX22, Sheet2!$E:$F, 2, FALSE), "") | JG22: =IFERROR(VLOOKUP(JE22&"-"&JF22, Sheet2!$E:$F, 2, FALSE), "") | JM22: =IFERROR(VLOOKUP(JK22&"-"&JL22, Sheet2!$E:$F, 2, FALSE), "") | JQ22: No | JR22: - | JX22: =IFERROR(VLOOKUP(JV22&"-"&JW22, Sheet2!$E:$F, 2, FALSE), "") | KD22: =IFERROR(VLOOKUP(KB22&"-"&KC22, Sheet2!$E:$F, 2, FALSE), "") | KK22: No | KL22: - | KR22: =IFERROR(VLOOKUP(KP22&"-"&KQ22, Sheet2!$E:$F, 2, FALSE), "") | KZ22: =IFERROR(VLOOKUP(KX22&"-"&KY22, Sheet2!$E:$F, 2, FALSE), "") | LH22: =IFERROR(VLOOKUP(LF22&"-"&LG22, Sheet2!$E:$F, 2, FALSE), "") | LL22: No | LM22: - | LS22: =IFERROR(VLOOKUP(LQ22&"-"&LR22, Sheet2!$E:$F, 2, FALSE), "") | LY22: =IFERROR(VLOOKUP(LW22&"-"&LX22, Sheet2!$E:$F, 2, FALSE), "") | MD22: No | ME22: - | MK22: =IFERROR(VLOOKUP(MI22&"-"&MJ22, Sheet2!$E:$F, 2, FALSE), "") | MN22: No | MV22: =IFERROR(VLOOKUP(MT22&"-"&MU22, Sheet2!$E:$F, 2, FALSE), "") | NB22: =IFERROR(VLOOKUP(MZ22&"-"&NA22, Sheet2!$E:$F, 2, FALSE), "") | NF22: No | NG22: - | NM22: =IFERROR(VLOOKUP(NK22&"-"&NL22, Sheet2!$E:$F, 2, FALSE), "") | NS22: =IFERROR(VLOOKUP(NQ22&"-"&NR22, Sheet2!$E:$F, 2, FALSE), "") | NX22: No | NY22: - | OE22: =IFERROR(VLOOKUP(OC22&"-"&OD22, Sheet2!$E:$F, 2, FALSE), "") | OH22: No | OP22: =IFERROR(VLOOKUP(ON22&"-"&OO22, Sheet2!$E:$F, 2, FALSE), "") | OV22: =IFERROR(VLOOKUP(OT22&"-"&OU22, Sheet2!$E:$F, 2, FALSE), "") | OZ22: No | PA22: - | PG22: =IFERROR(VLOOKUP(PE22&"-"&PF22, Sheet2!$E:$F, 2, FALSE), "") | PM22: =IFERROR(VLOOKUP(PK22&"-"&PL22, Sheet2!$E:$F, 2, FALSE), "") | PR22: No | PS22: - | PY22: =IFERROR(VLOOKUP(PW22&"-"&PX22, Sheet2!$E:$F, 2, FALSE), "") | QB22: No | QJ22: =IFERROR(VLOOKUP(QH22&"-"&QI22, Sheet2!$E:$F, 2, FALSE), "") | QP22: =IFERROR(VLOOKUP(QN22&"-"&QO22, Sheet2!$E:$F, 2, FALSE), "") | QT22: No | QU22: - | RA22: =IFERROR(VLOOKUP(QY22&"-"&QZ22, Sheet2!$E:$F, 2, FALSE), "") | RG22: =IFERROR(VLOOKUP(RE22&"-"&RF22, Sheet2!$E:$F, 2, FALSE), "")
A23: Elsie | B23: Goins | C23: No | D23: - | E23: SC | F23: 100023 | G23: goinscolumbia@aol.com | H23: Founding Member | M23: =IFERROR(VLOOKUP(K23&"-"&L23, Sheet2!$E:$F, 2, FALSE), "") | N23: IL | O23: Norfolk | P23: 42.1603, -71.2118 | T23: No | AA23: =IFERROR(VLOOKUP(Y23&"-"&Z23, Sheet2!$E:$F, 2, FALSE), "") | AB23: MA | AL23: =IFERROR(VLOOKUP(AJ23&"-"&AK23, Sheet2!$E:$F, 2, FALSE), "") | AP23: No | AQ23: - | AV23: =IFERROR(VLOOKUP(AT23&"-"&AU23, Sheet2!$E:$F, 2, FALSE), "") | BD23: =IFERROR(VLOOKUP(BB23&"-"&BC23, Sheet2!$E:$F, 2, FALSE), "") | BJ23: No | BK23: - | BP23: =IFERROR(VLOOKUP(BN23&"-"&BO23, Sheet2!$E:$F, 2, FALSE), "") | BT23: No | CB23: =IFERROR(VLOOKUP(BZ23&"-"&CA23, Sheet2!$E:$F, 2, FALSE), "") | CH23: =IFERROR(VLOOKUP(CF23&"-"&CG23, Sheet2!$E:$F, 2, FALSE), "") | CL23: No | CM23: - | CR23: =IFERROR(VLOOKUP(CP23&"-"&CQ23, Sheet2!$E:$F, 2, FALSE), "") | CX23: =IFERROR(VLOOKUP(CV23&"-"&CW23, Sheet2!$E:$F, 2, FALSE), "") | DD23: No | DE23: - | DJ23: =IFERROR(VLOOKUP(DH23&"-"&DI23, Sheet2!$E:$F, 2, FALSE), "") | DM23: No | DU23: =IFERROR(VLOOKUP(DS23&"-"&DT23, Sheet2!$E:$F, 2, FALSE), "") | EA23: =IFERROR(VLOOKUP(DY23&"-"&DZ23, Sheet2!$E:$F, 2, FALSE), "") | ED23: No | EJ23: No | EK23: - | EQ23: =IFERROR(VLOOKUP(EO23&"-"&EP23, Sheet2!$E:$F, 2, FALSE), "") | EV23: =IFERROR(VLOOKUP(ET23&"-"&EU23, Sheet2!$E:$F, 2, FALSE), "") | FC23: No | FD23: - | FI23: =IFERROR(VLOOKUP(FG23&"-"&FH23, Sheet2!$E:$F, 2, FALSE), "") | FL23: No | FT23: =IFERROR(VLOOKUP(FR23&"-"&FS23, Sheet2!$E:$F, 2, FALSE), "") | FZ23: =IFERROR(VLOOKUP(FX23&"-"&FY23, Sheet2!$E:$F, 2, FALSE), "") | GD23: No | GE23: - | GJ23: =IFERROR(VLOOKUP(GH23&"-"&GI23, Sheet2!$E:$F, 2, FALSE), "") | GP23: =IFERROR(VLOOKUP(GN23&"-"&GO23, Sheet2!$E:$F, 2, FALSE), "") | GW23: No | GX23: - | HC23: =IFERROR(VLOOKUP(HA23&"-"&HB23, Sheet2!$E:$F, 2, FALSE), "") | HF23: No | HN23: =IFERROR(VLOOKUP(HL23&"-"&HM23, Sheet2!$E:$F, 2, FALSE), "") | HT23: =IFERROR(VLOOKUP(HR23&"-"&HS23, Sheet2!$E:$F, 2, FALSE), "") | HX23: No | HY23: - | IE23: =IFERROR(VLOOKUP(IC23&"-"&ID23, Sheet2!$E:$F, 2, FALSE), "") | IK23: =IFERROR(VLOOKUP(II23&"-"&IJ23, Sheet2!$E:$F, 2, FALSE), "") | IR23: No | IS23: - | IY23: =IFERROR(VLOOKUP(IW23&"-"&IX23, Sheet2!$E:$F, 2, FALSE), "") | JG23: =IFERROR(VLOOKUP(JE23&"-"&JF23, Sheet2!$E:$F, 2, FALSE), "") | JM23: =IFERROR(VLOOKUP(JK23&"-"&JL23, Sheet2!$E:$F, 2, FALSE), "") | JQ23: No | JR23: - | JX23: =IFERROR(VLOOKUP(JV23&"-"&JW23, Sheet2!$E:$F, 2, FALSE), "") | KD23: =IFERROR(VLOOKUP(KB23&"-"&KC23, Sheet2!$E:$F, 2, FALSE), "") | KK23: No | KL23: - | KR23: =IFERROR(VLOOKUP(KP23&"-"&KQ23, Sheet2!$E:$F, 2, FALSE), "") | KZ23: =IFERROR(VLOOKUP(KX23&"-"&KY23, Sheet2!$E:$F, 2, FALSE), "") | LH23: =IFERROR(VLOOKUP(LF23&"-"&LG23, Sheet2!$E:$F, 2, FALSE), "") | LL23: No | LM23: - | LS23: =IFERROR(VLOOKUP(LQ23&"-"&LR23, Sheet2!$E:$F, 2, FALSE), "") | LY23: =IFERROR(VLOOKUP(LW23&"-"&LX23, Sheet2!$E:$F, 2, FALSE), "") | MD23: No | ME23: - | MK23: =IFERROR(VLOOKUP(MI23&"-"&MJ23, Sheet2!$E:$F, 2, FALSE), "") | MN23: No | MV23: =IFERROR(VLOOKUP(MT23&"-"&MU23, Sheet2!$E:$F, 2, FALSE), "") | NB23: =IFERROR(VLOOKUP(MZ23&"-"&NA23, Sheet2!$E:$F, 2, FALSE), "") | NF23: No | NG23: - | NM23: =IFERROR(VLOOKUP(NK23&"-"&NL23, Sheet2!$E:$F, 2, FALSE), "") | NS23: =IFERROR(VLOOKUP(NQ23&"-"&NR23, Sheet2!$E:$F, 2, FALSE), "") | NX23: No | NY23: - | OE23: =IFERROR(VLOOKUP(OC23&"-"&OD23, Sheet2!$E:$F, 2, FALSE), "") | OH23: No | OP23: =IFERROR(VLOOKUP(ON23&"-"&OO23, Sheet2!$E:$F, 2, FALSE), "") | OV23: =IFERROR(VLOOKUP(OT23&"-"&OU23, Sheet2!$E:$F, 2, FALSE), "") | OZ23: No | PA23: - | PG23: =IFERROR(VLOOKUP(PE23&"-"&PF23, Sheet2!$E:$F, 2, FALSE), "") | PM23: =IFERROR(VLOOKUP(PK23&"-"&PL23, Sheet2!$E:$F, 2, FALSE), "") | PR23: No | PS23: - | PY23: =IFERROR(VLOOKUP(PW23&"-"&PX23, Sheet2!$E:$F, 2, FALSE), "") | QB23: No | QJ23: =IFERROR(VLOOKUP(QH23&"-"&QI23, Sheet2!$E:$F, 2, FALSE), "") | QP23: =IFERROR(VLOOKUP(QN23&"-"&QO23, Sheet2!$E:$F, 2, FALSE), "") | QT23: No | QU23: - | RA23: =IFERROR(VLOOKUP(QY23&"-"&QZ23, Sheet2!$E:$F, 2, FALSE), "") | RG23: =IFERROR(VLOOKUP(RE23&"-"&RF23, Sheet2!$E:$F, 2, FALSE), "")
A24: Hunter | B24: Moyler | C24: No | D24: - | E24: MA | F24: 100024 | G24: mohmoyler97@gmail.com | H24: Regular Member | M24: =IFERROR(VLOOKUP(K24&"-"&L24, Sheet2!$E:$F, 2, FALSE), "") | N24: IL | O24: Norfolk | P24: 42.1603, -71.2118 | T24: No | AA24: =IFERROR(VLOOKUP(Y24&"-"&Z24, Sheet2!$E:$F, 2, FALSE), "") | AB24: MA | AL24: =IFERROR(VLOOKUP(AJ24&"-"&AK24, Sheet2!$E:$F, 2, FALSE), "") | AP24: No | AQ24: - | AV24: =IFERROR(VLOOKUP(AT24&"-"&AU24, Sheet2!$E:$F, 2, FALSE), "") | BD24: =IFERROR(VLOOKUP(BB24&"-"&BC24, Sheet2!$E:$F, 2, FALSE), "") | BJ24: No | BK24: - | BP24: =IFERROR(VLOOKUP(BN24&"-"&BO24, Sheet2!$E:$F, 2, FALSE), "") | BT24: No | CB24: =IFERROR(VLOOKUP(BZ24&"-"&CA24, Sheet2!$E:$F, 2, FALSE), "") | CH24: =IFERROR(VLOOKUP(CF24&"-"&CG24, Sheet2!$E:$F, 2, FALSE), "") | CL24: No | CM24: - | CR24: =IFERROR(VLOOKUP(CP24&"-"&CQ24, Sheet2!$E:$F, 2, FALSE), "") | CX24: =IFERROR(VLOOKUP(CV24&"-"&CW24, Sheet2!$E:$F, 2, FALSE), "") | DD24: No | DE24: - | DJ24: =IFERROR(VLOOKUP(DH24&"-"&DI24, Sheet2!$E:$F, 2, FALSE), "") | DM24: No | DU24: =IFERROR(VLOOKUP(DS24&"-"&DT24, Sheet2!$E:$F, 2, FALSE), "") | EA24: =IFERROR(VLOOKUP(DY24&"-"&DZ24, Sheet2!$E:$F, 2, FALSE), "") | ED24: No | EJ24: No | EK24: - | EQ24: =IFERROR(VLOOKUP(EO24&"-"&EP24, Sheet2!$E:$F, 2, FALSE), "") | EV24: =IFERROR(VLOOKUP(ET24&"-"&EU24, Sheet2!$E:$F, 2, FALSE), "") | FC24: No | FD24: - | FI24: =IFERROR(VLOOKUP(FG24&"-"&FH24, Sheet2!$E:$F, 2, FALSE), "") | FL24: No | FT24: =IFERROR(VLOOKUP(FR24&"-"&FS24, Sheet2!$E:$F, 2, FALSE), "") | FZ24: =IFERROR(VLOOKUP(FX24&"-"&FY24, Sheet2!$E:$F, 2, FALSE), "") | GD24: No | GE24: - | GJ24: =IFERROR(VLOOKUP(GH24&"-"&GI24, Sheet2!$E:$F, 2, FALSE), "") | GP24: =IFERROR(VLOOKUP(GN24&"-"&GO24, Sheet2!$E:$F, 2, FALSE), "") | GW24: No | GX24: - | HC24: =IFERROR(VLOOKUP(HA24&"-"&HB24, Sheet2!$E:$F, 2, FALSE), "") | HF24: No | HN24: =IFERROR(VLOOKUP(HL24&"-"&HM24, Sheet2!$E:$F, 2, FALSE), "") | HT24: =IFERROR(VLOOKUP(HR24&"-"&HS24, Sheet2!$E:$F, 2, FALSE), "") | HX24: No | HY24: - | IE24: =IFERROR(VLOOKUP(IC24&"-"&ID24, Sheet2!$E:$F, 2, FALSE), "") | IK24: =IFERROR(VLOOKUP(II24&"-"&IJ24, Sheet2!$E:$F, 2, FALSE), "") | IR24: No | IS24: - | IY24: =IFERROR(VLOOKUP(IW24&"-"&IX24, Sheet2!$E:$F, 2, FALSE), "") | JG24: =IFERROR(VLOOKUP(JE24&"-"&JF24, Sheet2!$E:$F, 2, FALSE), "") | JM24: =IFERROR(VLOOKUP(JK24&"-"&JL24, Sheet2!$E:$F, 2, FALSE), "") | JQ24: No | JR24: - | JX24: =IFERROR(VLOOKUP(JV24&"-"&JW24, Sheet2!$E:$F, 2, FALSE), "") | KD24: =IFERROR(VLOOKUP(KB24&"-"&KC24, Sheet2!$E:$F, 2, FALSE), "") | KK24: No | KL24: - | KR24: =IFERROR(VLOOKUP(KP24&"-"&KQ24, Sheet2!$E:$F, 2, FALSE), "") | KZ24: =IFERROR(VLOOKUP(KX24&"-"&KY24, Sheet2!$E:$F, 2, FALSE), "") | LH24: =IFERROR(VLOOKUP(LF24&"-"&LG24, Sheet2!$E:$F, 2, FALSE), "") | LL24: No | LM24: - | LS24: =IFERROR(VLOOKUP(LQ24&"-"&LR24, Sheet2!$E:$F, 2, FALSE), "") | LY24: =IFERROR(VLOOKUP(LW24&"-"&LX24, Sheet2!$E:$F, 2, FALSE), "") | MD24: No | ME24: - | MK24: =IFERROR(VLOOKUP(MI24&"-"&MJ24, Sheet2!$E:$F, 2, FALSE), "") | MN24: No | MV24: =IFERROR(VLOOKUP(MT24&"-"&MU24, Sheet2!$E:$F, 2, FALSE), "") | NB24: =IFERROR(VLOOKUP(MZ24&"-"&NA24, Sheet2!$E:$F, 2, FALSE), "") | NF24: No | NG24: - | NM24: =IFERROR(VLOOKUP(NK24&"-"&NL24, Sheet2!$E:$F, 2, FALSE), "") | NS24: =IFERROR(VLOOKUP(NQ24&"-"&NR24, Sheet2!$E:$F, 2, FALSE), "") | NX24: No | NY24: - | OE24: =IFERROR(VLOOKUP(OC24&"-"&OD24, Sheet2!$E:$F, 2, FALSE), "") | OH24: No | OP24: =IFERROR(VLOOKUP(ON24&"-"&OO24, Sheet2!$E:$F, 2, FALSE), "") | OV24: =IFERROR(VLOOKUP(OT24&"-"&OU24, Sheet2!$E:$F, 2, FALSE), "") | OZ24: No | PA24: - | PG24: =IFERROR(VLOOKUP(PE24&"-"&PF24, Sheet2!$E:$F, 2, FALSE), "") | PM24: =IFERROR(VLOOKUP(PK24&"-"&PL24, Sheet2!$E:$F, 2, FALSE), "") | PR24: No | PS24: - | PY24: =IFERROR(VLOOKUP(PW24&"-"&PX24, Sheet2!$E:$F, 2, FALSE), "") | QB24: No | QJ24: =IFERROR(VLOOKUP(QH24&"-"&QI24, Sheet2!$E:$F, 2, FALSE), "") | QP24: =IFERROR(VLOOKUP(QN24&"-"&QO24, Sheet2!$E:$F, 2, FALSE), "") | QT24: No | QU24: - | RA24: =IFERROR(VLOOKUP(QY24&"-"&QZ24, Sheet2!$E:$F, 2, FALSE), "") | RG24: =IFERROR(VLOOKUP(RE24&"-"&RF24, Sheet2!$E:$F, 2, FALSE), "")
A25: Hudson | B25: Cornwall | C25: No | D25: - | E25: NY | F25: 100026 | H25: Charter Member | M25: =IFERROR(VLOOKUP(K25&"-"&L25, Sheet2!$E:$F, 2, FALSE), "") | N25: IL | O25: Norfolk | P25: 42.1603, -71.2118 | T25: No | AA25: =IFERROR(VLOOKUP(Y25&"-"&Z25, Sheet2!$E:$F, 2, FALSE), "") | AB25: MA | AL25: =IFERROR(VLOOKUP(AJ25&"-"&AK25, Sheet2!$E:$F, 2, FALSE), "") | AP25: No | AQ25: - | AV25: =IFERROR(VLOOKUP(AT25&"-"&AU25, Sheet2!$E:$F, 2, FALSE), "") | BD25: =IFERROR(VLOOKUP(BB25&"-"&BC25, Sheet2!$E:$F, 2, FALSE), "") | BJ25: No | BK25: - | BP25: =IFERROR(VLOOKUP(BN25&"-"&BO25, Sheet2!$E:$F, 2, FALSE), "") | BT25: No | CB25: =IFERROR(VLOOKUP(BZ25&"-"&CA25, Sheet2!$E:$F, 2, FALSE), "") | CH25: =IFERROR(VLOOKUP(CF25&"-"&CG25, Sheet2!$E:$F, 2, FALSE), "") | CL25: No | CM25: - | CR25: =IFERROR(VLOOKUP(CP25&"-"&CQ25, Sheet2!$E:$F, 2, FALSE), "") | CX25: =IFERROR(VLOOKUP(CV25&"-"&CW25, Sheet2!$E:$F, 2, FALSE), "") | DD25: No | DE25: - | DJ25: =IFERROR(VLOOKUP(DH25&"-"&DI25, Sheet2!$E:$F, 2, FALSE), "") | DM25: No | DU25: =IFERROR(VLOOKUP(DS25&"-"&DT25, Sheet2!$E:$F, 2, FALSE), "") | EA25: =IFERROR(VLOOKUP(DY25&"-"&DZ25, Sheet2!$E:$F, 2, FALSE), "") | ED25: No | EJ25: No | EK25: - | EQ25: =IFERROR(VLOOKUP(EO25&"-"&EP25, Sheet2!$E:$F, 2, FALSE), "") | EV25: =IFERROR(VLOOKUP(ET25&"-"&EU25, Sheet2!$E:$F, 2, FALSE), "") | FC25: No | FD25: - | FI25: =IFERROR(VLOOKUP(FG25&"-"&FH25, Sheet2!$E:$F, 2, FALSE), "") | FL25: No | FT25: =IFERROR(VLOOKUP(FR25&"-"&FS25, Sheet2!$E:$F, 2, FALSE), "") | FZ25: =IFERROR(VLOOKUP(FX25&"-"&FY25, Sheet2!$E:$F, 2, FALSE), "") | GD25: No | GE25: - | GJ25: =IFERROR(VLOOKUP(GH25&"-"&GI25, Sheet2!$E:$F, 2, FALSE), "") | GP25: =IFERROR(VLOOKUP(GN25&"-"&GO25, Sheet2!$E:$F, 2, FALSE), "") | GW25: No | GX25: - | HC25: =IFERROR(VLOOKUP(HA25&"-"&HB25, Sheet2!$E:$F, 2, FALSE), "") | HF25: No | HN25: =IFERROR(VLOOKUP(HL25&"-"&HM25, Sheet2!$E:$F, 2, FALSE), "") | HT25: =IFERROR(VLOOKUP(HR25&"-"&HS25, Sheet2!$E:$F, 2, FALSE), "") | HX25: No | HY25: - | IE25: =IFERROR(VLOOKUP(IC25&"-"&ID25, Sheet2!$E:$F, 2, FALSE), "") | IK25: =IFERROR(VLOOKUP(II25&"-"&IJ25, Sheet2!$E:$F, 2, FALSE), "") | IR25: No | IS25: - | IY25: =IFERROR(VLOOKUP(IW25&"-"&IX25, Sheet2!$E:$F, 2, FALSE), "") | JG25: =IFERROR(VLOOKUP(JE25&"-"&JF25, Sheet2!$E:$F, 2, FALSE), "") | JM25: =IFERROR(VLOOKUP(JK25&"-"&JL25, Sheet2!$E:$F, 2, FALSE), "") | JQ25: No | JR25: - | JX25: =IFERROR(VLOOKUP(JV25&"-"&JW25, Sheet2!$E:$F, 2, FALSE), "") | KD25: =IFERROR(VLOOKUP(KB25&"-"&KC25, Sheet2!$E:$F, 2, FALSE), "") | KK25: No | KL25: - | KR25: =IFERROR(VLOOKUP(KP25&"-"&KQ25, Sheet2!$E:$F, 2, FALSE), "") | KZ25: =IFERROR(VLOOKUP(KX25&"-"&KY25, Sheet2!$E:$F, 2, FALSE), "") | LH25: =IFERROR(VLOOKUP(LF25&"-"&LG25, Sheet2!$E:$F, 2, FALSE), "") | LL25: No | LM25: - | LS25: =IFERROR(VLOOKUP(LQ25&"-"&LR25, Sheet2!$E:$F, 2, FALSE), "") | LY25: =IFERROR(VLOOKUP(LW25&"-"&LX25, Sheet2!$E:$F, 2, FALSE), "") | MD25: No | ME25: - | MK25: =IFERROR(VLOOKUP(MI25&"-"&MJ25, Sheet2!$E:$F, 2, FALSE), "") | MN25: No | MV25: =IFERROR(VLOOKUP(MT25&"-"&MU25, Sheet2!$E:$F, 2, FALSE), "") | NB25: =IFERROR(VLOOKUP(MZ25&"-"&NA25, Sheet2!$E:$F, 2, FALSE), "") | NF25: No | NG25: - | NM25: =IFERROR(VLOOKUP(NK25&"-"&NL25, Sheet2!$E:$F, 2, FALSE), "") | NS25: =IFERROR(VLOOKUP(NQ25&"-"&NR25, Sheet2!$E:$F, 2, FALSE), "") | NX25: No | NY25: - | OE25: =IFERROR(VLOOKUP(OC25&"-"&OD25, Sheet2!$E:$F, 2, FALSE), "") | OH25: No | OP25: =IFERROR(VLOOKUP(ON25&"-"&OO25, Sheet2!$E:$F, 2, FALSE), "") | OV25: =IFERROR(VLOOKUP(OT25&"-"&OU25, Sheet2!$E:$F, 2, FALSE), "") | OZ25: No | PA25: - | PG25: =IFERROR(VLOOKUP(PE25&"-"&PF25, Sheet2!$E:$F, 2, FALSE), "") | PM25: =IFERROR(VLOOKUP(PK25&"-"&PL25, Sheet2!$E:$F, 2, FALSE), "") | PR25: No | PS25: - | PY25: =IFERROR(VLOOKUP(PW25&"-"&PX25, Sheet2!$E:$F, 2, FALSE), "") | QB25: No | QJ25: =IFERROR(VLOOKUP(QH25&"-"&QI25, Sheet2!$E:$F, 2, FALSE), "") | QP25: =IFERROR(VLOOKUP(QN25&"-"&QO25, Sheet2!$E:$F, 2, FALSE), "") | QT25: No | QU25: - | RA25: =IFERROR(VLOOKUP(QY25&"-"&QZ25, Sheet2!$E:$F, 2, FALSE), "") | RG25: =IFERROR(VLOOKUP(RE25&"-"&RF25, Sheet2!$E:$F, 2, FALSE), "")
A26: Waverly | B26: Cornwall | C26: No | D26: - | E26: NY | F26: 100027 | H26: Charter Member | M26: =IFERROR(VLOOKUP(K26&"-"&L26, Sheet2!$E:$F, 2, FALSE), "") | N26: IL | O26: Norfolk | P26: 42.1603, -71.2118 | T26: No | AA26: =IFERROR(VLOOKUP(Y26&"-"&Z26, Sheet2!$E:$F, 2, FALSE), "") | AB26: MA | AL26: =IFERROR(VLOOKUP(AJ26&"-"&AK26, Sheet2!$E:$F, 2, FALSE), "") | AP26: No | AQ26: - | AV26: =IFERROR(VLOOKUP(AT26&"-"&AU26, Sheet2!$E:$F, 2, FALSE), "") | BD26: =IFERROR(VLOOKUP(BB26&"-"&BC26, Sheet2!$E:$F, 2, FALSE), "") | BJ26: No | BK26: - | BP26: =IFERROR(VLOOKUP(BN26&"-"&BO26, Sheet2!$E:$F, 2, FALSE), "") | BT26: No | CB26: =IFERROR(VLOOKUP(BZ26&"-"&CA26, Sheet2!$E:$F, 2, FALSE), "") | CH26: =IFERROR(VLOOKUP(CF26&"-"&CG26, Sheet2!$E:$F, 2, FALSE), "") | CL26: No | CM26: - | CR26: =IFERROR(VLOOKUP(CP26&"-"&CQ26, Sheet2!$E:$F, 2, FALSE), "") | CX26: =IFERROR(VLOOKUP(CV26&"-"&CW26, Sheet2!$E:$F, 2, FALSE), "") | DD26: No | DE26: - | DJ26: =IFERROR(VLOOKUP(DH26&"-"&DI26, Sheet2!$E:$F, 2, FALSE), "") | DM26: No | DU26: =IFERROR(VLOOKUP(DS26&"-"&DT26, Sheet2!$E:$F, 2, FALSE), "") | EA26: =IFERROR(VLOOKUP(DY26&"-"&DZ26, Sheet2!$E:$F, 2, FALSE), "") | ED26: No | EJ26: No | EK26: - | EQ26: =IFERROR(VLOOKUP(EO26&"-"&EP26, Sheet2!$E:$F, 2, FALSE), "") | EV26: =IFERROR(VLOOKUP(ET26&"-"&EU26, Sheet2!$E:$F, 2, FALSE), "") | FC26: No | FD26: - | FI26: =IFERROR(VLOOKUP(FG26&"-"&FH26, Sheet2!$E:$F, 2, FALSE), "") | FL26: No | FT26: =IFERROR(VLOOKUP(FR26&"-"&FS26, Sheet2!$E:$F, 2, FALSE), "") | FZ26: =IFERROR(VLOOKUP(FX26&"-"&FY26, Sheet2!$E:$F, 2, FALSE), "") | GD26: No | GE26: - | GJ26: =IFERROR(VLOOKUP(GH26&"-"&GI26, Sheet2!$E:$F, 2, FALSE), "") | GP26: =IFERROR(VLOOKUP(GN26&"-"&GO26, Sheet2!$E:$F, 2, FALSE), "") | GW26: No | GX26: - | HC26: =IFERROR(VLOOKUP(HA26&"-"&HB26, Sheet2!$E:$F, 2, FALSE), "") | HF26: No | HN26: =IFERROR(VLOOKUP(HL26&"-"&HM26, Sheet2!$E:$F, 2, FALSE), "") | HT26: =IFERROR(VLOOKUP(HR26&"-"&HS26, Sheet2!$E:$F, 2, FALSE), "") | HX26: No | HY26: - | IE26: =IFERROR(VLOOKUP(IC26&"-"&ID26, Sheet2!$E:$F, 2, FALSE), "") | IK26: =IFERROR(VLOOKUP(II26&"-"&IJ26, Sheet2!$E:$F, 2, FALSE), "") | IR26: No | IS26: - | IY26: =IFERROR(VLOOKUP(IW26&"-"&IX26, Sheet2!$E:$F, 2, FALSE), "") | JG26: =IFERROR(VLOOKUP(JE26&"-"&JF26, Sheet2!$E:$F, 2, FALSE), "") | JM26: =IFERROR(VLOOKUP(JK26&"-"&JL26, Sheet2!$E:$F, 2, FALSE), "") | JQ26: No | JR26: - | JX26: =IFERROR(VLOOKUP(JV26&"-"&JW26, Sheet2!$E:$F, 2, FALSE), "") | KD26: =IFERROR(VLOOKUP(KB26&"-"&KC26, Sheet2!$E:$F, 2, FALSE), "") | KK26: No | KL26: - | KR26: =IFERROR(VLOOKUP(KP26&"-"&KQ26, Sheet2!$E:$F, 2, FALSE), "") | KZ26: =IFERROR(VLOOKUP(KX26&"-"&KY26, Sheet2!$E:$F, 2, FALSE), "") | LH26: =IFERROR(VLOOKUP(LF26&"-"&LG26, Sheet2!$E:$F, 2, FALSE), "") | LL26: No | LM26: - | LS26: =IFERROR(VLOOKUP(LQ26&"-"&LR26, Sheet2!$E:$F, 2, FALSE), "") | LY26: =IFERROR(VLOOKUP(LW26&"-"&LX26, Sheet2!$E:$F, 2, FALSE), "") | MD26: No | ME26: - | MK26: =IFERROR(VLOOKUP(MI26&"-"&MJ26, Sheet2!$E:$F, 2, FALSE), "") | MN26: No | MV26: =IFERROR(VLOOKUP(MT26&"-"&MU26, Sheet2!$E:$F, 2, FALSE), "") | NB26: =IFERROR(VLOOKUP(MZ26&"-"&NA26, Sheet2!$E:$F, 2, FALSE), "") | NF26: No | NG26: - | NM26: =IFERROR(VLOOKUP(NK26&"-"&NL26, Sheet2!$E:$F, 2, FALSE), "") | NS26: =IFERROR(VLOOKUP(NQ26&"-"&NR26, Sheet2!$E:$F, 2, FALSE), "") | NX26: No | NY26: - | OE26: =IFERROR(VLOOKUP(OC26&"-"&OD26, Sheet2!$E:$F, 2, FALSE), "") | OH26: No | OP26: =IFERROR(VLOOKUP(ON26&"-"&OO26, Sheet2!$E:$F, 2, FALSE), "") | OV26: =IFERROR(VLOOKUP(OT26&"-"&OU26, Sheet2!$E:$F, 2, FALSE), "") | OZ26: No | PA26: - | PG26: =IFERROR(VLOOKUP(PE26&"-"&PF26, Sheet2!$E:$F, 2, FALSE), "") | PM26: =IFERROR(VLOOKUP(PK26&"-"&PL26, Sheet2!$E:$F, 2, FALSE), "") | PR26: No | PS26: - | PY26: =IFERROR(VLOOKUP(PW26&"-"&PX26, Sheet2!$E:$F, 2, FALSE), "") | QB26: No | QJ26: =IFERROR(VLOOKUP(QH26&"-"&QI26, Sheet2!$E:$F, 2, FALSE), "") | QP26: =IFERROR(VLOOKUP(QN26&"-"&QO26, Sheet2!$E:$F, 2, FALSE), "") | QT26: No | QU26: - | RA26: =IFERROR(VLOOKUP(QY26&"-"&QZ26, Sheet2!$E:$F, 2, FALSE), "") | RG26: =IFERROR(VLOOKUP(RE26&"-"&RF26, Sheet2!$E:$F, 2, FALSE), "")
A27: Howard | B27: Richardson | C27: No | D27: - | E27: FL | F27: 100028 | H27: Charter Member | M27: =IFERROR(VLOOKUP(K27&"-"&L27, Sheet2!$E:$F, 2, FALSE), "") | N27: IL | O27: Norfolk | P27: 42.1603, -71.2118 | T27: No | AA27: =IFERROR(VLOOKUP(Y27&"-"&Z27, Sheet2!$E:$F, 2, FALSE), "") | AB27: MA | AL27: =IFERROR(VLOOKUP(AJ27&"-"&AK27, Sheet2!$E:$F, 2, FALSE), "") | AP27: No | AQ27: - | AV27: =IFERROR(VLOOKUP(AT27&"-"&AU27, Sheet2!$E:$F, 2, FALSE), "") | BD27: =IFERROR(VLOOKUP(BB27&"-"&BC27, Sheet2!$E:$F, 2, FALSE), "") | BJ27: No | BK27: - | BP27: =IFERROR(VLOOKUP(BN27&"-"&BO27, Sheet2!$E:$F, 2, FALSE), "") | BT27: No | CB27: =IFERROR(VLOOKUP(BZ27&"-"&CA27, Sheet2!$E:$F, 2, FALSE), "") | CH27: =IFERROR(VLOOKUP(CF27&"-"&CG27, Sheet2!$E:$F, 2, FALSE), "") | CL27: No | CM27: - | CR27: =IFERROR(VLOOKUP(CP27&"-"&CQ27, Sheet2!$E:$F, 2, FALSE), "") | CX27: =IFERROR(VLOOKUP(CV27&"-"&CW27, Sheet2!$E:$F, 2, FALSE), "") | DD27: No | DE27: - | DJ27: =IFERROR(VLOOKUP(DH27&"-"&DI27, Sheet2!$E:$F, 2, FALSE), "") | DM27: No | DU27: =IFERROR(VLOOKUP(DS27&"-"&DT27, Sheet2!$E:$F, 2, FALSE), "") | EA27: =IFERROR(VLOOKUP(DY27&"-"&DZ27, Sheet2!$E:$F, 2, FALSE), "") | ED27: No | EJ27: No | EK27: - | EQ27: =IFERROR(VLOOKUP(EO27&"-"&EP27, Sheet2!$E:$F, 2, FALSE), "") | EV27: =IFERROR(VLOOKUP(ET27&"-"&EU27, Sheet2!$E:$F, 2, FALSE), "") | FC27: No | FD27: - | FI27: =IFERROR(VLOOKUP(FG27&"-"&FH27, Sheet2!$E:$F, 2, FALSE), "") | FL27: No | FT27: =IFERROR(VLOOKUP(FR27&"-"&FS27, Sheet2!$E:$F, 2, FALSE), "") | FZ27: =IFERROR(VLOOKUP(FX27&"-"&FY27, Sheet2!$E:$F, 2, FALSE), "") | GD27: No | GE27: - | GJ27: =IFERROR(VLOOKUP(GH27&"-"&GI27, Sheet2!$E:$F, 2, FALSE), "") | GP27: =IFERROR(VLOOKUP(GN27&"-"&GO27, Sheet2!$E:$F, 2, FALSE), "") | GW27: No | GX27: - | HC27: =IFERROR(VLOOKUP(HA27&"-"&HB27, Sheet2!$E:$F, 2, FALSE), "") | HF27: No | HN27: =IFERROR(VLOOKUP(HL27&"-"&HM27, Sheet2!$E:$F, 2, FALSE), "") | HT27: =IFERROR(VLOOKUP(HR27&"-"&HS27, Sheet2!$E:$F, 2, FALSE), "") | HX27: No | HY27: - | IE27: =IFERROR(VLOOKUP(IC27&"-"&ID27, Sheet2!$E:$F, 2, FALSE), "") | IK27: =IFERROR(VLOOKUP(II27&"-"&IJ27, Sheet2!$E:$F, 2, FALSE), "") | IR27: No | IS27: - | IY27: =IFERROR(VLOOKUP(IW27&"-"&IX27, Sheet2!$E:$F, 2, FALSE), "") | JG27: =IFERROR(VLOOKUP(JE27&"-"&JF27, Sheet2!$E:$F, 2, FALSE), "") | JM27: =IFERROR(VLOOKUP(JK27&"-"&JL27, Sheet2!$E:$F, 2, FALSE), "") | JQ27: No | JR27: - | JX27: =IFERROR(VLOOKUP(JV27&"-"&JW27, Sheet2!$E:$F, 2, FALSE), "") | KD27: =IFERROR(VLOOKUP(KB27&"-"&KC27, Sheet2!$E:$F, 2, FALSE), "") | KK27: No | KL27: - | KR27: =IFERROR(VLOOKUP(KP27&"-"&KQ27, Sheet2!$E:$F, 2, FALSE), "") | KZ27: =IFERROR(VLOOKUP(KX27&"-"&KY27, Sheet2!$E:$F, 2, FALSE), "") | LH27: =IFERROR(VLOOKUP(LF27&"-"&LG27, Sheet2!$E:$F, 2, FALSE), "") | LL27: No | LM27: - | LS27: =IFERROR(VLOOKUP(LQ27&"-"&LR27, Sheet2!$E:$F, 2, FALSE), "") | LY27: =IFERROR(VLOOKUP(LW27&"-"&LX27, Sheet2!$E:$F, 2, FALSE), "") | MD27: No | ME27: - | MK27: =IFERROR(VLOOKUP(MI27&"-"&MJ27, Sheet2!$E:$F, 2, FALSE), "") | MN27: No | MV27: =IFERROR(VLOOKUP(MT27&"-"&MU27, Sheet2!$E:$F, 2, FALSE), "") | NB27: =IFERROR(VLOOKUP(MZ27&"-"&NA27, Sheet2!$E:$F, 2, FALSE), "") | NF27: No | NG27: - | NM27: =IFERROR(VLOOKUP(NK27&"-"&NL27, Sheet2!$E:$F, 2, FALSE), "") | NS27: =IFERROR(VLOOKUP(NQ27&"-"&NR27, Sheet2!$E:$F, 2, FALSE), "") | NX27: No | NY27: - | OE27: =IFERROR(VLOOKUP(OC27&"-"&OD27, Sheet2!$E:$F, 2, FALSE), "") | OH27: No | OP27: =IFERROR(VLOOKUP(ON27&"-"&OO27, Sheet2!$E:$F, 2, FALSE), "") | OV27: =IFERROR(VLOOKUP(OT27&"-"&OU27, Sheet2!$E:$F, 2, FALSE), "") | OZ27: No | PA27: - | PG27: =IFERROR(VLOOKUP(PE27&"-"&PF27, Sheet2!$E:$F, 2, FALSE), "") | PM27: =IFERROR(VLOOKUP(PK27&"-"&PL27, Sheet2!$E:$F, 2, FALSE), "") | PR27: No | PS27: - | PY27: =IFERROR(VLOOKUP(PW27&"-"&PX27, Sheet2!$E:$F, 2, FALSE), "") | QB27: No | QJ27: =IFERROR(VLOOKUP(QH27&"-"&QI27, Sheet2!$E:$F, 2, FALSE), "") | QP27: =IFERROR(VLOOKUP(QN27&"-"&QO27, Sheet2!$E:$F, 2, FALSE), "") | QT27: No | QU27: - | RA27: =IFERROR(VLOOKUP(QY27&"-"&QZ27, Sheet2!$E:$F, 2, FALSE), "") | RG27: =IFERROR(VLOOKUP(RE27&"-"&RF27, Sheet2!$E:$F, 2, FALSE), "")
A28: Reagan | B28: Richardson | C28: No | D28: - | E28: FL | F28: 100029 | H28: Regular Member | M28: =IFERROR(VLOOKUP(K28&"-"&L28, Sheet2!$E:$F, 2, FALSE), "") | N28: IL | O28: Norfolk | P28: 42.1603, -71.2118 | T28: No | AA28: =IFERROR(VLOOKUP(Y28&"-"&Z28, Sheet2!$E:$F, 2, FALSE), "") | AB28: MA | AL28: =IFERROR(VLOOKUP(AJ28&"-"&AK28, Sheet2!$E:$F, 2, FALSE), "") | AP28: No | AQ28: - | AV28: =IFERROR(VLOOKUP(AT28&"-"&AU28, Sheet2!$E:$F, 2, FALSE), "") | BD28: =IFERROR(VLOOKUP(BB28&"-"&BC28, Sheet2!$E:$F, 2, FALSE), "") | BJ28: No | BK28: - | BP28: =IFERROR(VLOOKUP(BN28&"-"&BO28, Sheet2!$E:$F, 2, FALSE), "") | BT28: No | CB28: =IFERROR(VLOOKUP(BZ28&"-"&CA28, Sheet2!$E:$F, 2, FALSE), "") | CH28: =IFERROR(VLOOKUP(CF28&"-"&CG28, Sheet2!$E:$F, 2, FALSE), "") | CL28: No | CM28: - | CR28: =IFERROR(VLOOKUP(CP28&"-"&CQ28, Sheet2!$E:$F, 2, FALSE), "") | CX28: =IFERROR(VLOOKUP(CV28&"-"&CW28, Sheet2!$E:$F, 2, FALSE), "") | DD28: No | DE28: - | DJ28: =IFERROR(VLOOKUP(DH28&"-"&DI28, Sheet2!$E:$F, 2, FALSE), "") | DM28: No | DU28: =IFERROR(VLOOKUP(DS28&"-"&DT28, Sheet2!$E:$F, 2, FALSE), "") | EA28: =IFERROR(VLOOKUP(DY28&"-"&DZ28, Sheet2!$E:$F, 2, FALSE), "") | ED28: No | EJ28: No | EK28: - | EQ28: =IFERROR(VLOOKUP(EO28&"-"&EP28, Sheet2!$E:$F, 2, FALSE), "") | EV28: =IFERROR(VLOOKUP(ET28&"-"&EU28, Sheet2!$E:$F, 2, FALSE), "") | FC28: No | FD28: - | FI28: =IFERROR(VLOOKUP(FG28&"-"&FH28, Sheet2!$E:$F, 2, FALSE), "") | FL28: No | FT28: =IFERROR(VLOOKUP(FR28&"-"&FS28, Sheet2!$E:$F, 2, FALSE), "") | FZ28: =IFERROR(VLOOKUP(FX28&"-"&FY28, Sheet2!$E:$F, 2, FALSE), "") | GD28: No | GE28: - | GJ28: =IFERROR(VLOOKUP(GH28&"-"&GI28, Sheet2!$E:$F, 2, FALSE), "") | GP28: =IFERROR(VLOOKUP(GN28&"-"&GO28, Sheet2!$E:$F, 2, FALSE), "") | GW28: No | GX28: - | HC28: =IFERROR(VLOOKUP(HA28&"-"&HB28, Sheet2!$E:$F, 2, FALSE), "") | HF28: No | HN28: =IFERROR(VLOOKUP(HL28&"-"&HM28, Sheet2!$E:$F, 2, FALSE), "") | HT28: =IFERROR(VLOOKUP(HR28&"-"&HS28, Sheet2!$E:$F, 2, FALSE), "") | HX28: No | HY28: - | IE28: =IFERROR(VLOOKUP(IC28&"-"&ID28, Sheet2!$E:$F, 2, FALSE), "") | IK28: =IFERROR(VLOOKUP(II28&"-"&IJ28, Sheet2!$E:$F, 2, FALSE), "") | IR28: No | IS28: - | IY28: =IFERROR(VLOOKUP(IW28&"-"&IX28, Sheet2!$E:$F, 2, FALSE), "") | JG28: =IFERROR(VLOOKUP(JE28&"-"&JF28, Sheet2!$E:$F, 2, FALSE), "") | JM28: =IFERROR(VLOOKUP(JK28&"-"&JL28, Sheet2!$E:$F, 2, FALSE), "") | JQ28: No | JR28: - | JX28: =IFERROR(VLOOKUP(JV28&"-"&JW28, Sheet2!$E:$F, 2, FALSE), "") | KD28: =IFERROR(VLOOKUP(KB28&"-"&KC28, Sheet2!$E:$F, 2, FALSE), "") | KK28: No | KL28: - | KR28: =IFERROR(VLOOKUP(KP28&"-"&KQ28, Sheet2!$E:$F, 2, FALSE), "") | KZ28: =IFERROR(VLOOKUP(KX28&"-"&KY28, Sheet2!$E:$F, 2, FALSE), "") | LH28: =IFERROR(VLOOKUP(LF28&"-"&LG28, Sheet2!$E:$F, 2, FALSE), "") | LL28: No | LM28: - | LS28: =IFERROR(VLOOKUP(LQ28&"-"&LR28, Sheet2!$E:$F, 2, FALSE), "") | LY28: =IFERROR(VLOOKUP(LW28&"-"&LX28, Sheet2!$E:$F, 2, FALSE), "") | MD28: No | ME28: - | MK28: =IFERROR(VLOOKUP(MI28&"-"&MJ28, Sheet2!$E:$F, 2, FALSE), "") | MN28: No | MV28: =IFERROR(VLOOKUP(MT28&"-"&MU28, Sheet2!$E:$F, 2, FALSE), "") | NB28: =IFERROR(VLOOKUP(MZ28&"-"&NA28, Sheet2!$E:$F, 2, FALSE), "") | NF28: No | NG28: - | NM28: =IFERROR(VLOOKUP(NK28&"-"&NL28, Sheet2!$E:$F, 2, FALSE), "") | NS28: =IFERROR(VLOOKUP(NQ28&"-"&NR28, Sheet2!$E:$F, 2, FALSE), "") | NX28: No | NY28: - | OE28: =IFERROR(VLOOKUP(OC28&"-"&OD28, Sheet2!$E:$F, 2, FALSE), "") | OH28: No | OP28: =IFERROR(VLOOKUP(ON28&"-"&OO28, Sheet2!$E:$F, 2, FALSE), "") | OV28: =IFERROR(VLOOKUP(OT28&"-"&OU28, Sheet2!$E:$F, 2, FALSE), "") | OZ28: No | PA28: - | PG28: =IFERROR(VLOOKUP(PE28&"-"&PF28, Sheet2!$E:$F, 2, FALSE), "") | PM28: =IFERROR(VLOOKUP(PK28&"-"&PL28, Sheet2!$E:$F, 2, FALSE), "") | PR28: No | PS28: - | PY28: =IFERROR(VLOOKUP(PW28&"-"&PX28, Sheet2!$E:$F, 2, FALSE), "") | QB28: No | QJ28: =IFERROR(VLOOKUP(QH28&"-"&QI28, Sheet2!$E:$F, 2, FALSE), "") | QP28: =IFERROR(VLOOKUP(QN28&"-"&QO28, Sheet2!$E:$F, 2, FALSE), "") | QT28: No | QU28: - | RA28: =IFERROR(VLOOKUP(QY28&"-"&QZ28, Sheet2!$E:$F, 2, FALSE), "") | RG28: =IFERROR(VLOOKUP(RE28&"-"&RF28, Sheet2!$E:$F, 2, FALSE), "")
A29: LaResa | B29: Richardson | C29: No | D29: - | E29: FL | F29: 100030 | H29: Regular Member | M29: =IFERROR(VLOOKUP(K29&"-"&L29, Sheet2!$E:$F, 2, FALSE), "") | N29: IL | O29: Norfolk | P29: 42.1603, -71.2118 | T29: No | AA29: =IFERROR(VLOOKUP(Y29&"-"&Z29, Sheet2!$E:$F, 2, FALSE), "") | AB29: MA | AL29: =IFERROR(VLOOKUP(AJ29&"-"&AK29, Sheet2!$E:$F, 2, FALSE), "") | AP29: No | AQ29: - | AV29: =IFERROR(VLOOKUP(AT29&"-"&AU29, Sheet2!$E:$F, 2, FALSE), "") | BD29: =IFERROR(VLOOKUP(BB29&"-"&BC29, Sheet2!$E:$F, 2, FALSE), "") | BJ29: No | BK29: - | BP29: =IFERROR(VLOOKUP(BN29&"-"&BO29, Sheet2!$E:$F, 2, FALSE), "") | BT29: No | CB29: =IFERROR(VLOOKUP(BZ29&"-"&CA29, Sheet2!$E:$F, 2, FALSE), "") | CH29: =IFERROR(VLOOKUP(CF29&"-"&CG29, Sheet2!$E:$F, 2, FALSE), "") | CL29: No | CM29: - | CR29: =IFERROR(VLOOKUP(CP29&"-"&CQ29, Sheet2!$E:$F, 2, FALSE), "") | CX29: =IFERROR(VLOOKUP(CV29&"-"&CW29, Sheet2!$E:$F, 2, FALSE), "") | DD29: No | DE29: - | DJ29: =IFERROR(VLOOKUP(DH29&"-"&DI29, Sheet2!$E:$F, 2, FALSE), "") | DM29: No | DU29: =IFERROR(VLOOKUP(DS29&"-"&DT29, Sheet2!$E:$F, 2, FALSE), "") | EA29: =IFERROR(VLOOKUP(DY29&"-"&DZ29, Sheet2!$E:$F, 2, FALSE), "") | ED29: No | EJ29: No | EK29: - | EQ29: =IFERROR(VLOOKUP(EO29&"-"&EP29, Sheet2!$E:$F, 2, FALSE), "") | EV29: =IFERROR(VLOOKUP(ET29&"-"&EU29, Sheet2!$E:$F, 2, FALSE), "") | FC29: No | FD29: - | FI29: =IFERROR(VLOOKUP(FG29&"-"&FH29, Sheet2!$E:$F, 2, FALSE), "") | FL29: No | FT29: =IFERROR(VLOOKUP(FR29&"-"&FS29, Sheet2!$E:$F, 2, FALSE), "") | FZ29: =IFERROR(VLOOKUP(FX29&"-"&FY29, Sheet2!$E:$F, 2, FALSE), "") | GD29: No | GE29: - | GJ29: =IFERROR(VLOOKUP(GH29&"-"&GI29, Sheet2!$E:$F, 2, FALSE), "") | GP29: =IFERROR(VLOOKUP(GN29&"-"&GO29, Sheet2!$E:$F, 2, FALSE), "") | GW29: No | GX29: - | HC29: =IFERROR(VLOOKUP(HA29&"-"&HB29, Sheet2!$E:$F, 2, FALSE), "") | HF29: No | HN29: =IFERROR(VLOOKUP(HL29&"-"&HM29, Sheet2!$E:$F, 2, FALSE), "") | HT29: =IFERROR(VLOOKUP(HR29&"-"&HS29, Sheet2!$E:$F, 2, FALSE), "") | HX29: No | HY29: - | IE29: =IFERROR(VLOOKUP(IC29&"-"&ID29, Sheet2!$E:$F, 2, FALSE), "") | IK29: =IFERROR(VLOOKUP(II29&"-"&IJ29, Sheet2!$E:$F, 2, FALSE), "") | IR29: No | IS29: - | IY29: =IFERROR(VLOOKUP(IW29&"-"&IX29, Sheet2!$E:$F, 2, FALSE), "") | JG29: =IFERROR(VLOOKUP(JE29&"-"&JF29, Sheet2!$E:$F, 2, FALSE), "") | JM29: =IFERROR(VLOOKUP(JK29&"-"&JL29, Sheet2!$E:$F, 2, FALSE), "") | JQ29: No | JR29: - | JX29: =IFERROR(VLOOKUP(JV29&"-"&JW29, Sheet2!$E:$F, 2, FALSE), "") | KD29: =IFERROR(VLOOKUP(KB29&"-"&KC29, Sheet2!$E:$F, 2, FALSE), "") | KK29: No | KL29: - | KR29: =IFERROR(VLOOKUP(KP29&"-"&KQ29, Sheet2!$E:$F, 2, FALSE), "") | KZ29: =IFERROR(VLOOKUP(KX29&"-"&KY29, Sheet2!$E:$F, 2, FALSE), "") | LH29: =IFERROR(VLOOKUP(LF29&"-"&LG29, Sheet2!$E:$F, 2, FALSE), "") | LL29: No | LM29: - | LS29: =IFERROR(VLOOKUP(LQ29&"-"&LR29, Sheet2!$E:$F, 2, FALSE), "") | LY29: =IFERROR(VLOOKUP(LW29&"-"&LX29, Sheet2!$E:$F, 2, FALSE), "") | MD29: No | ME29: - | MK29: =IFERROR(VLOOKUP(MI29&"-"&MJ29, Sheet2!$E:$F, 2, FALSE), "") | MN29: No | MV29: =IFERROR(VLOOKUP(MT29&"-"&MU29, Sheet2!$E:$F, 2, FALSE), "") | NB29: =IFERROR(VLOOKUP(MZ29&"-"&NA29, Sheet2!$E:$F, 2, FALSE), "") | NF29: No | NG29: - | NM29: =IFERROR(VLOOKUP(NK29&"-"&NL29, Sheet2!$E:$F, 2, FALSE), "") | NS29: =IFERROR(VLOOKUP(NQ29&"-"&NR29, Sheet2!$E:$F, 2, FALSE), "") | NX29: No | NY29: - | OE29: =IFERROR(VLOOKUP(OC29&"-"&OD29, Sheet2!$E:$F, 2, FALSE), "") | OH29: No | OP29: =IFERROR(VLOOKUP(ON29&"-"&OO29, Sheet2!$E:$F, 2, FALSE), "") | OV29: =IFERROR(VLOOKUP(OT29&"-"&OU29, Sheet2!$E:$F, 2, FALSE), "") | OZ29: No | PA29: - | PG29: =IFERROR(VLOOKUP(PE29&"-"&PF29, Sheet2!$E:$F, 2, FALSE), "") | PM29: =IFERROR(VLOOKUP(PK29&"-"&PL29, Sheet2!$E:$F, 2, FALSE), "") | PR29: No | PS29: - | PY29: =IFERROR(VLOOKUP(PW29&"-"&PX29, Sheet2!$E:$F, 2, FALSE), "") | QB29: No | QJ29: =IFERROR(VLOOKUP(QH29&"-"&QI29, Sheet2!$E:$F, 2, FALSE), "") | QP29: =IFERROR(VLOOKUP(QN29&"-"&QO29, Sheet2!$E:$F, 2, FALSE), "") | QT29: No | QU29: - | RA29: =IFERROR(VLOOKUP(QY29&"-"&QZ29, Sheet2!$E:$F, 2, FALSE), "") | RG29: =IFERROR(VLOOKUP(RE29&"-"&RF29, Sheet2!$E:$F, 2, FALSE), "")
A30: Lanaeya' | B30: Richardson | C30: No | D30: - | E30: FL | F30: 100031 | H30: Regular Member | M30: =IFERROR(VLOOKUP(K30&"-"&L30, Sheet2!$E:$F, 2, FALSE), "") | N30: IL | O30: Norfolk | P30: 42.1603, -71.2118 | T30: No | AA30: =IFERROR(VLOOKUP(Y30&"-"&Z30, Sheet2!$E:$F, 2, FALSE), "") | AB30: MA | AL30: =IFERROR(VLOOKUP(AJ30&"-"&AK30, Sheet2!$E:$F, 2, FALSE), "") | AP30: No | AQ30: - | AV30: =IFERROR(VLOOKUP(AT30&"-"&AU30, Sheet2!$E:$F, 2, FALSE), "") | BD30: =IFERROR(VLOOKUP(BB30&"-"&BC30, Sheet2!$E:$F, 2, FALSE), "") | BJ30: No | BK30: - | BP30: =IFERROR(VLOOKUP(BN30&"-"&BO30, Sheet2!$E:$F, 2, FALSE), "") | BT30: No | CB30: =IFERROR(VLOOKUP(BZ30&"-"&CA30, Sheet2!$E:$F, 2, FALSE), "") | CH30: =IFERROR(VLOOKUP(CF30&"-"&CG30, Sheet2!$E:$F, 2, FALSE), "") | CL30: No | CM30: - | CR30: =IFERROR(VLOOKUP(CP30&"-"&CQ30, Sheet2!$E:$F, 2, FALSE), "") | CX30: =IFERROR(VLOOKUP(CV30&"-"&CW30, Sheet2!$E:$F, 2, FALSE), "") | DD30: No | DE30: - | DJ30: =IFERROR(VLOOKUP(DH30&"-"&DI30, Sheet2!$E:$F, 2, FALSE), "") | DM30: No | DU30: =IFERROR(VLOOKUP(DS30&"-"&DT30, Sheet2!$E:$F, 2, FALSE), "") | EA30: =IFERROR(VLOOKUP(DY30&"-"&DZ30, Sheet2!$E:$F, 2, FALSE), "") | ED30: No | EJ30: No | EK30: - | EQ30: =IFERROR(VLOOKUP(EO30&"-"&EP30, Sheet2!$E:$F, 2, FALSE), "") | EV30: =IFERROR(VLOOKUP(ET30&"-"&EU30, Sheet2!$E:$F, 2, FALSE), "") | FC30: No | FD30: - | FI30: =IFERROR(VLOOKUP(FG30&"-"&FH30, Sheet2!$E:$F, 2, FALSE), "") | FL30: No | FT30: =IFERROR(VLOOKUP(FR30&"-"&FS30, Sheet2!$E:$F, 2, FALSE), "") | FZ30: =IFERROR(VLOOKUP(FX30&"-"&FY30, Sheet2!$E:$F, 2, FALSE), "") | GD30: No | GE30: - | GJ30: =IFERROR(VLOOKUP(GH30&"-"&GI30, Sheet2!$E:$F, 2, FALSE), "") | GP30: =IFERROR(VLOOKUP(GN30&"-"&GO30, Sheet2!$E:$F, 2, FALSE), "") | GW30: No | GX30: - | HC30: =IFERROR(VLOOKUP(HA30&"-"&HB30, Sheet2!$E:$F, 2, FALSE), "") | HF30: No | HN30: =IFERROR(VLOOKUP(HL30&"-"&HM30, Sheet2!$E:$F, 2, FALSE), "") | HT30: =IFERROR(VLOOKUP(HR30&"-"&HS30, Sheet2!$E:$F, 2, FALSE), "") | HX30: No | HY30: - | IE30: =IFERROR(VLOOKUP(IC30&"-"&ID30, Sheet2!$E:$F, 2, FALSE), "") | IK30: =IFERROR(VLOOKUP(II30&"-"&IJ30, Sheet2!$E:$F, 2, FALSE), "") | IR30: No | IS30: - | IY30: =IFERROR(VLOOKUP(IW30&"-"&IX30, Sheet2!$E:$F, 2, FALSE), "") | JG30: =IFERROR(VLOOKUP(JE30&"-"&JF30, Sheet2!$E:$F, 2, FALSE), "") | JM30: =IFERROR(VLOOKUP(JK30&"-"&JL30, Sheet2!$E:$F, 2, FALSE), "") | JQ30: No | JR30: - | JX30: =IFERROR(VLOOKUP(JV30&"-"&JW30, Sheet2!$E:$F, 2, FALSE), "") | KD30: =IFERROR(VLOOKUP(KB30&"-"&KC30, Sheet2!$E:$F, 2, FALSE), "") | KK30: No | KL30: - | KR30: =IFERROR(VLOOKUP(KP30&"-"&KQ30, Sheet2!$E:$F, 2, FALSE), "") | KZ30: =IFERROR(VLOOKUP(KX30&"-"&KY30, Sheet2!$E:$F, 2, FALSE), "") | LH30: =IFERROR(VLOOKUP(LF30&"-"&LG30, Sheet2!$E:$F, 2, FALSE), "") | LL30: No | LM30: - | LS30: =IFERROR(VLOOKUP(LQ30&"-"&LR30, Sheet2!$E:$F, 2, FALSE), "") | LY30: =IFERROR(VLOOKUP(LW30&"-"&LX30, Sheet2!$E:$F, 2, FALSE), "") | MD30: No | ME30: - | MK30: =IFERROR(VLOOKUP(MI30&"-"&MJ30, Sheet2!$E:$F, 2, FALSE), "") | MN30: No | MV30: =IFERROR(VLOOKUP(MT30&"-"&MU30, Sheet2!$E:$F, 2, FALSE), "") | NB30: =IFERROR(VLOOKUP(MZ30&"-"&NA30, Sheet2!$E:$F, 2, FALSE), "") | NF30: No | NG30: - | NM30: =IFERROR(VLOOKUP(NK30&"-"&NL30, Sheet2!$E:$F, 2, FALSE), "") | NS30: =IFERROR(VLOOKUP(NQ30&"-"&NR30, Sheet2!$E:$F, 2, FALSE), "") | NX30: No | NY30: - | OE30: =IFERROR(VLOOKUP(OC30&"-"&OD30, Sheet2!$E:$F, 2, FALSE), "") | OH30: No | OP30: =IFERROR(VLOOKUP(ON30&"-"&OO30, Sheet2!$E:$F, 2, FALSE), "") | OV30: =IFERROR(VLOOKUP(OT30&"-"&OU30, Sheet2!$E:$F, 2, FALSE), "") | OZ30: No | PA30: - | PG30: =IFERROR(VLOOKUP(PE30&"-"&PF30, Sheet2!$E:$F, 2, FALSE), "") | PM30: =IFERROR(VLOOKUP(PK30&"-"&PL30, Sheet2!$E:$F, 2, FALSE), "") | PR30: No | PS30: - | PY30: =IFERROR(VLOOKUP(PW30&"-"&PX30, Sheet2!$E:$F, 2, FALSE), "") | QB30: No | QJ30: =IFERROR(VLOOKUP(QH30&"-"&QI30, Sheet2!$E:$F, 2, FALSE), "") | QP30: =IFERROR(VLOOKUP(QN30&"-"&QO30, Sheet2!$E:$F, 2, FALSE), "") | QT30: No | QU30: - | RA30: =IFERROR(VLOOKUP(QY30&"-"&QZ30, Sheet2!$E:$F, 2, FALSE), "") | RG30: =IFERROR(VLOOKUP(RE30&"-"&RF30, Sheet2!$E:$F, 2, FALSE), "")
A31: Carol | B31: Hector-Harris | C31: No | D31: - | E31: OH | F31: 100032 | G31: carolhectorharris@hotmail.com | H31: Regular Member | M31: =IFERROR(VLOOKUP(K31&"-"&L31, Sheet2!$E:$F, 2, FALSE), "") | N31: IL | O31: Norfolk | P31: 42.1603, -71.2118 | T31: No | AA31: =IFERROR(VLOOKUP(Y31&"-"&Z31, Sheet2!$E:$F, 2, FALSE), "") | AB31: MA | AL31: =IFERROR(VLOOKUP(AJ31&"-"&AK31, Sheet2!$E:$F, 2, FALSE), "") | AP31: No | AQ31: - | AV31: =IFERROR(VLOOKUP(AT31&"-"&AU31, Sheet2!$E:$F, 2, FALSE), "") | BD31: =IFERROR(VLOOKUP(BB31&"-"&BC31, Sheet2!$E:$F, 2, FALSE), "") | BJ31: No | BK31: - | BP31: =IFERROR(VLOOKUP(BN31&"-"&BO31, Sheet2!$E:$F, 2, FALSE), "") | BT31: No | CB31: =IFERROR(VLOOKUP(BZ31&"-"&CA31, Sheet2!$E:$F, 2, FALSE), "") | CH31: =IFERROR(VLOOKUP(CF31&"-"&CG31, Sheet2!$E:$F, 2, FALSE), "") | CL31: No | CM31: - | CR31: =IFERROR(VLOOKUP(CP31&"-"&CQ31, Sheet2!$E:$F, 2, FALSE), "") | CX31: =IFERROR(VLOOKUP(CV31&"-"&CW31, Sheet2!$E:$F, 2, FALSE), "") | DD31: No | DE31: - | DJ31: =IFERROR(VLOOKUP(DH31&"-"&DI31, Sheet2!$E:$F, 2, FALSE), "") | DM31: No | DU31: =IFERROR(VLOOKUP(DS31&"-"&DT31, Sheet2!$E:$F, 2, FALSE), "") | EA31: =IFERROR(VLOOKUP(DY31&"-"&DZ31, Sheet2!$E:$F, 2, FALSE), "") | ED31: No | EJ31: No | EK31: - | EQ31: =IFERROR(VLOOKUP(EO31&"-"&EP31, Sheet2!$E:$F, 2, FALSE), "") | EV31: =IFERROR(VLOOKUP(ET31&"-"&EU31, Sheet2!$E:$F, 2, FALSE), "") | FC31: No | FD31: - | FI31: =IFERROR(VLOOKUP(FG31&"-"&FH31, Sheet2!$E:$F, 2, FALSE), "") | FL31: No | FT31: =IFERROR(VLOOKUP(FR31&"-"&FS31, Sheet2!$E:$F, 2, FALSE), "") | FZ31: =IFERROR(VLOOKUP(FX31&"-"&FY31, Sheet2!$E:$F, 2, FALSE), "") | GD31: No | GE31: - | GJ31: =IFERROR(VLOOKUP(GH31&"-"&GI31, Sheet2!$E:$F, 2, FALSE), "") | GP31: =IFERROR(VLOOKUP(GN31&"-"&GO31, Sheet2!$E:$F, 2, FALSE), "") | GW31: No | GX31: - | HC31: =IFERROR(VLOOKUP(HA31&"-"&HB31, Sheet2!$E:$F, 2, FALSE), "") | HF31: No | HN31: =IFERROR(VLOOKUP(HL31&"-"&HM31, Sheet2!$E:$F, 2, FALSE), "") | HT31: =IFERROR(VLOOKUP(HR31&"-"&HS31, Sheet2!$E:$F, 2, FALSE), "") | HX31: No | HY31: - | IE31: =IFERROR(VLOOKUP(IC31&"-"&ID31, Sheet2!$E:$F, 2, FALSE), "") | IK31: =IFERROR(VLOOKUP(II31&"-"&IJ31, Sheet2!$E:$F, 2, FALSE), "") | IR31: No | IS31: - | IY31: =IFERROR(VLOOKUP(IW31&"-"&IX31, Sheet2!$E:$F, 2, FALSE), "") | JG31: =IFERROR(VLOOKUP(JE31&"-"&JF31, Sheet2!$E:$F, 2, FALSE), "") | JM31: =IFERROR(VLOOKUP(JK31&"-"&JL31, Sheet2!$E:$F, 2, FALSE), "") | JQ31: No | JR31: - | JX31: =IFERROR(VLOOKUP(JV31&"-"&JW31, Sheet2!$E:$F, 2, FALSE), "") | KD31: =IFERROR(VLOOKUP(KB31&"-"&KC31, Sheet2!$E:$F, 2, FALSE), "") | KK31: No | KL31: - | KR31: =IFERROR(VLOOKUP(KP31&"-"&KQ31, Sheet2!$E:$F, 2, FALSE), "") | KZ31: =IFERROR(VLOOKUP(KX31&"-"&KY31, Sheet2!$E:$F, 2, FALSE), "") | LH31: =IFERROR(VLOOKUP(LF31&"-"&LG31, Sheet2!$E:$F, 2, FALSE), "") | LL31: No | LM31: - | LS31: =IFERROR(VLOOKUP(LQ31&"-"&LR31, Sheet2!$E:$F, 2, FALSE), "") | LY31: =IFERROR(VLOOKUP(LW31&"-"&LX31, Sheet2!$E:$F, 2, FALSE), "") | MD31: No | ME31: - | MK31: =IFERROR(VLOOKUP(MI31&"-"&MJ31, Sheet2!$E:$F, 2, FALSE), "") | MN31: No | MV31: =IFERROR(VLOOKUP(MT31&"-"&MU31, Sheet2!$E:$F, 2, FALSE), "") | NB31: =IFERROR(VLOOKUP(MZ31&"-"&NA31, Sheet2!$E:$F, 2, FALSE), "") | NF31: No | NG31: - | NM31: =IFERROR(VLOOKUP(NK31&"-"&NL31, Sheet2!$E:$F, 2, FALSE), "") | NS31: =IFERROR(VLOOKUP(NQ31&"-"&NR31, Sheet2!$E:$F, 2, FALSE), "") | NX31: No | NY31: - | OE31: =IFERROR(VLOOKUP(OC31&"-"&OD31, Sheet2!$E:$F, 2, FALSE), "") | OH31: No | OP31: =IFERROR(VLOOKUP(ON31&"-"&OO31, Sheet2!$E:$F, 2, FALSE), "") | OV31: =IFERROR(VLOOKUP(OT31&"-"&OU31, Sheet2!$E:$F, 2, FALSE), "") | OZ31: No | PA31: - | PG31: =IFERROR(VLOOKUP(PE31&"-"&PF31, Sheet2!$E:$F, 2, FALSE), "") | PM31: =IFERROR(VLOOKUP(PK31&"-"&PL31, Sheet2!$E:$F, 2, FALSE), "") | PR31: No | PS31: - | PY31: =IFERROR(VLOOKUP(PW31&"-"&PX31, Sheet2!$E:$F, 2, FALSE), "") | QB31: No | QJ31: =IFERROR(VLOOKUP(QH31&"-"&QI31, Sheet2!$E:$F, 2, FALSE), "") | QP31: =IFERROR(VLOOKUP(QN31&"-"&QO31, Sheet2!$E:$F, 2, FALSE), "") | QT31: No | QU31: - | RA31: =IFERROR(VLOOKUP(QY31&"-"&QZ31, Sheet2!$E:$F, 2, FALSE), "") | RG31: =IFERROR(VLOOKUP(RE31&"-"&RF31, Sheet2!$E:$F, 2, FALSE), "")
A32: Ashton | B32: Judge | C32: No | D32: - | E32: NC | F32: 100033 | H32: Regular Member | M32: =IFERROR(VLOOKUP(K32&"-"&L32, Sheet2!$E:$F, 2, FALSE), "") | N32: IL | O32: Norfolk | P32: 42.1603, -71.2118 | T32: No | AA32: =IFERROR(VLOOKUP(Y32&"-"&Z32, Sheet2!$E:$F, 2, FALSE), "") | AB32: MA | AL32: =IFERROR(VLOOKUP(AJ32&"-"&AK32, Sheet2!$E:$F, 2, FALSE), "") | AP32: No | AQ32: - | AV32: =IFERROR(VLOOKUP(AT32&"-"&AU32, Sheet2!$E:$F, 2, FALSE), "") | BD32: =IFERROR(VLOOKUP(BB32&"-"&BC32, Sheet2!$E:$F, 2, FALSE), "") | BJ32: No | BK32: - | BP32: =IFERROR(VLOOKUP(BN32&"-"&BO32, Sheet2!$E:$F, 2, FALSE), "") | BT32: No | CB32: =IFERROR(VLOOKUP(BZ32&"-"&CA32, Sheet2!$E:$F, 2, FALSE), "") | CH32: =IFERROR(VLOOKUP(CF32&"-"&CG32, Sheet2!$E:$F, 2, FALSE), "") | CL32: No | CM32: - | CR32: =IFERROR(VLOOKUP(CP32&"-"&CQ32, Sheet2!$E:$F, 2, FALSE), "") | CX32: =IFERROR(VLOOKUP(CV32&"-"&CW32, Sheet2!$E:$F, 2, FALSE), "") | DD32: No | DE32: - | DJ32: =IFERROR(VLOOKUP(DH32&"-"&DI32, Sheet2!$E:$F, 2, FALSE), "") | DM32: No | DU32: =IFERROR(VLOOKUP(DS32&"-"&DT32, Sheet2!$E:$F, 2, FALSE), "") | EA32: =IFERROR(VLOOKUP(DY32&"-"&DZ32, Sheet2!$E:$F, 2, FALSE), "") | ED32: No | EJ32: No | EK32: - | EQ32: =IFERROR(VLOOKUP(EO32&"-"&EP32, Sheet2!$E:$F, 2, FALSE), "") | EV32: =IFERROR(VLOOKUP(ET32&"-"&EU32, Sheet2!$E:$F, 2, FALSE), "") | FC32: No | FD32: - | FI32: =IFERROR(VLOOKUP(FG32&"-"&FH32, Sheet2!$E:$F, 2, FALSE), "") | FL32: No | FT32: =IFERROR(VLOOKUP(FR32&"-"&FS32, Sheet2!$E:$F, 2, FALSE), "") | FZ32: =IFERROR(VLOOKUP(FX32&"-"&FY32, Sheet2!$E:$F, 2, FALSE), "") | GD32: No | GE32: - | GJ32: =IFERROR(VLOOKUP(GH32&"-"&GI32, Sheet2!$E:$F, 2, FALSE), "") | GP32: =IFERROR(VLOOKUP(GN32&"-"&GO32, Sheet2!$E:$F, 2, FALSE), "") | GW32: No | GX32: - | HC32: =IFERROR(VLOOKUP(HA32&"-"&HB32, Sheet2!$E:$F, 2, FALSE), "") | HF32: No | HN32: =IFERROR(VLOOKUP(HL32&"-"&HM32, Sheet2!$E:$F, 2, FALSE), "") | HT32: =IFERROR(VLOOKUP(HR32&"-"&HS32, Sheet2!$E:$F, 2, FALSE), "") | HX32: No | HY32: - | IE32: =IFERROR(VLOOKUP(IC32&"-"&ID32, Sheet2!$E:$F, 2, FALSE), "") | IK32: =IFERROR(VLOOKUP(II32&"-"&IJ32, Sheet2!$E:$F, 2, FALSE), "") | IR32: No | IS32: - | IY32: =IFERROR(VLOOKUP(IW32&"-"&IX32, Sheet2!$E:$F, 2, FALSE), "") | JG32: =IFERROR(VLOOKUP(JE32&"-"&JF32, Sheet2!$E:$F, 2, FALSE), "") | JM32: =IFERROR(VLOOKUP(JK32&"-"&JL32, Sheet2!$E:$F, 2, FALSE), "") | JQ32: No | JR32: - | JX32: =IFERROR(VLOOKUP(JV32&"-"&JW32, Sheet2!$E:$F, 2, FALSE), "") | KD32: =IFERROR(VLOOKUP(KB32&"-"&KC32, Sheet2!$E:$F, 2, FALSE), "") | KK32: No | KL32: - | KR32: =IFERROR(VLOOKUP(KP32&"-"&KQ32, Sheet2!$E:$F, 2, FALSE), "") | KZ32: =IFERROR(VLOOKUP(KX32&"-"&KY32, Sheet2!$E:$F, 2, FALSE), "") | LH32: =IFERROR(VLOOKUP(LF32&"-"&LG32, Sheet2!$E:$F, 2, FALSE), "") | LL32: No | LM32: - | LS32: =IFERROR(VLOOKUP(LQ32&"-"&LR32, Sheet2!$E:$F, 2, FALSE), "") | LY32: =IFERROR(VLOOKUP(LW32&"-"&LX32, Sheet2!$E:$F, 2, FALSE), "") | MD32: No | ME32: - | MK32: =IFERROR(VLOOKUP(MI32&"-"&MJ32, Sheet2!$E:$F, 2, FALSE), "") | MN32: No | MV32: =IFERROR(VLOOKUP(MT32&"-"&MU32, Sheet2!$E:$F, 2, FALSE), "") | NB32: =IFERROR(VLOOKUP(MZ32&"-"&NA32, Sheet2!$E:$F, 2, FALSE), "") | NF32: No | NG32: - | NM32: =IFERROR(VLOOKUP(NK32&"-"&NL32, Sheet2!$E:$F, 2, FALSE), "") | NS32: =IFERROR(VLOOKUP(NQ32&"-"&NR32, Sheet2!$E:$F, 2, FALSE), "") | NX32: No | NY32: - | OE32: =IFERROR(VLOOKUP(OC32&"-"&OD32, Sheet2!$E:$F, 2, FALSE), "") | OH32: No | OP32: =IFERROR(VLOOKUP(ON32&"-"&OO32, Sheet2!$E:$F, 2, FALSE), "") | OV32: =IFERROR(VLOOKUP(OT32&"-"&OU32, Sheet2!$E:$F, 2, FALSE), "") | OZ32: No | PA32: - | PG32: =IFERROR(VLOOKUP(PE32&"-"&PF32, Sheet2!$E:$F, 2, FALSE), "") | PM32: =IFERROR(VLOOKUP(PK32&"-"&PL32, Sheet2!$E:$F, 2, FALSE), "") | PR32: No | PS32: - | PY32: =IFERROR(VLOOKUP(PW32&"-"&PX32, Sheet2!$E:$F, 2, FALSE), "") | QB32: No | QJ32: =IFERROR(VLOOKUP(QH32&"-"&QI32, Sheet2!$E:$F, 2, FALSE), "") | QP32: =IFERROR(VLOOKUP(QN32&"-"&QO32, Sheet2!$E:$F, 2, FALSE), "") | QT32: No | QU32: - | RA32: =IFERROR(VLOOKUP(QY32&"-"&QZ32, Sheet2!$E:$F, 2, FALSE), "") | RG32: =IFERROR(VLOOKUP(RE32&"-"&RF32, Sheet2!$E:$F, 2, FALSE), "")
A33: Bryant | B33: Judge | C33: No | D33: - | E33: NC | F33: 100034 | H33: Regular Member | M33: =IFERROR(VLOOKUP(K33&"-"&L33, Sheet2!$E:$F, 2, FALSE), "") | N33: IL | O33: Norfolk | P33: 42.1603, -71.2118 | T33: No | AA33: =IFERROR(VLOOKUP(Y33&"-"&Z33, Sheet2!$E:$F, 2, FALSE), "") | AB33: MA | AL33: =IFERROR(VLOOKUP(AJ33&"-"&AK33, Sheet2!$E:$F, 2, FALSE), "") | AP33: No | AQ33: - | AV33: =IFERROR(VLOOKUP(AT33&"-"&AU33, Sheet2!$E:$F, 2, FALSE), "") | BD33: =IFERROR(VLOOKUP(BB33&"-"&BC33, Sheet2!$E:$F, 2, FALSE), "") | BJ33: No | BK33: - | BP33: =IFERROR(VLOOKUP(BN33&"-"&BO33, Sheet2!$E:$F, 2, FALSE), "") | BT33: No | CB33: =IFERROR(VLOOKUP(BZ33&"-"&CA33, Sheet2!$E:$F, 2, FALSE), "") | CH33: =IFERROR(VLOOKUP(CF33&"-"&CG33, Sheet2!$E:$F, 2, FALSE), "") | CL33: No | CM33: - | CR33: =IFERROR(VLOOKUP(CP33&"-"&CQ33, Sheet2!$E:$F, 2, FALSE), "") | CX33: =IFERROR(VLOOKUP(CV33&"-"&CW33, Sheet2!$E:$F, 2, FALSE), "") | DD33: No | DE33: - | DJ33: =IFERROR(VLOOKUP(DH33&"-"&DI33, Sheet2!$E:$F, 2, FALSE), "") | DM33: No | DU33: =IFERROR(VLOOKUP(DS33&"-"&DT33, Sheet2!$E:$F, 2, FALSE), "") | EA33: =IFERROR(VLOOKUP(DY33&"-"&DZ33, Sheet2!$E:$F, 2, FALSE), "") | ED33: No | EJ33: No | EK33: - | EQ33: =IFERROR(VLOOKUP(EO33&"-"&EP33, Sheet2!$E:$F, 2, FALSE), "") | EV33: =IFERROR(VLOOKUP(ET33&"-"&EU33, Sheet2!$E:$F, 2, FALSE), "") | FC33: No | FD33: - | FI33: =IFERROR(VLOOKUP(FG33&"-"&FH33, Sheet2!$E:$F, 2, FALSE), "") | FL33: No | FT33: =IFERROR(VLOOKUP(FR33&"-"&FS33, Sheet2!$E:$F, 2, FALSE), "") | FZ33: =IFERROR(VLOOKUP(FX33&"-"&FY33, Sheet2!$E:$F, 2, FALSE), "") | GD33: No | GE33: - | GJ33: =IFERROR(VLOOKUP(GH33&"-"&GI33, Sheet2!$E:$F, 2, FALSE), "") | GP33: =IFERROR(VLOOKUP(GN33&"-"&GO33, Sheet2!$E:$F, 2, FALSE), "") | GW33: No | GX33: - | HC33: =IFERROR(VLOOKUP(HA33&"-"&HB33, Sheet2!$E:$F, 2, FALSE), "") | HF33: No | HN33: =IFERROR(VLOOKUP(HL33&"-"&HM33, Sheet2!$E:$F, 2, FALSE), "") | HT33: =IFERROR(VLOOKUP(HR33&"-"&HS33, Sheet2!$E:$F, 2, FALSE), "") | HX33: No | HY33: - | IE33: =IFERROR(VLOOKUP(IC33&"-"&ID33, Sheet2!$E:$F, 2, FALSE), "") | IK33: =IFERROR(VLOOKUP(II33&"-"&IJ33, Sheet2!$E:$F, 2, FALSE), "") | IR33: No | IS33: - | IY33: =IFERROR(VLOOKUP(IW33&"-"&IX33, Sheet2!$E:$F, 2, FALSE), "") | JG33: =IFERROR(VLOOKUP(JE33&"-"&JF33, Sheet2!$E:$F, 2, FALSE), "") | JM33: =IFERROR(VLOOKUP(JK33&"-"&JL33, Sheet2!$E:$F, 2, FALSE), "") | JQ33: No | JR33: - | JX33: =IFERROR(VLOOKUP(JV33&"-"&JW33, Sheet2!$E:$F, 2, FALSE), "") | KD33: =IFERROR(VLOOKUP(KB33&"-"&KC33, Sheet2!$E:$F, 2, FALSE), "") | KK33: No | KL33: - | KR33: =IFERROR(VLOOKUP(KP33&"-"&KQ33, Sheet2!$E:$F, 2, FALSE), "") | KZ33: =IFERROR(VLOOKUP(KX33&"-"&KY33, Sheet2!$E:$F, 2, FALSE), "") | LH33: =IFERROR(VLOOKUP(LF33&"-"&LG33, Sheet2!$E:$F, 2, FALSE), "") | LL33: No | LM33: - | LS33: =IFERROR(VLOOKUP(LQ33&"-"&LR33, Sheet2!$E:$F, 2, FALSE), "") | LY33: =IFERROR(VLOOKUP(LW33&"-"&LX33, Sheet2!$E:$F, 2, FALSE), "") | MD33: No | ME33: - | MK33: =IFERROR(VLOOKUP(MI33&"-"&MJ33, Sheet2!$E:$F, 2, FALSE), "") | MN33: No | MV33: =IFERROR(VLOOKUP(MT33&"-"&MU33, Sheet2!$E:$F, 2, FALSE), "") | NB33: =IFERROR(VLOOKUP(MZ33&"-"&NA33, Sheet2!$E:$F, 2, FALSE), "") | NF33: No | NG33: - | NM33: =IFERROR(VLOOKUP(NK33&"-"&NL33, Sheet2!$E:$F, 2, FALSE), "") | NS33: =IFERROR(VLOOKUP(NQ33&"-"&NR33, Sheet2!$E:$F, 2, FALSE), "") | NX33: No | NY33: - | OE33: =IFERROR(VLOOKUP(OC33&"-"&OD33, Sheet2!$E:$F, 2, FALSE), "") | OH33: No | OP33: =IFERROR(VLOOKUP(ON33&"-"&OO33, Sheet2!$E:$F, 2, FALSE), "") | OV33: =IFERROR(VLOOKUP(OT33&"-"&OU33, Sheet2!$E:$F, 2, FALSE), "") | OZ33: No | PA33: - | PG33: =IFERROR(VLOOKUP(PE33&"-"&PF33, Sheet2!$E:$F, 2, FALSE), "") | PM33: =IFERROR(VLOOKUP(PK33&"-"&PL33, Sheet2!$E:$F, 2, FALSE), "") | PR33: No | PS33: - | PY33: =IFERROR(VLOOKUP(PW33&"-"&PX33, Sheet2!$E:$F, 2, FALSE), "") | QB33: No | QJ33: =IFERROR(VLOOKUP(QH33&"-"&QI33, Sheet2!$E:$F, 2, FALSE), "") | QP33: =IFERROR(VLOOKUP(QN33&"-"&QO33, Sheet2!$E:$F, 2, FALSE), "") | QT33: No | QU33: - | RA33: =IFERROR(VLOOKUP(QY33&"-"&QZ33, Sheet2!$E:$F, 2, FALSE), "") | RG33: =IFERROR(VLOOKUP(RE33&"-"&RF33, Sheet2!$E:$F, 2, FALSE), "")
A34: Sonya | B34: Bostic | C34: No | D34: - | E34: NJ | F34: 100035 | G34: sabostic44@gmail.com | H34: Regular Member | M34: =IFERROR(VLOOKUP(K34&"-"&L34, Sheet2!$E:$F, 2, FALSE), "") | N34: IL | O34: Norfolk | P34: 42.1603, -71.2118 | T34: No | AA34: =IFERROR(VLOOKUP(Y34&"-"&Z34, Sheet2!$E:$F, 2, FALSE), "") | AB34: MA | AL34: =IFERROR(VLOOKUP(AJ34&"-"&AK34, Sheet2!$E:$F, 2, FALSE), "") | AP34: No | AQ34: - | AV34: =IFERROR(VLOOKUP(AT34&"-"&AU34, Sheet2!$E:$F, 2, FALSE), "") | BD34: =IFERROR(VLOOKUP(BB34&"-"&BC34, Sheet2!$E:$F, 2, FALSE), "") | BJ34: No | BK34: - | BP34: =IFERROR(VLOOKUP(BN34&"-"&BO34, Sheet2!$E:$F, 2, FALSE), "") | BT34: No | CB34: =IFERROR(VLOOKUP(BZ34&"-"&CA34, Sheet2!$E:$F, 2, FALSE), "") | CH34: =IFERROR(VLOOKUP(CF34&"-"&CG34, Sheet2!$E:$F, 2, FALSE), "") | CL34: No | CM34: - | CR34: =IFERROR(VLOOKUP(CP34&"-"&CQ34, Sheet2!$E:$F, 2, FALSE), "") | CX34: =IFERROR(VLOOKUP(CV34&"-"&CW34, Sheet2!$E:$F, 2, FALSE), "") | DD34: No | DE34: - | DJ34: =IFERROR(VLOOKUP(DH34&"-"&DI34, Sheet2!$E:$F, 2, FALSE), "") | DM34: No | DU34: =IFERROR(VLOOKUP(DS34&"-"&DT34, Sheet2!$E:$F, 2, FALSE), "") | EA34: =IFERROR(VLOOKUP(DY34&"-"&DZ34, Sheet2!$E:$F, 2, FALSE), "") | ED34: No | EJ34: No | EK34: - | EQ34: =IFERROR(VLOOKUP(EO34&"-"&EP34, Sheet2!$E:$F, 2, FALSE), "") | EV34: =IFERROR(VLOOKUP(ET34&"-"&EU34, Sheet2!$E:$F, 2, FALSE), "") | FC34: No | FD34: - | FI34: =IFERROR(VLOOKUP(FG34&"-"&FH34, Sheet2!$E:$F, 2, FALSE), "") | FL34: No | FT34: =IFERROR(VLOOKUP(FR34&"-"&FS34, Sheet2!$E:$F, 2, FALSE), "") | FZ34: =IFERROR(VLOOKUP(FX34&"-"&FY34, Sheet2!$E:$F, 2, FALSE), "") | GD34: No | GE34: - | GJ34: =IFERROR(VLOOKUP(GH34&"-"&GI34, Sheet2!$E:$F, 2, FALSE), "") | GP34: =IFERROR(VLOOKUP(GN34&"-"&GO34, Sheet2!$E:$F, 2, FALSE), "") | GW34: No | GX34: - | HC34: =IFERROR(VLOOKUP(HA34&"-"&HB34, Sheet2!$E:$F, 2, FALSE), "") | HF34: No | HN34: =IFERROR(VLOOKUP(HL34&"-"&HM34, Sheet2!$E:$F, 2, FALSE), "") | HT34: =IFERROR(VLOOKUP(HR34&"-"&HS34, Sheet2!$E:$F, 2, FALSE), "") | HX34: No | HY34: - | IE34: =IFERROR(VLOOKUP(IC34&"-"&ID34, Sheet2!$E:$F, 2, FALSE), "") | IK34: =IFERROR(VLOOKUP(II34&"-"&IJ34, Sheet2!$E:$F, 2, FALSE), "") | IR34: No | IS34: - | IY34: =IFERROR(VLOOKUP(IW34&"-"&IX34, Sheet2!$E:$F, 2, FALSE), "") | JG34: =IFERROR(VLOOKUP(JE34&"-"&JF34, Sheet2!$E:$F, 2, FALSE), "") | JM34: =IFERROR(VLOOKUP(JK34&"-"&JL34, Sheet2!$E:$F, 2, FALSE), "") | JQ34: No | JR34: - | JX34: =IFERROR(VLOOKUP(JV34&"-"&JW34, Sheet2!$E:$F, 2, FALSE), "") | KD34: =IFERROR(VLOOKUP(KB34&"-"&KC34, Sheet2!$E:$F, 2, FALSE), "") | KK34: No | KL34: - | KR34: =IFERROR(VLOOKUP(KP34&"-"&KQ34, Sheet2!$E:$F, 2, FALSE), "") | KZ34: =IFERROR(VLOOKUP(KX34&"-"&KY34, Sheet2!$E:$F, 2, FALSE), "") | LH34: =IFERROR(VLOOKUP(LF34&"-"&LG34, Sheet2!$E:$F, 2, FALSE), "") | LL34: No | LM34: - | LS34: =IFERROR(VLOOKUP(LQ34&"-"&LR34, Sheet2!$E:$F, 2, FALSE), "") | LY34: =IFERROR(VLOOKUP(LW34&"-"&LX34, Sheet2!$E:$F, 2, FALSE), "") | MD34: No | ME34: - | MK34: =IFERROR(VLOOKUP(MI34&"-"&MJ34, Sheet2!$E:$F, 2, FALSE), "") | MN34: No | MV34: =IFERROR(VLOOKUP(MT34&"-"&MU34, Sheet2!$E:$F, 2, FALSE), "") | NB34: =IFERROR(VLOOKUP(MZ34&"-"&NA34, Sheet2!$E:$F, 2, FALSE), "") | NF34: No | NG34: - | NM34: =IFERROR(VLOOKUP(NK34&"-"&NL34, Sheet2!$E:$F, 2, FALSE), "") | NS34: =IFERROR(VLOOKUP(NQ34&"-"&NR34, Sheet2!$E:$F, 2, FALSE), "") | NX34: No | NY34: - | OE34: =IFERROR(VLOOKUP(OC34&"-"&OD34, Sheet2!$E:$F, 2, FALSE), "") | OH34: No | OP34: =IFERROR(VLOOKUP(ON34&"-"&OO34, Sheet2!$E:$F, 2, FALSE), "") | OV34: =IFERROR(VLOOKUP(OT34&"-"&OU34, Sheet2!$E:$F, 2, FALSE), "") | OZ34: No | PA34: - | PG34: =IFERROR(VLOOKUP(PE34&"-"&PF34, Sheet2!$E:$F, 2, FALSE), "") | PM34: =IFERROR(VLOOKUP(PK34&"-"&PL34, Sheet2!$E:$F, 2, FALSE), "") | PR34: No | PS34: - | PY34: =IFERROR(VLOOKUP(PW34&"-"&PX34, Sheet2!$E:$F, 2, FALSE), "") | QB34: No | QJ34: =IFERROR(VLOOKUP(QH34&"-"&QI34, Sheet2!$E:$F, 2, FALSE), "") | QP34: =IFERROR(VLOOKUP(QN34&"-"&QO34, Sheet2!$E:$F, 2, FALSE), "") | QT34: No | QU34: - | RA34: =IFERROR(VLOOKUP(QY34&"-"&QZ34, Sheet2!$E:$F, 2, FALSE), "") | RG34: =IFERROR(VLOOKUP(RE34&"-"&RF34, Sheet2!$E:$F, 2, FALSE), "")
A35: Carla | B35: Clarke | C35: No | D35: - | E35: NJ | F35: 100036 | G35: carla1111@verizon.net | H35: Regular Member | M35: =IFERROR(VLOOKUP(K35&"-"&L35, Sheet2!$E:$F, 2, FALSE), "") | N35: IL | O35: Norfolk | P35: 42.1603, -71.2118 | T35: No | AA35: =IFERROR(VLOOKUP(Y35&"-"&Z35, Sheet2!$E:$F, 2, FALSE), "") | AB35: MA | AL35: =IFERROR(VLOOKUP(AJ35&"-"&AK35, Sheet2!$E:$F, 2, FALSE), "") | AP35: No | AQ35: - | AV35: =IFERROR(VLOOKUP(AT35&"-"&AU35, Sheet2!$E:$F, 2, FALSE), "") | BD35: =IFERROR(VLOOKUP(BB35&"-"&BC35, Sheet2!$E:$F, 2, FALSE), "") | BJ35: No | BK35: - | BP35: =IFERROR(VLOOKUP(BN35&"-"&BO35, Sheet2!$E:$F, 2, FALSE), "") | BT35: No | CB35: =IFERROR(VLOOKUP(BZ35&"-"&CA35, Sheet2!$E:$F, 2, FALSE), "") | CH35: =IFERROR(VLOOKUP(CF35&"-"&CG35, Sheet2!$E:$F, 2, FALSE), "") | CL35: No | CM35: - | CR35: =IFERROR(VLOOKUP(CP35&"-"&CQ35, Sheet2!$E:$F, 2, FALSE), "") | CX35: =IFERROR(VLOOKUP(CV35&"-"&CW35, Sheet2!$E:$F, 2, FALSE), "") | DD35: No | DE35: - | DJ35: =IFERROR(VLOOKUP(DH35&"-"&DI35, Sheet2!$E:$F, 2, FALSE), "") | DM35: No | DU35: =IFERROR(VLOOKUP(DS35&"-"&DT35, Sheet2!$E:$F, 2, FALSE), "") | EA35: =IFERROR(VLOOKUP(DY35&"-"&DZ35, Sheet2!$E:$F, 2, FALSE), "") | ED35: No | EJ35: No | EK35: - | EQ35: =IFERROR(VLOOKUP(EO35&"-"&EP35, Sheet2!$E:$F, 2, FALSE), "") | EV35: =IFERROR(VLOOKUP(ET35&"-"&EU35, Sheet2!$E:$F, 2, FALSE), "") | FC35: No | FD35: - | FI35: =IFERROR(VLOOKUP(FG35&"-"&FH35, Sheet2!$E:$F, 2, FALSE), "") | FL35: No | FT35: =IFERROR(VLOOKUP(FR35&"-"&FS35, Sheet2!$E:$F, 2, FALSE), "") | FZ35: =IFERROR(VLOOKUP(FX35&"-"&FY35, Sheet2!$E:$F, 2, FALSE), "") | GD35: No | GE35: - | GJ35: =IFERROR(VLOOKUP(GH35&"-"&GI35, Sheet2!$E:$F, 2, FALSE), "") | GP35: =IFERROR(VLOOKUP(GN35&"-"&GO35, Sheet2!$E:$F, 2, FALSE), "") | GW35: No | GX35: - | HC35: =IFERROR(VLOOKUP(HA35&"-"&HB35, Sheet2!$E:$F, 2, FALSE), "") | HF35: No | HN35: =IFERROR(VLOOKUP(HL35&"-"&HM35, Sheet2!$E:$F, 2, FALSE), "") | HT35: =IFERROR(VLOOKUP(HR35&"-"&HS35, Sheet2!$E:$F, 2, FALSE), "") | HX35: No | HY35: - | IE35: =IFERROR(VLOOKUP(IC35&"-"&ID35, Sheet2!$E:$F, 2, FALSE), "") | IK35: =IFERROR(VLOOKUP(II35&"-"&IJ35, Sheet2!$E:$F, 2, FALSE), "") | IR35: No | IS35: - | IY35: =IFERROR(VLOOKUP(IW35&"-"&IX35, Sheet2!$E:$F, 2, FALSE), "") | JG35: =IFERROR(VLOOKUP(JE35&"-"&JF35, Sheet2!$E:$F, 2, FALSE), "") | JM35: =IFERROR(VLOOKUP(JK35&"-"&JL35, Sheet2!$E:$F, 2, FALSE), "") | JQ35: No | JR35: - | JX35: =IFERROR(VLOOKUP(JV35&"-"&JW35, Sheet2!$E:$F, 2, FALSE), "") | KD35: =IFERROR(VLOOKUP(KB35&"-"&KC35, Sheet2!$E:$F, 2, FALSE), "") | KK35: No | KL35: - | KR35: =IFERROR(VLOOKUP(KP35&"-"&KQ35, Sheet2!$E:$F, 2, FALSE), "") | KZ35: =IFERROR(VLOOKUP(KX35&"-"&KY35, Sheet2!$E:$F, 2, FALSE), "") | LH35: =IFERROR(VLOOKUP(LF35&"-"&LG35, Sheet2!$E:$F, 2, FALSE), "") | LL35: No | LM35: - | LS35: =IFERROR(VLOOKUP(LQ35&"-"&LR35, Sheet2!$E:$F, 2, FALSE), "") | LY35: =IFERROR(VLOOKUP(LW35&"-"&LX35, Sheet2!$E:$F, 2, FALSE), "") | MD35: No | ME35: - | MK35: =IFERROR(VLOOKUP(MI35&"-"&MJ35, Sheet2!$E:$F, 2, FALSE), "") | MN35: No | MV35: =IFERROR(VLOOKUP(MT35&"-"&MU35, Sheet2!$E:$F, 2, FALSE), "") | NB35: =IFERROR(VLOOKUP(MZ35&"-"&NA35, Sheet2!$E:$F, 2, FALSE), "") | NF35: No | NG35: - | NM35: =IFERROR(VLOOKUP(NK35&"-"&NL35, Sheet2!$E:$F, 2, FALSE), "") | NS35: =IFERROR(VLOOKUP(NQ35&"-"&NR35, Sheet2!$E:$F, 2, FALSE), "") | NX35: No | NY35: - | OE35: =IFERROR(VLOOKUP(OC35&"-"&OD35, Sheet2!$E:$F, 2, FALSE), "") | OH35: No | OP35: =IFERROR(VLOOKUP(ON35&"-"&OO35, Sheet2!$E:$F, 2, FALSE), "") | OV35: =IFERROR(VLOOKUP(OT35&"-"&OU35, Sheet2!$E:$F, 2, FALSE), "") | OZ35: No | PA35: - | PG35: =IFERROR(VLOOKUP(PE35&"-"&PF35, Sheet2!$E:$F, 2, FALSE), "") | PM35: =IFERROR(VLOOKUP(PK35&"-"&PL35, Sheet2!$E:$F, 2, FALSE), "") | PR35: No | PS35: - | PY35: =IFERROR(VLOOKUP(PW35&"-"&PX35, Sheet2!$E:$F, 2, FALSE), "") | QB35: No | QJ35: =IFERROR(VLOOKUP(QH35&"-"&QI35, Sheet2!$E:$F, 2, FALSE), "") | QP35: =IFERROR(VLOOKUP(QN35&"-"&QO35, Sheet2!$E:$F, 2, FALSE), "") | QT35: No | QU35: - | RA35: =IFERROR(VLOOKUP(QY35&"-"&QZ35, Sheet2!$E:$F, 2, FALSE), "") | RG35: =IFERROR(VLOOKUP(RE35&"-"&RF35, Sheet2!$E:$F, 2, FALSE), "")
A36: Harry | B36: Richardson | C36: No | D36: - | E36: FL | F36: 100037 | G36: BBRTLLC@GMAIL.COM | H36: Founding Member | M36: =IFERROR(VLOOKUP(K36&"-"&L36, Sheet2!$E:$F, 2, FALSE), "") | N36: IL | O36: Norfolk | P36: 42.1603, -71.2118 | T36: No | AA36: =IFERROR(VLOOKUP(Y36&"-"&Z36, Sheet2!$E:$F, 2, FALSE), "") | AB36: MA | AL36: =IFERROR(VLOOKUP(AJ36&"-"&AK36, Sheet2!$E:$F, 2, FALSE), "") | AP36: No | AQ36: - | AV36: =IFERROR(VLOOKUP(AT36&"-"&AU36, Sheet2!$E:$F, 2, FALSE), "") | BD36: =IFERROR(VLOOKUP(BB36&"-"&BC36, Sheet2!$E:$F, 2, FALSE), "") | BJ36: No | BK36: - | BP36: =IFERROR(VLOOKUP(BN36&"-"&BO36, Sheet2!$E:$F, 2, FALSE), "") | BT36: No | CB36: =IFERROR(VLOOKUP(BZ36&"-"&CA36, Sheet2!$E:$F, 2, FALSE), "") | CH36: =IFERROR(VLOOKUP(CF36&"-"&CG36, Sheet2!$E:$F, 2, FALSE), "") | CL36: No | CM36: - | CR36: =IFERROR(VLOOKUP(CP36&"-"&CQ36, Sheet2!$E:$F, 2, FALSE), "") | CX36: =IFERROR(VLOOKUP(CV36&"-"&CW36, Sheet2!$E:$F, 2, FALSE), "") | DD36: No | DE36: - | DJ36: =IFERROR(VLOOKUP(DH36&"-"&DI36, Sheet2!$E:$F, 2, FALSE), "") | DM36: No | DU36: =IFERROR(VLOOKUP(DS36&"-"&DT36, Sheet2!$E:$F, 2, FALSE), "") | EA36: =IFERROR(VLOOKUP(DY36&"-"&DZ36, Sheet2!$E:$F, 2, FALSE), "") | ED36: No | EJ36: No | EK36: - | EQ36: =IFERROR(VLOOKUP(EO36&"-"&EP36, Sheet2!$E:$F, 2, FALSE), "") | EV36: =IFERROR(VLOOKUP(ET36&"-"&EU36, Sheet2!$E:$F, 2, FALSE), "") | FC36: No | FD36: - | FI36: =IFERROR(VLOOKUP(FG36&"-"&FH36, Sheet2!$E:$F, 2, FALSE), "") | FL36: No | FT36: =IFERROR(VLOOKUP(FR36&"-"&FS36, Sheet2!$E:$F, 2, FALSE), "") | FZ36: =IFERROR(VLOOKUP(FX36&"-"&FY36, Sheet2!$E:$F, 2, FALSE), "") | GD36: No | GE36: - | GJ36: =IFERROR(VLOOKUP(GH36&"-"&GI36, Sheet2!$E:$F, 2, FALSE), "") | GP36: =IFERROR(VLOOKUP(GN36&"-"&GO36, Sheet2!$E:$F, 2, FALSE), "") | GW36: No | GX36: - | HC36: =IFERROR(VLOOKUP(HA36&"-"&HB36, Sheet2!$E:$F, 2, FALSE), "") | HF36: No | HN36: =IFERROR(VLOOKUP(HL36&"-"&HM36, Sheet2!$E:$F, 2, FALSE), "") | HT36: =IFERROR(VLOOKUP(HR36&"-"&HS36, Sheet2!$E:$F, 2, FALSE), "") | HX36: No | HY36: - | IE36: =IFERROR(VLOOKUP(IC36&"-"&ID36, Sheet2!$E:$F, 2, FALSE), "") | IK36: =IFERROR(VLOOKUP(II36&"-"&IJ36, Sheet2!$E:$F, 2, FALSE), "") | IR36: No | IS36: - | IY36: =IFERROR(VLOOKUP(IW36&"-"&IX36, Sheet2!$E:$F, 2, FALSE), "") | JG36: =IFERROR(VLOOKUP(JE36&"-"&JF36, Sheet2!$E:$F, 2, FALSE), "") | JM36: =IFERROR(VLOOKUP(JK36&"-"&JL36, Sheet2!$E:$F, 2, FALSE), "") | JQ36: No | JR36: - | JX36: =IFERROR(VLOOKUP(JV36&"-"&JW36, Sheet2!$E:$F, 2, FALSE), "") | KD36: =IFERROR(VLOOKUP(KB36&"-"&KC36, Sheet2!$E:$F, 2, FALSE), "") | KK36: No | KL36: - | KR36: =IFERROR(VLOOKUP(KP36&"-"&KQ36, Sheet2!$E:$F, 2, FALSE), "") | KZ36: =IFERROR(VLOOKUP(KX36&"-"&KY36, Sheet2!$E:$F, 2, FALSE), "") | LH36: =IFERROR(VLOOKUP(LF36&"-"&LG36, Sheet2!$E:$F, 2, FALSE), "") | LL36: No | LM36: - | LS36: =IFERROR(VLOOKUP(LQ36&"-"&LR36, Sheet2!$E:$F, 2, FALSE), "") | LY36: =IFERROR(VLOOKUP(LW36&"-"&LX36, Sheet2!$E:$F, 2, FALSE), "") | MD36: No | ME36: - | MK36: =IFERROR(VLOOKUP(MI36&"-"&MJ36, Sheet2!$E:$F, 2, FALSE), "") | MN36: No | MV36: =IFERROR(VLOOKUP(MT36&"-"&MU36, Sheet2!$E:$F, 2, FALSE), "") | NB36: =IFERROR(VLOOKUP(MZ36&"-"&NA36, Sheet2!$E:$F, 2, FALSE), "") | NF36: No | NG36: - | NM36: =IFERROR(VLOOKUP(NK36&"-"&NL36, Sheet2!$E:$F, 2, FALSE), "") | NS36: =IFERROR(VLOOKUP(NQ36&"-"&NR36, Sheet2!$E:$F, 2, FALSE), "") | NX36: No | NY36: - | OE36: =IFERROR(VLOOKUP(OC36&"-"&OD36, Sheet2!$E:$F, 2, FALSE), "") | OH36: No | OP36: =IFERROR(VLOOKUP(ON36&"-"&OO36, Sheet2!$E:$F, 2, FALSE), "") | OV36: =IFERROR(VLOOKUP(OT36&"-"&OU36, Sheet2!$E:$F, 2, FALSE), "") | OZ36: No | PA36: - | PG36: =IFERROR(VLOOKUP(PE36&"-"&PF36, Sheet2!$E:$F, 2, FALSE), "") | PM36: =IFERROR(VLOOKUP(PK36&"-"&PL36, Sheet2!$E:$F, 2, FALSE), "") | PR36: No | PS36: - | PY36: =IFERROR(VLOOKUP(PW36&"-"&PX36, Sheet2!$E:$F, 2, FALSE), "") | QB36: No | QJ36: =IFERROR(VLOOKUP(QH36&"-"&QI36, Sheet2!$E:$F, 2, FALSE), "") | QP36: =IFERROR(VLOOKUP(QN36&"-"&QO36, Sheet2!$E:$F, 2, FALSE), "") | QT36: No | QU36: - | RA36: =IFERROR(VLOOKUP(QY36&"-"&QZ36, Sheet2!$E:$F, 2, FALSE), "") | RG36: =IFERROR(VLOOKUP(RE36&"-"&RF36, Sheet2!$E:$F, 2, FALSE), "")
A37: Marnie | B37: Silbergeld | C37: No | D37: - | E37: WA | F37: 100038 | G37: maos@aol.com | H37: Regular Member | M37: =IFERROR(VLOOKUP(K37&"-"&L37, Sheet2!$E:$F, 2, FALSE), "") | N37: IL | O37: Norfolk | P37: 42.1603, -71.2118 | T37: No | AA37: =IFERROR(VLOOKUP(Y37&"-"&Z37, Sheet2!$E:$F, 2, FALSE), "") | AB37: MA | AL37: =IFERROR(VLOOKUP(AJ37&"-"&AK37, Sheet2!$E:$F, 2, FALSE), "") | AP37: No | AQ37: - | AV37: =IFERROR(VLOOKUP(AT37&"-"&AU37, Sheet2!$E:$F, 2, FALSE), "") | BD37: =IFERROR(VLOOKUP(BB37&"-"&BC37, Sheet2!$E:$F, 2, FALSE), "") | BJ37: No | BK37: - | BP37: =IFERROR(VLOOKUP(BN37&"-"&BO37, Sheet2!$E:$F, 2, FALSE), "") | BT37: No | CB37: =IFERROR(VLOOKUP(BZ37&"-"&CA37, Sheet2!$E:$F, 2, FALSE), "") | CH37: =IFERROR(VLOOKUP(CF37&"-"&CG37, Sheet2!$E:$F, 2, FALSE), "") | CL37: No | CM37: - | CR37: =IFERROR(VLOOKUP(CP37&"-"&CQ37, Sheet2!$E:$F, 2, FALSE), "") | CX37: =IFERROR(VLOOKUP(CV37&"-"&CW37, Sheet2!$E:$F, 2, FALSE), "") | DD37: No | DE37: - | DJ37: =IFERROR(VLOOKUP(DH37&"-"&DI37, Sheet2!$E:$F, 2, FALSE), "") | DM37: No | DU37: =IFERROR(VLOOKUP(DS37&"-"&DT37, Sheet2!$E:$F, 2, FALSE), "") | EA37: =IFERROR(VLOOKUP(DY37&"-"&DZ37, Sheet2!$E:$F, 2, FALSE), "") | ED37: No | EJ37: No | EK37: - | EQ37: =IFERROR(VLOOKUP(EO37&"-"&EP37, Sheet2!$E:$F, 2, FALSE), "") | EV37: =IFERROR(VLOOKUP(ET37&"-"&EU37, Sheet2!$E:$F, 2, FALSE), "") | FC37: No | FD37: - | FI37: =IFERROR(VLOOKUP(FG37&"-"&FH37, Sheet2!$E:$F, 2, FALSE), "") | FL37: No | FT37: =IFERROR(VLOOKUP(FR37&"-"&FS37, Sheet2!$E:$F, 2, FALSE), "") | FZ37: =IFERROR(VLOOKUP(FX37&"-"&FY37, Sheet2!$E:$F, 2, FALSE), "") | GD37: No | GE37: - | GJ37: =IFERROR(VLOOKUP(GH37&"-"&GI37, Sheet2!$E:$F, 2, FALSE), "") | GP37: =IFERROR(VLOOKUP(GN37&"-"&GO37, Sheet2!$E:$F, 2, FALSE), "") | GW37: No | GX37: - | HC37: =IFERROR(VLOOKUP(HA37&"-"&HB37, Sheet2!$E:$F, 2, FALSE), "") | HF37: No | HN37: =IFERROR(VLOOKUP(HL37&"-"&HM37, Sheet2!$E:$F, 2, FALSE), "") | HT37: =IFERROR(VLOOKUP(HR37&"-"&HS37, Sheet2!$E:$F, 2, FALSE), "") | HX37: No | HY37: - | IE37: =IFERROR(VLOOKUP(IC37&"-"&ID37, Sheet2!$E:$F, 2, FALSE), "") | IK37: =IFERROR(VLOOKUP(II37&"-"&IJ37, Sheet2!$E:$F, 2, FALSE), "") | IR37: No | IS37: - | IY37: =IFERROR(VLOOKUP(IW37&"-"&IX37, Sheet2!$E:$F, 2, FALSE), "") | JG37: =IFERROR(VLOOKUP(JE37&"-"&JF37, Sheet2!$E:$F, 2, FALSE), "") | JM37: =IFERROR(VLOOKUP(JK37&"-"&JL37, Sheet2!$E:$F, 2, FALSE), "") | JQ37: No | JR37: - | JX37: =IFERROR(VLOOKUP(JV37&"-"&JW37, Sheet2!$E:$F, 2, FALSE), "") | KD37: =IFERROR(VLOOKUP(KB37&"-"&KC37, Sheet2!$E:$F, 2, FALSE), "") | KK37: No | KL37: - | KR37: =IFERROR(VLOOKUP(KP37&"-"&KQ37, Sheet2!$E:$F, 2, FALSE), "") | KZ37: =IFERROR(VLOOKUP(KX37&"-"&KY37, Sheet2!$E:$F, 2, FALSE), "") | LH37: =IFERROR(VLOOKUP(LF37&"-"&LG37, Sheet2!$E:$F, 2, FALSE), "") | LL37: No | LM37: - | LS37: =IFERROR(VLOOKUP(LQ37&"-"&LR37, Sheet2!$E:$F, 2, FALSE), "") | LY37: =IFERROR(VLOOKUP(LW37&"-"&LX37, Sheet2!$E:$F, 2, FALSE), "") | MD37: No | ME37: - | MK37: =IFERROR(VLOOKUP(MI37&"-"&MJ37, Sheet2!$E:$F, 2, FALSE), "") | MN37: No | MV37: =IFERROR(VLOOKUP(MT37&"-"&MU37, Sheet2!$E:$F, 2, FALSE), "") | NB37: =IFERROR(VLOOKUP(MZ37&"-"&NA37, Sheet2!$E:$F, 2, FALSE), "") | NF37: No | NG37: - | NM37: =IFERROR(VLOOKUP(NK37&"-"&NL37, Sheet2!$E:$F, 2, FALSE), "") | NS37: =IFERROR(VLOOKUP(NQ37&"-"&NR37, Sheet2!$E:$F, 2, FALSE), "") | NX37: No | NY37: - | OE37: =IFERROR(VLOOKUP(OC37&"-"&OD37, Sheet2!$E:$F, 2, FALSE), "") | OH37: No | OP37: =IFERROR(VLOOKUP(ON37&"-"&OO37, Sheet2!$E:$F, 2, FALSE), "") | OV37: =IFERROR(VLOOKUP(OT37&"-"&OU37, Sheet2!$E:$F, 2, FALSE), "") | OZ37: No | PA37: - | PG37: =IFERROR(VLOOKUP(PE37&"-"&PF37, Sheet2!$E:$F, 2, FALSE), "") | PM37: =IFERROR(VLOOKUP(PK37&"-"&PL37, Sheet2!$E:$F, 2, FALSE), "") | PR37: No | PS37: - | PY37: =IFERROR(VLOOKUP(PW37&"-"&PX37, Sheet2!$E:$F, 2, FALSE), "") | QB37: No | QJ37: =IFERROR(VLOOKUP(QH37&"-"&QI37, Sheet2!$E:$F, 2, FALSE), "") | QP37: =IFERROR(VLOOKUP(QN37&"-"&QO37, Sheet2!$E:$F, 2, FALSE), "") | QT37: No | QU37: - | RA37: =IFERROR(VLOOKUP(QY37&"-"&QZ37, Sheet2!$E:$F, 2, FALSE), "") | RG37: =IFERROR(VLOOKUP(RE37&"-"&RF37, Sheet2!$E:$F, 2, FALSE), "")
A38: Jiles | B38: Quick | C38: No | D38: - | F38: 100039 | H38: Memorial | M38: =IFERROR(VLOOKUP(K38&"-"&L38, Sheet2!$E:$F, 2, FALSE), "") | N38: IL | O38: Norfolk | P38: 42.1603, -71.2118 | T38: No | AA38: =IFERROR(VLOOKUP(Y38&"-"&Z38, Sheet2!$E:$F, 2, FALSE), "") | AB38: MA | AL38: =IFERROR(VLOOKUP(AJ38&"-"&AK38, Sheet2!$E:$F, 2, FALSE), "") | AP38: No | AQ38: - | AV38: =IFERROR(VLOOKUP(AT38&"-"&AU38, Sheet2!$E:$F, 2, FALSE), "") | BD38: =IFERROR(VLOOKUP(BB38&"-"&BC38, Sheet2!$E:$F, 2, FALSE), "") | BJ38: No | BK38: - | BP38: =IFERROR(VLOOKUP(BN38&"-"&BO38, Sheet2!$E:$F, 2, FALSE), "") | BT38: No | CB38: =IFERROR(VLOOKUP(BZ38&"-"&CA38, Sheet2!$E:$F, 2, FALSE), "") | CH38: =IFERROR(VLOOKUP(CF38&"-"&CG38, Sheet2!$E:$F, 2, FALSE), "") | CL38: No | CM38: - | CR38: =IFERROR(VLOOKUP(CP38&"-"&CQ38, Sheet2!$E:$F, 2, FALSE), "") | CX38: =IFERROR(VLOOKUP(CV38&"-"&CW38, Sheet2!$E:$F, 2, FALSE), "") | DD38: No | DE38: - | DJ38: =IFERROR(VLOOKUP(DH38&"-"&DI38, Sheet2!$E:$F, 2, FALSE), "") | DM38: No | DU38: =IFERROR(VLOOKUP(DS38&"-"&DT38, Sheet2!$E:$F, 2, FALSE), "") | EA38: =IFERROR(VLOOKUP(DY38&"-"&DZ38, Sheet2!$E:$F, 2, FALSE), "") | ED38: No | EJ38: No | EK38: - | EQ38: =IFERROR(VLOOKUP(EO38&"-"&EP38, Sheet2!$E:$F, 2, FALSE), "") | EV38: =IFERROR(VLOOKUP(ET38&"-"&EU38, Sheet2!$E:$F, 2, FALSE), "") | FC38: No | FD38: - | FI38: =IFERROR(VLOOKUP(FG38&"-"&FH38, Sheet2!$E:$F, 2, FALSE), "") | FL38: No | FT38: =IFERROR(VLOOKUP(FR38&"-"&FS38, Sheet2!$E:$F, 2, FALSE), "") | FZ38: =IFERROR(VLOOKUP(FX38&"-"&FY38, Sheet2!$E:$F, 2, FALSE), "") | GD38: No | GE38: - | GJ38: =IFERROR(VLOOKUP(GH38&"-"&GI38, Sheet2!$E:$F, 2, FALSE), "") | GP38: =IFERROR(VLOOKUP(GN38&"-"&GO38, Sheet2!$E:$F, 2, FALSE), "") | GW38: No | GX38: - | HC38: =IFERROR(VLOOKUP(HA38&"-"&HB38, Sheet2!$E:$F, 2, FALSE), "") | HF38: No | HN38: =IFERROR(VLOOKUP(HL38&"-"&HM38, Sheet2!$E:$F, 2, FALSE), "") | HT38: =IFERROR(VLOOKUP(HR38&"-"&HS38, Sheet2!$E:$F, 2, FALSE), "") | HX38: No | HY38: - | IE38: =IFERROR(VLOOKUP(IC38&"-"&ID38, Sheet2!$E:$F, 2, FALSE), "") | IK38: =IFERROR(VLOOKUP(II38&"-"&IJ38, Sheet2!$E:$F, 2, FALSE), "") | IR38: No | IS38: - | IY38: =IFERROR(VLOOKUP(IW38&"-"&IX38, Sheet2!$E:$F, 2, FALSE), "") | JG38: =IFERROR(VLOOKUP(JE38&"-"&JF38, Sheet2!$E:$F, 2, FALSE), "") | JM38: =IFERROR(VLOOKUP(JK38&"-"&JL38, Sheet2!$E:$F, 2, FALSE), "") | JQ38: No | JR38: - | JX38: =IFERROR(VLOOKUP(JV38&"-"&JW38, Sheet2!$E:$F, 2, FALSE), "") | KD38: =IFERROR(VLOOKUP(KB38&"-"&KC38, Sheet2!$E:$F, 2, FALSE), "") | KK38: No | KL38: - | KR38: =IFERROR(VLOOKUP(KP38&"-"&KQ38, Sheet2!$E:$F, 2, FALSE), "") | KZ38: =IFERROR(VLOOKUP(KX38&"-"&KY38, Sheet2!$E:$F, 2, FALSE), "") | LH38: =IFERROR(VLOOKUP(LF38&"-"&LG38, Sheet2!$E:$F, 2, FALSE), "") | LL38: No | LM38: - | LS38: =IFERROR(VLOOKUP(LQ38&"-"&LR38, Sheet2!$E:$F, 2, FALSE), "") | LY38: =IFERROR(VLOOKUP(LW38&"-"&LX38, Sheet2!$E:$F, 2, FALSE), "") | MD38: No | ME38: - | MK38: =IFERROR(VLOOKUP(MI38&"-"&MJ38, Sheet2!$E:$F, 2, FALSE), "") | MN38: No | MV38: =IFERROR(VLOOKUP(MT38&"-"&MU38, Sheet2!$E:$F, 2, FALSE), "") | NB38: =IFERROR(VLOOKUP(MZ38&"-"&NA38, Sheet2!$E:$F, 2, FALSE), "") | NF38: No | NG38: - | NM38: =IFERROR(VLOOKUP(NK38&"-"&NL38, Sheet2!$E:$F, 2, FALSE), "") | NS38: =IFERROR(VLOOKUP(NQ38&"-"&NR38, Sheet2!$E:$F, 2, FALSE), "") | NX38: No | NY38: - | OE38: =IFERROR(VLOOKUP(OC38&"-"&OD38, Sheet2!$E:$F, 2, FALSE), "") | OH38: No | OP38: =IFERROR(VLOOKUP(ON38&"-"&OO38, Sheet2!$E:$F, 2, FALSE), "") | OV38: =IFERROR(VLOOKUP(OT38&"-"&OU38, Sheet2!$E:$F, 2, FALSE), "") | OZ38: No | PA38: - | PG38: =IFERROR(VLOOKUP(PE38&"-"&PF38, Sheet2!$E:$F, 2, FALSE), "") | PM38: =IFERROR(VLOOKUP(PK38&"-"&PL38, Sheet2!$E:$F, 2, FALSE), "") | PR38: No | PS38: - | PY38: =IFERROR(VLOOKUP(PW38&"-"&PX38, Sheet2!$E:$F, 2, FALSE), "") | QB38: No | QJ38: =IFERROR(VLOOKUP(QH38&"-"&QI38, Sheet2!$E:$F, 2, FALSE), "") | QP38: =IFERROR(VLOOKUP(QN38&"-"&QO38, Sheet2!$E:$F, 2, FALSE), "") | QT38: No | QU38: - | RA38: =IFERROR(VLOOKUP(QY38&"-"&QZ38, Sheet2!$E:$F, 2, FALSE), "") | RG38: =IFERROR(VLOOKUP(RE38&"-"&RF38, Sheet2!$E:$F, 2, FALSE), "")
A39: Earl | B39: Brown | C39: No | D39: - | F39: 100040 | H39: Memorial | M39: =IFERROR(VLOOKUP(K39&"-"&L39, Sheet2!$E:$F, 2, FALSE), "") | N39: IL | O39: Norfolk | P39: 42.1603, -71.2118 | T39: No | AA39: =IFERROR(VLOOKUP(Y39&"-"&Z39, Sheet2!$E:$F, 2, FALSE), "") | AB39: MA | AL39: =IFERROR(VLOOKUP(AJ39&"-"&AK39, Sheet2!$E:$F, 2, FALSE), "") | AP39: No | AQ39: - | AV39: =IFERROR(VLOOKUP(AT39&"-"&AU39, Sheet2!$E:$F, 2, FALSE), "") | BD39: =IFERROR(VLOOKUP(BB39&"-"&BC39, Sheet2!$E:$F, 2, FALSE), "") | BJ39: No | BK39: - | BP39: =IFERROR(VLOOKUP(BN39&"-"&BO39, Sheet2!$E:$F, 2, FALSE), "") | BT39: No | CB39: =IFERROR(VLOOKUP(BZ39&"-"&CA39, Sheet2!$E:$F, 2, FALSE), "") | CH39: =IFERROR(VLOOKUP(CF39&"-"&CG39, Sheet2!$E:$F, 2, FALSE), "") | CL39: No | CM39: - | CR39: =IFERROR(VLOOKUP(CP39&"-"&CQ39, Sheet2!$E:$F, 2, FALSE), "") | CX39: =IFERROR(VLOOKUP(CV39&"-"&CW39, Sheet2!$E:$F, 2, FALSE), "") | DD39: No | DE39: - | DJ39: =IFERROR(VLOOKUP(DH39&"-"&DI39, Sheet2!$E:$F, 2, FALSE), "") | DM39: No | DU39: =IFERROR(VLOOKUP(DS39&"-"&DT39, Sheet2!$E:$F, 2, FALSE), "") | EA39: =IFERROR(VLOOKUP(DY39&"-"&DZ39, Sheet2!$E:$F, 2, FALSE), "") | ED39: No | EJ39: No | EK39: - | EQ39: =IFERROR(VLOOKUP(EO39&"-"&EP39, Sheet2!$E:$F, 2, FALSE), "") | EV39: =IFERROR(VLOOKUP(ET39&"-"&EU39, Sheet2!$E:$F, 2, FALSE), "") | FC39: No | FD39: - | FI39: =IFERROR(VLOOKUP(FG39&"-"&FH39, Sheet2!$E:$F, 2, FALSE), "") | FL39: No | FT39: =IFERROR(VLOOKUP(FR39&"-"&FS39, Sheet2!$E:$F, 2, FALSE), "") | FZ39: =IFERROR(VLOOKUP(FX39&"-"&FY39, Sheet2!$E:$F, 2, FALSE), "") | GD39: No | GE39: - | GJ39: =IFERROR(VLOOKUP(GH39&"-"&GI39, Sheet2!$E:$F, 2, FALSE), "") | GP39: =IFERROR(VLOOKUP(GN39&"-"&GO39, Sheet2!$E:$F, 2, FALSE), "") | GW39: No | GX39: - | HC39: =IFERROR(VLOOKUP(HA39&"-"&HB39, Sheet2!$E:$F, 2, FALSE), "") | HF39: No | HN39: =IFERROR(VLOOKUP(HL39&"-"&HM39, Sheet2!$E:$F, 2, FALSE), "") | HT39: =IFERROR(VLOOKUP(HR39&"-"&HS39, Sheet2!$E:$F, 2, FALSE), "") | HX39: No | HY39: - | IE39: =IFERROR(VLOOKUP(IC39&"-"&ID39, Sheet2!$E:$F, 2, FALSE), "") | IK39: =IFERROR(VLOOKUP(II39&"-"&IJ39, Sheet2!$E:$F, 2, FALSE), "") | IR39: No | IS39: - | IY39: =IFERROR(VLOOKUP(IW39&"-"&IX39, Sheet2!$E:$F, 2, FALSE), "") | JG39: =IFERROR(VLOOKUP(JE39&"-"&JF39, Sheet2!$E:$F, 2, FALSE), "") | JM39: =IFERROR(VLOOKUP(JK39&"-"&JL39, Sheet2!$E:$F, 2, FALSE), "") | JQ39: No | JR39: - | JX39: =IFERROR(VLOOKUP(JV39&"-"&JW39, Sheet2!$E:$F, 2, FALSE), "") | KD39: =IFERROR(VLOOKUP(KB39&"-"&KC39, Sheet2!$E:$F, 2, FALSE), "") | KK39: No | KL39: - | KR39: =IFERROR(VLOOKUP(KP39&"-"&KQ39, Sheet2!$E:$F, 2, FALSE), "") | KZ39: =IFERROR(VLOOKUP(KX39&"-"&KY39, Sheet2!$E:$F, 2, FALSE), "") | LH39: =IFERROR(VLOOKUP(LF39&"-"&LG39, Sheet2!$E:$F, 2, FALSE), "") | LL39: No | LM39: - | LS39: =IFERROR(VLOOKUP(LQ39&"-"&LR39, Sheet2!$E:$F, 2, FALSE), "") | LY39: =IFERROR(VLOOKUP(LW39&"-"&LX39, Sheet2!$E:$F, 2, FALSE), "") | MD39: No | ME39: - | MK39: =IFERROR(VLOOKUP(MI39&"-"&MJ39, Sheet2!$E:$F, 2, FALSE), "") | MN39: No | MV39: =IFERROR(VLOOKUP(MT39&"-"&MU39, Sheet2!$E:$F, 2, FALSE), "") | NB39: =IFERROR(VLOOKUP(MZ39&"-"&NA39, Sheet2!$E:$F, 2, FALSE), "") | NF39: No | NG39: - | NM39: =IFERROR(VLOOKUP(NK39&"-"&NL39, Sheet2!$E:$F, 2, FALSE), "") | NS39: =IFERROR(VLOOKUP(NQ39&"-"&NR39, Sheet2!$E:$F, 2, FALSE), "") | NX39: No | NY39: - | OE39: =IFERROR(VLOOKUP(OC39&"-"&OD39, Sheet2!$E:$F, 2, FALSE), "") | OH39: No | OP39: =IFERROR(VLOOKUP(ON39&"-"&OO39, Sheet2!$E:$F, 2, FALSE), "") | OV39: =IFERROR(VLOOKUP(OT39&"-"&OU39, Sheet2!$E:$F, 2, FALSE), "") | OZ39: No | PA39: - | PG39: =IFERROR(VLOOKUP(PE39&"-"&PF39, Sheet2!$E:$F, 2, FALSE), "") | PM39: =IFERROR(VLOOKUP(PK39&"-"&PL39, Sheet2!$E:$F, 2, FALSE), "") | PR39: No | PS39: - | PY39: =IFERROR(VLOOKUP(PW39&"-"&PX39, Sheet2!$E:$F, 2, FALSE), "") | QB39: No | QJ39: =IFERROR(VLOOKUP(QH39&"-"&QI39, Sheet2!$E:$F, 2, FALSE), "") | QP39: =IFERROR(VLOOKUP(QN39&"-"&QO39, Sheet2!$E:$F, 2, FALSE), "") | QT39: No | QU39: - | RA39: =IFERROR(VLOOKUP(QY39&"-"&QZ39, Sheet2!$E:$F, 2, FALSE), "") | RG39: =IFERROR(VLOOKUP(RE39&"-"&RF39, Sheet2!$E:$F, 2, FALSE), "")
A40: Marie | B40: Howell | C40: No | D40: - | F40: 100041 | H40: Memorial | M40: =IFERROR(VLOOKUP(K40&"-"&L40, Sheet2!$E:$F, 2, FALSE), "") | N40: IL | O40: Norfolk | P40: 42.1603, -71.2118 | T40: No | AA40: =IFERROR(VLOOKUP(Y40&"-"&Z40, Sheet2!$E:$F, 2, FALSE), "") | AB40: MA | AL40: =IFERROR(VLOOKUP(AJ40&"-"&AK40, Sheet2!$E:$F, 2, FALSE), "") | AP40: No | AQ40: - | AV40: =IFERROR(VLOOKUP(AT40&"-"&AU40, Sheet2!$E:$F, 2, FALSE), "") | BD40: =IFERROR(VLOOKUP(BB40&"-"&BC40, Sheet2!$E:$F, 2, FALSE), "") | BJ40: No | BK40: - | BP40: =IFERROR(VLOOKUP(BN40&"-"&BO40, Sheet2!$E:$F, 2, FALSE), "") | BT40: No | CB40: =IFERROR(VLOOKUP(BZ40&"-"&CA40, Sheet2!$E:$F, 2, FALSE), "") | CH40: =IFERROR(VLOOKUP(CF40&"-"&CG40, Sheet2!$E:$F, 2, FALSE), "") | CL40: No | CM40: - | CR40: =IFERROR(VLOOKUP(CP40&"-"&CQ40, Sheet2!$E:$F, 2, FALSE), "") | CX40: =IFERROR(VLOOKUP(CV40&"-"&CW40, Sheet2!$E:$F, 2, FALSE), "") | DD40: No | DE40: - | DJ40: =IFERROR(VLOOKUP(DH40&"-"&DI40, Sheet2!$E:$F, 2, FALSE), "") | DM40: No | DU40: =IFERROR(VLOOKUP(DS40&"-"&DT40, Sheet2!$E:$F, 2, FALSE), "") | EA40: =IFERROR(VLOOKUP(DY40&"-"&DZ40, Sheet2!$E:$F, 2, FALSE), "") | ED40: No | EJ40: No | EK40: - | EQ40: =IFERROR(VLOOKUP(EO40&"-"&EP40, Sheet2!$E:$F, 2, FALSE), "") | EV40: =IFERROR(VLOOKUP(ET40&"-"&EU40, Sheet2!$E:$F, 2, FALSE), "") | FC40: No | FD40: - | FI40: =IFERROR(VLOOKUP(FG40&"-"&FH40, Sheet2!$E:$F, 2, FALSE), "") | FL40: No | FT40: =IFERROR(VLOOKUP(FR40&"-"&FS40, Sheet2!$E:$F, 2, FALSE), "") | FZ40: =IFERROR(VLOOKUP(FX40&"-"&FY40, Sheet2!$E:$F, 2, FALSE), "") | GD40: No | GE40: - | GJ40: =IFERROR(VLOOKUP(GH40&"-"&GI40, Sheet2!$E:$F, 2, FALSE), "") | GP40: =IFERROR(VLOOKUP(GN40&"-"&GO40, Sheet2!$E:$F, 2, FALSE), "") | GW40: No | GX40: - | HC40: =IFERROR(VLOOKUP(HA40&"-"&HB40, Sheet2!$E:$F, 2, FALSE), "") | HF40: No | HN40: =IFERROR(VLOOKUP(HL40&"-"&HM40, Sheet2!$E:$F, 2, FALSE), "") | HT40: =IFERROR(VLOOKUP(HR40&"-"&HS40, Sheet2!$E:$F, 2, FALSE), "") | HX40: No | HY40: - | IE40: =IFERROR(VLOOKUP(IC40&"-"&ID40, Sheet2!$E:$F, 2, FALSE), "") | IK40: =IFERROR(VLOOKUP(II40&"-"&IJ40, Sheet2!$E:$F, 2, FALSE), "") | IR40: No | IS40: - | IY40: =IFERROR(VLOOKUP(IW40&"-"&IX40, Sheet2!$E:$F, 2, FALSE), "") | JG40: =IFERROR(VLOOKUP(JE40&"-"&JF40, Sheet2!$E:$F, 2, FALSE), "") | JM40: =IFERROR(VLOOKUP(JK40&"-"&JL40, Sheet2!$E:$F, 2, FALSE), "") | JQ40: No | JR40: - | JX40: =IFERROR(VLOOKUP(JV40&"-"&JW40, Sheet2!$E:$F, 2, FALSE), "") | KD40: =IFERROR(VLOOKUP(KB40&"-"&KC40, Sheet2!$E:$F, 2, FALSE), "") | KK40: No | KL40: - | KR40: =IFERROR(VLOOKUP(KP40&"-"&KQ40, Sheet2!$E:$F, 2, FALSE), "") | KZ40: =IFERROR(VLOOKUP(KX40&"-"&KY40, Sheet2!$E:$F, 2, FALSE), "") | LH40: =IFERROR(VLOOKUP(LF40&"-"&LG40, Sheet2!$E:$F, 2, FALSE), "") | LL40: No | LM40: - | LS40: =IFERROR(VLOOKUP(LQ40&"-"&LR40, Sheet2!$E:$F, 2, FALSE), "") | LY40: =IFERROR(VLOOKUP(LW40&"-"&LX40, Sheet2!$E:$F, 2, FALSE), "") | MD40: No | ME40: - | MK40: =IFERROR(VLOOKUP(MI40&"-"&MJ40, Sheet2!$E:$F, 2, FALSE), "") | MN40: No | MV40: =IFERROR(VLOOKUP(MT40&"-"&MU40, Sheet2!$E:$F, 2, FALSE), "") | NB40: =IFERROR(VLOOKUP(MZ40&"-"&NA40, Sheet2!$E:$F, 2, FALSE), "") | NF40: No | NG40: - | NM40: =IFERROR(VLOOKUP(NK40&"-"&NL40, Sheet2!$E:$F, 2, FALSE), "") | NS40: =IFERROR(VLOOKUP(NQ40&"-"&NR40, Sheet2!$E:$F, 2, FALSE), "") | NX40: No | NY40: - | OE40: =IFERROR(VLOOKUP(OC40&"-"&OD40, Sheet2!$E:$F, 2, FALSE), "") | OH40: No | OP40: =IFERROR(VLOOKUP(ON40&"-"&OO40, Sheet2!$E:$F, 2, FALSE), "") | OV40: =IFERROR(VLOOKUP(OT40&"-"&OU40, Sheet2!$E:$F, 2, FALSE), "") | OZ40: No | PA40: - | PG40: =IFERROR(VLOOKUP(PE40&"-"&PF40, Sheet2!$E:$F, 2, FALSE), "") | PM40: =IFERROR(VLOOKUP(PK40&"-"&PL40, Sheet2!$E:$F, 2, FALSE), "") | PR40: No | PS40: - | PY40: =IFERROR(VLOOKUP(PW40&"-"&PX40, Sheet2!$E:$F, 2, FALSE), "") | QB40: No | QJ40: =IFERROR(VLOOKUP(QH40&"-"&QI40, Sheet2!$E:$F, 2, FALSE), "") | QP40: =IFERROR(VLOOKUP(QN40&"-"&QO40, Sheet2!$E:$F, 2, FALSE), "") | QT40: No | QU40: - | RA40: =IFERROR(VLOOKUP(QY40&"-"&QZ40, Sheet2!$E:$F, 2, FALSE), "") | RG40: =IFERROR(VLOOKUP(RE40&"-"&RF40, Sheet2!$E:$F, 2, FALSE), "")
A41: Daniel Lee | B41: Best | C41: No | D41: - | F41: 100042 | H41: Memorial | M41: =IFERROR(VLOOKUP(K41&"-"&L41, Sheet2!$E:$F, 2, FALSE), "") | N41: IL | O41: Norfolk | P41: 42.1603, -71.2118 | T41: No | AA41: =IFERROR(VLOOKUP(Y41&"-"&Z41, Sheet2!$E:$F, 2, FALSE), "") | AB41: MA | AL41: =IFERROR(VLOOKUP(AJ41&"-"&AK41, Sheet2!$E:$F, 2, FALSE), "") | AP41: No | AQ41: - | AV41: =IFERROR(VLOOKUP(AT41&"-"&AU41, Sheet2!$E:$F, 2, FALSE), "") | BD41: =IFERROR(VLOOKUP(BB41&"-"&BC41, Sheet2!$E:$F, 2, FALSE), "") | BJ41: No | BK41: - | BP41: =IFERROR(VLOOKUP(BN41&"-"&BO41, Sheet2!$E:$F, 2, FALSE), "") | BT41: No | CB41: =IFERROR(VLOOKUP(BZ41&"-"&CA41, Sheet2!$E:$F, 2, FALSE), "") | CH41: =IFERROR(VLOOKUP(CF41&"-"&CG41, Sheet2!$E:$F, 2, FALSE), "") | CL41: No | CM41: - | CR41: =IFERROR(VLOOKUP(CP41&"-"&CQ41, Sheet2!$E:$F, 2, FALSE), "") | CX41: =IFERROR(VLOOKUP(CV41&"-"&CW41, Sheet2!$E:$F, 2, FALSE), "") | DD41: No | DE41: - | DJ41: =IFERROR(VLOOKUP(DH41&"-"&DI41, Sheet2!$E:$F, 2, FALSE), "") | DM41: No | DU41: =IFERROR(VLOOKUP(DS41&"-"&DT41, Sheet2!$E:$F, 2, FALSE), "") | EA41: =IFERROR(VLOOKUP(DY41&"-"&DZ41, Sheet2!$E:$F, 2, FALSE), "") | ED41: No | EJ41: No | EK41: - | EQ41: =IFERROR(VLOOKUP(EO41&"-"&EP41, Sheet2!$E:$F, 2, FALSE), "") | EV41: =IFERROR(VLOOKUP(ET41&"-"&EU41, Sheet2!$E:$F, 2, FALSE), "") | FC41: No | FD41: - | FI41: =IFERROR(VLOOKUP(FG41&"-"&FH41, Sheet2!$E:$F, 2, FALSE), "") | FL41: No | FT41: =IFERROR(VLOOKUP(FR41&"-"&FS41, Sheet2!$E:$F, 2, FALSE), "") | FZ41: =IFERROR(VLOOKUP(FX41&"-"&FY41, Sheet2!$E:$F, 2, FALSE), "") | GD41: No | GE41: - | GJ41: =IFERROR(VLOOKUP(GH41&"-"&GI41, Sheet2!$E:$F, 2, FALSE), "") | GP41: =IFERROR(VLOOKUP(GN41&"-"&GO41, Sheet2!$E:$F, 2, FALSE), "") | GW41: No | GX41: - | HC41: =IFERROR(VLOOKUP(HA41&"-"&HB41, Sheet2!$E:$F, 2, FALSE), "") | HF41: No | HN41: =IFERROR(VLOOKUP(HL41&"-"&HM41, Sheet2!$E:$F, 2, FALSE), "") | HT41: =IFERROR(VLOOKUP(HR41&"-"&HS41, Sheet2!$E:$F, 2, FALSE), "") | HX41: No | HY41: - | IE41: =IFERROR(VLOOKUP(IC41&"-"&ID41, Sheet2!$E:$F, 2, FALSE), "") | IK41: =IFERROR(VLOOKUP(II41&"-"&IJ41, Sheet2!$E:$F, 2, FALSE), "") | IR41: No | IS41: - | IY41: =IFERROR(VLOOKUP(IW41&"-"&IX41, Sheet2!$E:$F, 2, FALSE), "") | JG41: =IFERROR(VLOOKUP(JE41&"-"&JF41, Sheet2!$E:$F, 2, FALSE), "") | JM41: =IFERROR(VLOOKUP(JK41&"-"&JL41, Sheet2!$E:$F, 2, FALSE), "") | JQ41: No | JR41: - | JX41: =IFERROR(VLOOKUP(JV41&"-"&JW41, Sheet2!$E:$F, 2, FALSE), "") | KD41: =IFERROR(VLOOKUP(KB41&"-"&KC41, Sheet2!$E:$F, 2, FALSE), "") | KK41: No | KL41: - | KR41: =IFERROR(VLOOKUP(KP41&"-"&KQ41, Sheet2!$E:$F, 2, FALSE), "") | KZ41: =IFERROR(VLOOKUP(KX41&"-"&KY41, Sheet2!$E:$F, 2, FALSE), "") | LH41: =IFERROR(VLOOKUP(LF41&"-"&LG41, Sheet2!$E:$F, 2, FALSE), "") | LL41: No | LM41: - | LS41: =IFERROR(VLOOKUP(LQ41&"-"&LR41, Sheet2!$E:$F, 2, FALSE), "") | LY41: =IFERROR(VLOOKUP(LW41&"-"&LX41, Sheet2!$E:$F, 2, FALSE), "") | MD41: No | ME41: - | MK41: =IFERROR(VLOOKUP(MI41&"-"&MJ41, Sheet2!$E:$F, 2, FALSE), "") | MN41: No | MV41: =IFERROR(VLOOKUP(MT41&"-"&MU41, Sheet2!$E:$F, 2, FALSE), "") | NB41: =IFERROR(VLOOKUP(MZ41&"-"&NA41, Sheet2!$E:$F, 2, FALSE), "") | NF41: No | NG41: - | NM41: =IFERROR(VLOOKUP(NK41&"-"&NL41, Sheet2!$E:$F, 2, FALSE), "") | NS41: =IFERROR(VLOOKUP(NQ41&"-"&NR41, Sheet2!$E:$F, 2, FALSE), "") | NX41: No | NY41: - | OE41: =IFERROR(VLOOKUP(OC41&"-"&OD41, Sheet2!$E:$F, 2, FALSE), "") | OH41: No | OP41: =IFERROR(VLOOKUP(ON41&"-"&OO41, Sheet2!$E:$F, 2, FALSE), "") | OV41: =IFERROR(VLOOKUP(OT41&"-"&OU41, Sheet2!$E:$F, 2, FALSE), "") | OZ41: No | PA41: - | PG41: =IFERROR(VLOOKUP(PE41&"-"&PF41, Sheet2!$E:$F, 2, FALSE), "") | PM41: =IFERROR(VLOOKUP(PK41&"-"&PL41, Sheet2!$E:$F, 2, FALSE), "") | PR41: No | PS41: - | PY41: =IFERROR(VLOOKUP(PW41&"-"&PX41, Sheet2!$E:$F, 2, FALSE), "") | QB41: No | QJ41: =IFERROR(VLOOKUP(QH41&"-"&QI41, Sheet2!$E:$F, 2, FALSE), "") | QP41: =IFERROR(VLOOKUP(QN41&"-"&QO41, Sheet2!$E:$F, 2, FALSE), "") | QT41: No | QU41: - | RA41: =IFERROR(VLOOKUP(QY41&"-"&QZ41, Sheet2!$E:$F, 2, FALSE), "") | RG41: =IFERROR(VLOOKUP(RE41&"-"&RF41, Sheet2!$E:$F, 2, FALSE), "")
A42: Robbie | B42: Best | C42: No | D42: - | F42: 100043 | H42: Memorial | M42: =IFERROR(VLOOKUP(K42&"-"&L42, Sheet2!$E:$F, 2, FALSE), "") | N42: IL | O42: Norfolk | P42: 42.1603, -71.2118 | T42: No | AA42: =IFERROR(VLOOKUP(Y42&"-"&Z42, Sheet2!$E:$F, 2, FALSE), "") | AB42: MA | AL42: =IFERROR(VLOOKUP(AJ42&"-"&AK42, Sheet2!$E:$F, 2, FALSE), "") | AP42: No | AQ42: - | AV42: =IFERROR(VLOOKUP(AT42&"-"&AU42, Sheet2!$E:$F, 2, FALSE), "") | BD42: =IFERROR(VLOOKUP(BB42&"-"&BC42, Sheet2!$E:$F, 2, FALSE), "") | BJ42: No | BK42: - | BP42: =IFERROR(VLOOKUP(BN42&"-"&BO42, Sheet2!$E:$F, 2, FALSE), "") | BT42: No | CB42: =IFERROR(VLOOKUP(BZ42&"-"&CA42, Sheet2!$E:$F, 2, FALSE), "") | CH42: =IFERROR(VLOOKUP(CF42&"-"&CG42, Sheet2!$E:$F, 2, FALSE), "") | CL42: No | CM42: - | CR42: =IFERROR(VLOOKUP(CP42&"-"&CQ42, Sheet2!$E:$F, 2, FALSE), "") | CX42: =IFERROR(VLOOKUP(CV42&"-"&CW42, Sheet2!$E:$F, 2, FALSE), "") | DD42: No | DE42: - | DJ42: =IFERROR(VLOOKUP(DH42&"-"&DI42, Sheet2!$E:$F, 2, FALSE), "") | DM42: No | DU42: =IFERROR(VLOOKUP(DS42&"-"&DT42, Sheet2!$E:$F, 2, FALSE), "") | EA42: =IFERROR(VLOOKUP(DY42&"-"&DZ42, Sheet2!$E:$F, 2, FALSE), "") | ED42: No | EJ42: No | EK42: - | EQ42: =IFERROR(VLOOKUP(EO42&"-"&EP42, Sheet2!$E:$F, 2, FALSE), "") | EV42: =IFERROR(VLOOKUP(ET42&"-"&EU42, Sheet2!$E:$F, 2, FALSE), "") | FC42: No | FD42: - | FI42: =IFERROR(VLOOKUP(FG42&"-"&FH42, Sheet2!$E:$F, 2, FALSE), "") | FL42: No | FT42: =IFERROR(VLOOKUP(FR42&"-"&FS42, Sheet2!$E:$F, 2, FALSE), "") | FZ42: =IFERROR(VLOOKUP(FX42&"-"&FY42, Sheet2!$E:$F, 2, FALSE), "") | GD42: No | GE42: - | GJ42: =IFERROR(VLOOKUP(GH42&"-"&GI42, Sheet2!$E:$F, 2, FALSE), "") | GP42: =IFERROR(VLOOKUP(GN42&"-"&GO42, Sheet2!$E:$F, 2, FALSE), "") | GW42: No | GX42: - | HC42: =IFERROR(VLOOKUP(HA42&"-"&HB42, Sheet2!$E:$F, 2, FALSE), "") | HF42: No | HN42: =IFERROR(VLOOKUP(HL42&"-"&HM42, Sheet2!$E:$F, 2, FALSE), "") | HT42: =IFERROR(VLOOKUP(HR42&"-"&HS42, Sheet2!$E:$F, 2, FALSE), "") | HX42: No | HY42: - | IE42: =IFERROR(VLOOKUP(IC42&"-"&ID42, Sheet2!$E:$F, 2, FALSE), "") | IK42: =IFERROR(VLOOKUP(II42&"-"&IJ42, Sheet2!$E:$F, 2, FALSE), "") | IR42: No | IS42: - | IY42: =IFERROR(VLOOKUP(IW42&"-"&IX42, Sheet2!$E:$F, 2, FALSE), "") | JG42: =IFERROR(VLOOKUP(JE42&"-"&JF42, Sheet2!$E:$F, 2, FALSE), "") | JM42: =IFERROR(VLOOKUP(JK42&"-"&JL42, Sheet2!$E:$F, 2, FALSE), "") | JQ42: No | JR42: - | JX42: =IFERROR(VLOOKUP(JV42&"-"&JW42, Sheet2!$E:$F, 2, FALSE), "") | KD42: =IFERROR(VLOOKUP(KB42&"-"&KC42, Sheet2!$E:$F, 2, FALSE), "") | KK42: No | KL42: - | KR42: =IFERROR(VLOOKUP(KP42&"-"&KQ42, Sheet2!$E:$F, 2, FALSE), "") | KZ42: =IFERROR(VLOOKUP(KX42&"-"&KY42, Sheet2!$E:$F, 2, FALSE), "") | LH42: =IFERROR(VLOOKUP(LF42&"-"&LG42, Sheet2!$E:$F, 2, FALSE), "") | LL42: No | LM42: - | LS42: =IFERROR(VLOOKUP(LQ42&"-"&LR42, Sheet2!$E:$F, 2, FALSE), "") | LY42: =IFERROR(VLOOKUP(LW42&"-"&LX42, Sheet2!$E:$F, 2, FALSE), "") | MD42: No | ME42: - | MK42: =IFERROR(VLOOKUP(MI42&"-"&MJ42, Sheet2!$E:$F, 2, FALSE), "") | MN42: No | MV42: =IFERROR(VLOOKUP(MT42&"-"&MU42, Sheet2!$E:$F, 2, FALSE), "") | NB42: =IFERROR(VLOOKUP(MZ42&"-"&NA42, Sheet2!$E:$F, 2, FALSE), "") | NF42: No | NG42: - | NM42: =IFERROR(VLOOKUP(NK42&"-"&NL42, Sheet2!$E:$F, 2, FALSE), "") | NS42: =IFERROR(VLOOKUP(NQ42&"-"&NR42, Sheet2!$E:$F, 2, FALSE), "") | NX42: No | NY42: - | OE42: =IFERROR(VLOOKUP(OC42&"-"&OD42, Sheet2!$E:$F, 2, FALSE), "") | OH42: No | OP42: =IFERROR(VLOOKUP(ON42&"-"&OO42, Sheet2!$E:$F, 2, FALSE), "") | OV42: =IFERROR(VLOOKUP(OT42&"-"&OU42, Sheet2!$E:$F, 2, FALSE), "") | OZ42: No | PA42: - | PG42: =IFERROR(VLOOKUP(PE42&"-"&PF42, Sheet2!$E:$F, 2, FALSE), "") | PM42: =IFERROR(VLOOKUP(PK42&"-"&PL42, Sheet2!$E:$F, 2, FALSE), "") | PR42: No | PS42: - | PY42: =IFERROR(VLOOKUP(PW42&"-"&PX42, Sheet2!$E:$F, 2, FALSE), "") | QB42: No | QJ42: =IFERROR(VLOOKUP(QH42&"-"&QI42, Sheet2!$E:$F, 2, FALSE), "") | QP42: =IFERROR(VLOOKUP(QN42&"-"&QO42, Sheet2!$E:$F, 2, FALSE), "") | QT42: No | QU42: - | RA42: =IFERROR(VLOOKUP(QY42&"-"&QZ42, Sheet2!$E:$F, 2, FALSE), "") | RG42: =IFERROR(VLOOKUP(RE42&"-"&RF42, Sheet2!$E:$F, 2, FALSE), "")
A43: Grace | B43: Jackson | C43: No | D43: - | F43: 100044 | H43: Memorial | M43: =IFERROR(VLOOKUP(K43&"-"&L43, Sheet2!$E:$F, 2, FALSE), "") | N43: IL | O43: Norfolk | P43: 42.1603, -71.2118 | T43: No | AA43: =IFERROR(VLOOKUP(Y43&"-"&Z43, Sheet2!$E:$F, 2, FALSE), "") | AB43: MA | AL43: =IFERROR(VLOOKUP(AJ43&"-"&AK43, Sheet2!$E:$F, 2, FALSE), "") | AP43: No | AQ43: - | AV43: =IFERROR(VLOOKUP(AT43&"-"&AU43, Sheet2!$E:$F, 2, FALSE), "") | BD43: =IFERROR(VLOOKUP(BB43&"-"&BC43, Sheet2!$E:$F, 2, FALSE), "") | BJ43: No | BK43: - | BP43: =IFERROR(VLOOKUP(BN43&"-"&BO43, Sheet2!$E:$F, 2, FALSE), "") | BT43: No | CB43: =IFERROR(VLOOKUP(BZ43&"-"&CA43, Sheet2!$E:$F, 2, FALSE), "") | CH43: =IFERROR(VLOOKUP(CF43&"-"&CG43, Sheet2!$E:$F, 2, FALSE), "") | CL43: No | CM43: - | CR43: =IFERROR(VLOOKUP(CP43&"-"&CQ43, Sheet2!$E:$F, 2, FALSE), "") | CX43: =IFERROR(VLOOKUP(CV43&"-"&CW43, Sheet2!$E:$F, 2, FALSE), "") | DD43: No | DE43: - | DJ43: =IFERROR(VLOOKUP(DH43&"-"&DI43, Sheet2!$E:$F, 2, FALSE), "") | DM43: No | DU43: =IFERROR(VLOOKUP(DS43&"-"&DT43, Sheet2!$E:$F, 2, FALSE), "") | EA43: =IFERROR(VLOOKUP(DY43&"-"&DZ43, Sheet2!$E:$F, 2, FALSE), "") | ED43: No | EJ43: No | EK43: - | EQ43: =IFERROR(VLOOKUP(EO43&"-"&EP43, Sheet2!$E:$F, 2, FALSE), "") | EV43: =IFERROR(VLOOKUP(ET43&"-"&EU43, Sheet2!$E:$F, 2, FALSE), "") | FC43: No | FD43: - | FI43: =IFERROR(VLOOKUP(FG43&"-"&FH43, Sheet2!$E:$F, 2, FALSE), "") | FL43: No | FT43: =IFERROR(VLOOKUP(FR43&"-"&FS43, Sheet2!$E:$F, 2, FALSE), "") | FZ43: =IFERROR(VLOOKUP(FX43&"-"&FY43, Sheet2!$E:$F, 2, FALSE), "") | GD43: No | GE43: - | GJ43: =IFERROR(VLOOKUP(GH43&"-"&GI43, Sheet2!$E:$F, 2, FALSE), "") | GP43: =IFERROR(VLOOKUP(GN43&"-"&GO43, Sheet2!$E:$F, 2, FALSE), "") | GW43: No | GX43: - | HC43: =IFERROR(VLOOKUP(HA43&"-"&HB43, Sheet2!$E:$F, 2, FALSE), "") | HF43: No | HN43: =IFERROR(VLOOKUP(HL43&"-"&HM43, Sheet2!$E:$F, 2, FALSE), "") | HT43: =IFERROR(VLOOKUP(HR43&"-"&HS43, Sheet2!$E:$F, 2, FALSE), "") | HX43: No | HY43: - | IE43: =IFERROR(VLOOKUP(IC43&"-"&ID43, Sheet2!$E:$F, 2, FALSE), "") | IK43: =IFERROR(VLOOKUP(II43&"-"&IJ43, Sheet2!$E:$F, 2, FALSE), "") | IR43: No | IS43: - | IY43: =IFERROR(VLOOKUP(IW43&"-"&IX43, Sheet2!$E:$F, 2, FALSE), "") | JG43: =IFERROR(VLOOKUP(JE43&"-"&JF43, Sheet2!$E:$F, 2, FALSE), "") | JM43: =IFERROR(VLOOKUP(JK43&"-"&JL43, Sheet2!$E:$F, 2, FALSE), "") | JQ43: No | JR43: - | JX43: =IFERROR(VLOOKUP(JV43&"-"&JW43, Sheet2!$E:$F, 2, FALSE), "") | KD43: =IFERROR(VLOOKUP(KB43&"-"&KC43, Sheet2!$E:$F, 2, FALSE), "") | KK43: No | KL43: - | KR43: =IFERROR(VLOOKUP(KP43&"-"&KQ43, Sheet2!$E:$F, 2, FALSE), "") | KZ43: =IFERROR(VLOOKUP(KX43&"-"&KY43, Sheet2!$E:$F, 2, FALSE), "") | LH43: =IFERROR(VLOOKUP(LF43&"-"&LG43, Sheet2!$E:$F, 2, FALSE), "") | LL43: No | LM43: - | LS43: =IFERROR(VLOOKUP(LQ43&"-"&LR43, Sheet2!$E:$F, 2, FALSE), "") | LY43: =IFERROR(VLOOKUP(LW43&"-"&LX43, Sheet2!$E:$F, 2, FALSE), "") | MD43: No | ME43: - | MK43: =IFERROR(VLOOKUP(MI43&"-"&MJ43, Sheet2!$E:$F, 2, FALSE), "") | MN43: No | MV43: =IFERROR(VLOOKUP(MT43&"-"&MU43, Sheet2!$E:$F, 2, FALSE), "") | NB43: =IFERROR(VLOOKUP(MZ43&"-"&NA43, Sheet2!$E:$F, 2, FALSE), "") | NF43: No | NG43: - | NM43: =IFERROR(VLOOKUP(NK43&"-"&NL43, Sheet2!$E:$F, 2, FALSE), "") | NS43: =IFERROR(VLOOKUP(NQ43&"-"&NR43, Sheet2!$E:$F, 2, FALSE), "") | NX43: No | NY43: - | OE43: =IFERROR(VLOOKUP(OC43&"-"&OD43, Sheet2!$E:$F, 2, FALSE), "") | OH43: No | OP43: =IFERROR(VLOOKUP(ON43&"-"&OO43, Sheet2!$E:$F, 2, FALSE), "") | OV43: =IFERROR(VLOOKUP(OT43&"-"&OU43, Sheet2!$E:$F, 2, FALSE), "") | OZ43: No | PA43: - | PG43: =IFERROR(VLOOKUP(PE43&"-"&PF43, Sheet2!$E:$F, 2, FALSE), "") | PM43: =IFERROR(VLOOKUP(PK43&"-"&PL43, Sheet2!$E:$F, 2, FALSE), "") | PR43: No | PS43: - | PY43: =IFERROR(VLOOKUP(PW43&"-"&PX43, Sheet2!$E:$F, 2, FALSE), "") | QB43: No | QJ43: =IFERROR(VLOOKUP(QH43&"-"&QI43, Sheet2!$E:$F, 2, FALSE), "") | QP43: =IFERROR(VLOOKUP(QN43&"-"&QO43, Sheet2!$E:$F, 2, FALSE), "") | QT43: No | QU43: - | RA43: =IFERROR(VLOOKUP(QY43&"-"&QZ43, Sheet2!$E:$F, 2, FALSE), "") | RG43: =IFERROR(VLOOKUP(RE43&"-"&RF43, Sheet2!$E:$F, 2, FALSE), "")
